category_id	question	answer_category_id
1	11월23일에접수한게아직도 답변이 없는건 왜그런가요\n무슨 친절하게 빠른 답변이신지\n디즈니 웨이브 티빙3권 구매하려면어떻게해야하나요?	1
1	PC에서만 결제 가능한가요?	23
1	TV 앱에서는 구매가 안 되나요?	2
1	이용권 구매를 하고싶은데 개별 구매가 안되요	1
1	이용권 구매 문의	1
1	이용권 구매방법 좀 알려주세요	1
1	더블 이용권 구매 방법을 알려주시기 바랍니다.	1
1	더블 이용권을 구매하고 싶은데 중복으로 결제 함.	1
1	더블 티빙하고같이 나오는. 이용권을 구매하고 십은데 어떡해하나요?	1
1	더블이용권 구매 방법 알려주세요	1
1	더블이용권 구매하려구요	1
1	더블이용권 지금도 구매 가능한가요??\n금액은 어디서 확인 하나요??	1
1	디즈니 웨이브 티빙 3개 묶음 번들 구매하고 싶은데요	1
1	무료로 보는 영화보고  \n보고싶어 영화를 돈내고   영화보고싶어요\n돈내고 영화를 7일이나   영구적으로 아예  사려고한다면  어떻게  결제할까요?\n1번\n컴퓨터  pc로  웨이브의 아이디.  비밀번호 입력후에   어떻게 결제하나요?\n2번\n핸드폰으로  네이버나  다음  어플들어가서\n웨이브 홈페이지가서    아이디. 비밀번호 업력후\n원하는 영화를  결제하는 방법 알려주세요\n3번\n결제할때  카드만되나요?  아님  카드.  핸드폰의\n소액결제.  기타등등 잇나요?	1
1	스마트TV에서 바로 결제할 수 있나요?	1
1	앱에서 이용권 구매 버튼이 안 보여요.	1
1	앱이랑 홈페이지 중 어디서 이용권 결제해야 하나요?	1
1	연간권은 없나요?	1
1	연간이용권 해지하고\n웨이브 x 티빙 더블이용권 이용하려하는데\n어디서 구매해야하나요?	1
1	영화구매 어떻게 하나요?	1
1	웨이브 이용권은 어디서 구매하나요?	1
1	웨이브, 티빙 다 정기 구독중인데 더블이용권 구매하려면 어떻게 하나요?	1
1	웨이브. 티빙 같이 보려면 어떻게 결제 하면 되나요?	46
1	웨이브+티빙 더블구매이용권은 어떻게 구매하나요?	1
1	이용권 구매	1
1	이용권 구매 관련	1
1	이용권 구매 문의	1
1	티빙 웨이브 같이 되는.더블이용규ㅓㄴ을 구매하고 싶어요\n어떻게 가입할수있나요? 이용권 목록에는 더블이용권이 따로 보이지가 않아서요	1
1	티빙 웨이브 더블이용권 구매는 어떻게하나요? 이용권 구매에 메뉴가 없는데요	1
1	티빙과 더블이용권 구매하고 싶습니다.\n현재.12개월 웨이브 이용권 이용중이고요.	1
1	프로모션 이용권은 어디서 구매하나요?	1
1	현재 웨이브 스탠다드 연간권으로 이용중입니다. 더블스탠다드로 이용하고싶은데 아이튠즈로 구독중이라 어떻게 결제해야하는지 모르겠습니다. 아이튠즈 구독권에는 더블구독은 옶는데 어떻게 변경하나요?	1
1	휴대폰으로도 이용권 구매 가능한가요?	1
2	11.4 원래 사용중이던 웨이브 계정으로 \n자동결제후에 사용했는데 \n갑자기 밤에 들어가려고 하니깐 로그아웃이 되어 있었고\n로그인 하려 하니 이런 계정은 없다고 자꾸 떠요\n혹시 몰라 아이디 비번 찾기도 했는데 이런 이용자는 없다고 나오는데 제가 결제한 9000원어떻게되는건가요?\n\n아니면 제가 쓰던 계정을 다시 찾아주세요	2
2	9월 30일 웨이브&티빙 더블 slim 7,900원을 결제하였는데, 가입된 이용권이 조회되지 않아 시용을 못하고 있습니다.	2
2	pc는 되는데 모바일이 로그인이 안됩니다.	2
2	pc로 이용권을 먼저 구매하고 \n나중에 폰으로 로그인해서 사용할려 하니까 이용권이 안뜨네요. 확인부탁드립니다.	2
2	SKT T플랜 맥스 요금제로 웨이브를 잘 이용하고 있었는데, 언제부터인지 SKT로 로그인을 해도 볼 수가 없습니다.	2
2	sk텔레콤 웨이브앤데이터 이용고객입니다. 로그아웃후 재로그인 이후 웨이브를 시청할 수 없네요 확인 부탁드립니다	2
2	TV 로그인안됨	2
2	T멤버십 으로 더블 이용권 구매를 했고 요금이 인출 됐습니다\n그러나 여전히 이용권을 구매하란 멘트가 나옵니다	1
2	T우주 결제완료 웨이브 제결하라고 나옴	2
2	T우주패스이용 중인데 TV로그인하고싶은데 비밀번호를 모르겠어서 찾아봐도 정보가 안뜬다고 나와서요 . 비밀번호를 알고싶어요.	2
2	wavve 아이디 jumpcc 로 더블스탠다드정기권 사용중입니다. 조금전[11월12일] 이메일로 승인번호를 뱓아서 비밀번호 재설정하고 로그인 하라는 내용을 들었습니다. 문제는 wavve에 저장된 메일 아이디  jumpcccc 라는 아이디가 지금 사용하지않는 과거의 아이디라서 wavve에서 승인번호를 받을수 없다는 겄입니다. 지금사용중인 jumppc 라는 아이디로 승인번호를 발송해야  비밀번호 재설정하고 로그인 할수  있습니다. 부디 jumppc 로 승인번호 발송 부탁합니다.	2
2	갑자기 미리보기만 나옵니다.\n고객센터는 연결이 안되고\n빠른 답변부탁합니다	2
2	결재 내역은있는데 워이브 시청이안되요	2
2	결재되어있는데.방송이안나와요	2
2	결재했는데 계속 이용권 구매가 뜹니다	2
2	결제 경로는 웨이브를 통해서 구글 결제를 하였습니다\n아무리 찾아봐도 웨이브랑 연결된 아이디를 찾을수는 없고 몇달째 글냥 방치가 되고 있습니다.\n구글아이디: intesunhee0515\n구입일: 25.06.18\n결제금액: 160.000 입니다\n현제 구글에서 제결제 정지해둔 상태입니다\n아이디를 구글에서 찾는게 아니라 웨이브에서 찾을수 있도록 도움을 주셔야 하는게 맞는것 같아요\n웨이브르 통해서 구글 결제를 한거고 아이디가 사라진거라......	2
2	결제가 매달 나가고있는데 이용이안되네요	2
2	결제하고 보려니까 로그인하라고해서 로그인했는데 구매내역에서 안보이네요	2
2	계속 t 아이디로 사용중입니다.\n어제 접속하려니 이용권등록이 계속뜨는데 확인요청드립니다	2
2	계속 시도해도 안되요	2
2	계속 시청 중이던 TV 에 갑자기 로그인이 안됩니다,,	2
2	계정생성 시 이메일 주소 잘 못 기재....인증코드 못 받음\n비밀번호 재설정 불가....빠른 확인요청 드립니다	2
2	광고형 가입했는데 연동이 안됩니다 해결바랍니다	2
2	광고형 스탠다드 요금제 결제하고 예능 보려는데 미리보기만 되네요	2
2	구독 했는데 갑자기 로그아웃이 되버리고 로그인이 안됩니다	2
2	구독은 되어 있는데 왜 이용할수가 없나요	2
2	구매권 구매했는데 사용안됨	2
2	구매권 구입한  사람인데요\n갑자기  들어가려니까   안들어가져요\n다시  구매하라고  나오고요\n돈은  빠져나갔고요\n어떻게 된건가요?	2
2	구매한거같은데 안돼요	2
2	기존  쓰던 폰에  무료 쓰고 있다가\n폰 바꾸고 안되고 \n114 문의 하니 처음 개통할때 카카오톡으로 계정  되어 있다고 하는데 \n카카오톡 지우고 새로 계정 했고 \n현재 네이버로 되어 있다고 함\n예전 카카오톡 아이디 비번 몰라서 문의 합니다	2
2	기존엔 자동로그인으로 들어가 드라마를 시청하고 있었는데 어제 자동로그인이 되지 않아 아이디와 비밀번호로 로그인을 했는데 기존에 보던 드라마를 이어서보기가 않됩니다.\n아이디 찾기하면 등록된 회원이 아니라고 나와 새로 가입을 했습니다.	2
2	다시 결제를 해야되나요? 어떻게 되는간기오 \n네이버로 로그인해도 결제하라고 하는데 어떻게 된건가요?	2
2	더블 프리미엄 구독중인데 웨이브에서 네이버로 로그인을 했는데 이용중인 구독이 없다고 나옵니다.	2
2	로그아옷이 되버렸네요	46
2	로그아웃을했는데기존이용권사용중인아이디랑비밀번호를몰라서접속을못하고있어요\n빠른답변부탁합니다	2
2	로그아웃했는데기존에사용중아이디랑비번을모르겠어요	2
2	로그인 하려고하면 입력하신 정보에 해당하는 계정을 찾을수 없습니다.\n이렇게 나오네요	2
2	로그인이 안되어 회원정보 찾기해도 안나옵니다	2
2	몇일 전부터 로그인이 되지 않습니다 \n그런데 너무 예전 가입한 거라 이메일도 까먹고 (아마 예전이메일이면 삭재해서 지금은 안쓰는 메일입니다)\n휴대폰도 2번 바꿔서 번호로도 제 아이디를 찾을 수 없습니다 \n\n매번 집에서만 공기계로 봐오던 wavve 인데 이런 경우 어떻게 해야하나요 \n\n매번 공기계 와이파이로 켜서 바로바로 봐오던 거라 어디 정리를 하지 않았습니다	2
2	방송이용권 스탠다드 결제 후에도 미리보기만 나오고 이용이 안되네요\n이럴거면 뭐하러 결제를 하나요\n조치 당장 취해주세요	2
2	비밀번호 변경은 어디서 하나요 네이버 간편 로그인으로 해놨는데 어떻게 해야되는지 모르겠어요	2
2	비밀번호 변경하는 법	2
2	비밀번호 분실했습니다	2
2	비밀번호 찾기는 어떻게 하나요?\n정보수정을 하려해도 기존비밀번호가 계속 다르다고나와서 비번찾기를 하고싶은데 방법을 모르겠어요.	2
2	비밀번호 찿고싶어요	2
2	비밀번호를 까먹어서 찾으려고해도 \n계속 없는 계정이라고 하는데 구독은 되어있고 \n비밀번호 좀 찾아주세요\n휴대폰 번호를 바꿔서 그런지 자꾸 등록된 계정이\n없다고 뜨는데 자동 로그인이라 어플로는 계정이 들어가지고 비밀번호를 모르겠는데 찾을수있는 방법 좀 알려주세요	2
2	비밀번호를 변경하고 싶은데 어떻게 해야할까요?	2
2	비밀번호를 분실하였습니다. 재설정방법 알고싶습니다	2
2	비번찾기가 어딧어요	2
2	설정앱에서 이용권을 구매하고 앱에서 확인을 해봤는데 이용권을 구매 한 내역이 없다고 떠요	2
2	세트로 결제했는데  왜집티비에선. 로그인이 안될까요?	2
2	스마트 tv에서 로그인할 때 sms로 핸드폰으로 로그인 요청을 하고, 핸드폰에서 받은 문자로 로그인 요청 수락을 하면, 사마트 tv에서 로그인이 잘될 때도 있지만, 네트워크오류라면서 로그인이 안될 때가 있네요. 이럴 땐 다시 핸드폰에 로그인 요청 문자 보내서 수락하면 스마트 tv에서 로그인이 됩니다. 젊은 사람이면 모를까 연세 드신 분들은 로그인이 안되면 왜 안되는지 몰라서 그냥 tv를 꺼버리십니다. 이 문제 꼭 해결해 주세요.	2
2	신규로 회원가입 후 본인인증 하려고 하는데 계속 회원님께서는 본인인증한 다른 wavve아이디를 보유하고 계십니다 라는 메시지가 뜹니다. 연동되었던 아이디 모두 탈퇴처리 하였고 새로 가입하였는데 제 명의로 된 본인인증된 아이디가 어떤 아이디인지 어디서 확인이 가능할까요?\nt구독으로 wavve 아이디 연결을 진행하려고 하는데 다른아이디로 계속 자동 연결되어 연결된 아이디를 찾을수가 없어 문의드립니다.	2
2	신사장프로젣트를 보려고 하는데 왜 이용권을 계속 사라고 나오는거죠?	13
2	아뒤랑 비번 찾기을 알고싶어요	2
2	아디,비번을 자동로그인만해서 모르겠는데 아이디 찾기 들어가서 찾을라고 했더니 회원이 아니라고 나옵니다 빠른 조치 부탁드립니다	2
2	아이디 부존제로 확인	2
2	아이디 비번 맞게 입력했는데\n회원정보가 틀리다고 뜹니다.\n지난주에도 pc로 로그인 했었고 문제 없었구요.\n제 계정을 아버지 폰에 연결해둔거라서 \n비번 초기화 하면 아버지가 폰 못다루셔서 번거로워지는데 \n문제 해결해주세요.	2
2	아이디가 자꾸 아니래요 분실	2
2	아이디를 찾고싶습니다. 본인인증 찾기를 하면 가입된 정보가 없다고 나옵니다.	2
2	아이디입력이 되지않아요	2
2	아이디찾기해도 안되서 다시 가입했는데 기존아이디가 조회도안되는데 이중결제가 되고 있습니다.\n확인부탁드립니다.	17
2	안녕하세요. 다름이 아니라 제가 금요일까지만 해도 앱을열고 들어가면 자동 로그인이 되어있어 잘 사용했는데 일요일 밤에 영상시청을 하러 들어가니 자동로그인이 풀려있더라구요 그래서 다시 로그인을 할려고 하니 로그인이 안되더라구요 그래서 제가 까먹고 아이디와 비번을 잘못 눌렸나 하고 다시 시도를 하니 또 안되더라구요 혹시나 제가 까먹어서 계속 틀리나 하는 마음에 아이디찾기를 하는데 회원등록이 되어있지않은 계정이라는 안내문구가 뜨더라구요 저는 회원탈퇴를 한적이 없으며 그 어떠한 불법적인 방법을 사용하지 않았습니다 지금 되게 당황스럽고 어의가 없네요 빠른답변 부탁드립니다.	2
2	안녕하세요.\n티맴버십 계정으로 로그인이 안되는데\n혹시 타계정에 제 이름으로 가입이 된게 있나요?	2
2	안녕하세요\n이번에 가입하고 계정 핸드폰번호 인증을 위해\n인증 중에 이미 휴대폰번호 인증한 계정이 있다고 나오는데 가입한 기억이 없어서요\n\n회원님께서는 이미 본인인증 한다른 Wavve 아이디를 보유하고 계십니다. 현재 아이디는 본인인증을 하실수 없습니다.\n확인을 누르시면 홈으로 이동합니다.\n\n이런 메세지가 나옵니다 아이디찾기로 시도해봐도 나오지 않는데 해결 부탁드립니다	8
2	앱에서 로그인하려는데 비밀번호가 기억이 안 나서요\n비밀번호 찾기로 이메일 인증 번호 보냈는데\n메일이 안 와요	2
2	어디로 로그인해야 찾을수있나요 모르겠어요	2
2	어제 로그인하려고하는데 오류가나서 \n로그아웃을 햇는데 \n기존 상햇던 로그인방식이 기억이나지않습니다\nT프리미엄으로 이용하고잇는데 69요금제\n확인좀부탁드립니다	2
2	어제까지 시청했는데 오늘 갑자기 자동로그인이 안된다고 뜨더니 회원가입 이력이없다네요ㅜㅜ\n아이디 찾기를 해봐도 가입정보가 없다고 나옵니다	2
2	어제까지 저장해 놓은 아이디가 접속이 안됩니다	2
2	업데이트하고 도그인이 안되요	2
2	연결완료로 뜨는데 미리보기만 되고 있어요	2
2	옛날 요금제로 계속 사용중인데 갑자기 로그인 하라고 해서 아이디 비번 몰라 새로가입했더니\n사용이 안되네요\n기존 아디 비번 알고 싶어요	2
2	왜 없는 아이디로 나올까요?	2
2	요금제 결제했는데 이용안됨	2
2	요금제 할인으로 무료로 등록 헸는데,\n이용권 구매로 나오네요.	2
2	우주패스로 결합상품 결제 했는데 계속 이용권 구입하라고 나옵니다	2
2	웨이브  볼수  없어요  연결 됏다는데  구매후 사용하라는  문구가  나타납니다 \n뭘  잘 못한걸까요	2
2	웨이브 요금제 할인으로 무상으로 보고 있는데 갑자기 이용권 구매로 나옵니다.	2
2	웨이브시청료가26년3월까지결재된건데\n이용권이없다고연결이않되네요	2
2	이메일 가입을 했는데 아이디 비번이 맞는데도 계속 정보가 없다고 나와요.비밀번호 재설정까지 해서 다시 로그인 시도했는데 시스템이 뭔가 이상합니다. 개인정보로 연동이 안되는 것도 비효율적이고 불편하네요. 앱에서도 사파리에서도요. 결국 카톡 로그인으로 들어왔는데 계정이 두 개 생긴 것이니 너무 불편하네요. 안내 부탁드립니다	2
2	이번에 광고 스탠다드 이용권을 결제 했는데 자꾸 볼려고 들어가보면 이용권 구매 창이 뜹니다 이거 어떻게 해야하나요?\n돈은 이미 나가서 어떻게 해야할지 모르겟습니다	2
2	이용권 결제를 했는데 이용권 구매해달라고 뜨면서 \n영상시청이 안돼요	2
2	이용권구매이력은 있는데 구매했던 계정으로 로그인이 안되네요\n가입했던 이력이 없다고 뜨네요	2
2	이전문의에 알려주신 비밀번호 재설정 메뉴를 못찾겠어요	2
2	잘 시청하고 잇엇는데 아이디를 잊어버려서 다시 아이디찾기를하는데 정보가 없다고 나오는데 왜그러는걸까요?	2
2	저는 웨이브를 휴대폰과 컴퓨터 두 기기로 사용하고 있습니다. \n최근 휴대폰으로 로그인 한 뒤 이용권을 결제했고, 컴퓨터로 프로그램을 시청하기 위해 PC 로그인을 했는데 갑자기 이용권도 시청내역도 아무것도 없는 빈 프로필로 로그인이 되었습니다. \n저는 네이버 주소로 회원가입을 했었기에 평소 PC 로그인 화면에서 네이버 아이콘만 눌러 간편로그인을 해왔지만 지금은 그렇게 시도하면 다른 프로필이 뜹니다. \n아이디 찾기 등 별별 방법 다 써봐도 제 프로필이 안 떠요.\n곤혹스럽네요... 이용권을 한번 더 결제할 수도 없는 노릇이고요. \n해결해주셨으면 합니다.	2
2	제가 분명히 결제를 했고 구독도 지금 유지 중이라는데\n어떤 방법을 써도 로그인이 안돼요 계속 정보가 없대요	2
2	제가 어떤아이디로 정액권을 샀는데요 아이디찾기를해도 다른게 나오고 정액권 구입한 아디가 안나와요 확인좀해주세요	2
2	제가 이 계정을 탈퇴 신청을 했다가 다시 로그인을 하니까 되길래, 탈퇴처리가 안 된 줄 알고 티빙이랑 연계에서 구독을 신청했어요. \n\n로그인 되는데, 어플에서 비밀번호 변경할 때는 또 회원 탈퇴로 나오는 상황인데, 혹시 회원 탈퇴를 철회하고 이 아이디를 계속 사용할 순 없나요	2
2	제가광고형 스탠다드 6300원 어제 결제했는데요.티비랑 컴퓨터에 이용권0으로 나옵니다.핸드폰에서는 됩니다.네이버 페이로결제했고, 결제시 아이디랑 비번 안치고 \n카카오톡으로 웨이브에 들어갔습니다.\n집에 있는 티비는 미박스로연동됩니다.\n큰화면으로 보고싶어서요. 왜그런걸까요	2
2	카카오톡으로 연동으로 회원가입하려고 했는데 이미 가입되어 있다고 합니다.\n그래서 자동로그인이 되어 회원정보를 확인하니, 잘못된 정보로 되어 있습니다.\n이후탈퇴 진행하였는데도 가입이 되지 않습니다.	2
2	카톡로그인이 안되고 다시 회원가입을 하라고함	2
2	탈퇴좀부탁드려요 비번을 잊어버려 새로 가입해야할거같아요	5
2	토요일에 자동로그인이 안돼서  네이버로 로그인 했더니 이용 요금을 선택하라고해서	2
2	통신사 연결로 신청후 이용권 결제모두 하였는데 이용연결이 안되었다고 하며 이용권구입하라고 확인 되어 사용이 안됩니다 확인요청합니다	2
2	티멤버쉽으로 티빙과 웨이브 구입했는데\n웨이브 이용권구매하라고만나와요	2
2	티빙 더블 프리미엄 요금제 이용중임. \n모바일 디바이스에서는 웨이브 이용이 가능하나.\nPC에서는 이용권 구매하라고 안내가 뜸.	2
2	티빙과 더블이용권 이용중인데 어느순간부터 웨이브가 로그아웃되더니 회원정보가 없어 로그인이 안되니다.	2
2	티빙과 함께 구매 했음. 방송시청시 이용권 구매 메세지나와서 방송 못봄	2
2	티빙에서 더블 이용권 구매했는데 어디로 갔죠?	1
2	티빙에서 더블형광고스탠다드를 구매하였는데 티빙에서만 되고 웨이브에서 안됩니다\n티빙이 카카오톡으로 로그인하여 구매한거라 웨이브에서도 카톡으로 로그인하였으나 구독한거로 뜨지않습니다. 어떻게 해야하나요?	2
2	티빙에서 티빙,웨이브,디즈니 이용권을 구매 이용중입니다.\n스마트폰에 웨이브 로그인이 안되어 문의드립니다.	2
2	티빙은 되는데 웨이브가 적용이안돼요 \n\n더블스텐다드 정기권구매했습니다	2
2	티우주 티빙웨이브 플래티넘 구독하는데\n이용권 등록이 안됩니다	2
2	티월드에서 구독권구매후 연결하기까지 완료했는데 시청권구매하라고나옵니다.	2
2	패드사용가능한데 휴대폰연동이 안되어서요	2
2	평소처럼 웨이브에 접속해서 영상을 보려고 했는데\n갑자기 유효기간 만료??문구가 뜨면서 로그아웃되었습니다. (10/27 오전 3시 30분경)\n\n그 후 다시 로그인하려고 하니\n아이디/비밀번호 로그인이 되지 않고,\n본인 인증을 통한 아이디 찾기를 시도했을 때도\n제 정보로 된 계정이 존재하지 않는다고 나옵니다.\n\n정상적으로 이용 중이었고, 별도의 탈퇴나 변경을 한 적도 없습니다.\n현재 이용권 구독도 정상적으로 되어있습니다.\n\n제가 사용하던 계정 확인과 로그인 오류 해결을 요청드립니다.	2
2	항상 그냥 자동으로 들어가졌는데,\n갑자기 로그아웃되어서 \n사실 아이디랑 비번도 기억이 안 나는 지경인데(매일 치고 들어간게 아니었다보니)\n어찌됐든 네이버 로그인이든 뭐든 아무것도 재로그인이 안 된다고 하는데요.\n\n아이디찾기 눌러도 오류 뜨고,\n재로그인 눌러도 오류 뜨고,\n네이버 로그인 눌러도 오류 뜨고.. 뭐죠?	2
2	핸드폰 에는 로그인이 되어 있고 그 아이디로 \n테블릿 으로 로그인을 할려고 했는데 없는 아이디로 \n뜹니다 모가 문제 인지 모르겠습니다	2
2	현재 skt를 통해 wavve 앤 데이터 요금을 쓰면서 항상 시청을 했는데 지난달부터 시청되는 프로그램이 없는데 뭐가 문제일까요? 인증도 되어 있는데.. 확인 좀 부탁드려요	2
2	현재 비밀번호 기억하지 못해서 변경하고싶습니다 \n비밀번호변경방법을 알려주세요\n햔재비밀번호를 기억하지 못해서 변경하려는데도 현재 비번을 입력하라고 해서 아무것도 못하고 있습니다	2
2	현재 티빙 웨이브 통합 이용권 구독 중인데 웨이브로 어떻게 로그인해야 되요?\n\n티빙을 cj통합계정으로 로그인해놨는데, 웨이브 로그인이 안되네요.	2
2	현재 회원가입해서 멤버십 사용하고 있는 아이디가 있는데 아이디가 없다고 뜹니다.\n확인 부탁드려요	2
2	현제 베이직 요금제 이용중입니다\n로그아웃 되더니 재로그인되어도 요금제 이용정보가 확인 되지않아서 웨이브이용을 못하고 있습니다.	2
2	회원가로 가입해서 요금내고있는데 비번을 잃어버려서 비밀번호 재설정하려고하면  아이디 비번있다해서 재설정시 본인인증하면또 계정이없다하고...돌아버리겠습니다. \n아이디: 601608a\n비번재설정가능토록 확인부탁드려요..오류같아보여서답답해요	2
2	회원정보가 본인 이름 아니어서 수정하려는데 비밀번호 분실했습니다	2
2	회원정보수정에 들어가고 싶어서 비밀번호를 쳤는데 틀렸다고 나오고, 웹으로 들어가서 비밀번호 찾기를 하면 존재하지 않는 회원이라고 뜨네요. 네이버로 회원가입을 했던 것 같아서 네이버계정 비밀번호를 쳤는데 이것도 틀렸다고 하는데...\n혹시 해결 할 수 있는 방법이 있을까요?	2
2	1년이용권 사용중 로그아웃을 하였는데 아이디 비번을 분싯하여 재로그인을 못하고 있어요.\n연락부탁합니다	2
2	2025.07.07 12개월치 결제해서 이용중이었는데요 로그아웃을 하고 다시 로그인 하니까 갑자기 회원정보가  없다고 하네요 해결부탁드립니다.	2
3	- 더블 프리미엄 = 웨이브 프리미엄 + 티빙 프리미엄 \n\n4명 동시시청인데\n\n웨이브 4명이 동시 시청하고있는 시점에 \n티빙도 4명이 접속이 가능할까여?\n\n티빙 웨이브 각각 4명인지\n같은계정으로 티빙OR웨이브 동시시청 4명인지	3
3	- 해지이용권: 방송(LIVE+VOD) 이용권 (모바일 + PC ? HD 시청 ? 1회선)	3
3	PIP 기능이 되지 않습니다	3
3	tv보려면 더블이용권 어떤거 구매 합니까? \n아지면 전화좀 주실수 있나여?	3
3	tv에서 볼수 있는 이용권은?	13
3	가장 많이 사용하는 이용권은 뭐예요?	3
3	더블 광고형은 시청 제한이 있나요?	3
3	더블프리미엄 이용중인데 티빙웨이브 4회선이라고 했는데 각각 4회선이 아니라 2개씩 4개인가요??\n집 시댁 해서 오가며 사용중인데 집에서 보다가 시댁가서 볼라고 하면 로그인풀려있어서 다시 로그인해야하네요\n설명 좀 부탁드립니다	3
3	동시 4회선 볼수있는 프리미엄 사용중입니다\n궁금한게 있습니다\n티비로그인 왜 자꾸튕기나요 계정마다 하나씩 하는데?	3
3	요금제 종류	3
3	요금제 중 PIP 기능 제공되는 요금제는 무엇인가요. 모두 알려주세요	3
3	요금제 차이가 정확히 뭐예요?	3
3	요금제 추천해 주세요.	46
3	웨이브  티빙 더블이용권사용시\n웨이브만사용할때와 달리 제한되는 채널이 어떤걸까요?\n\n채널말고 다른게있으면 그것도 알려주세요	3
3	웨이브는 동시 시청 가능한 이용권을 어떻게 알 수 있나요 ?	3
3	웨이브랑 티빙 계정 문제 있어서 추가 시청된 사람 3명은 시청이 안돼서 문의했더니 기본 요금권에서 시청한 금액 제외하고 환불이 12,870원밖에 안됐습니다.\n동시시청 3명 추가했던 금액은 환불이 안 되는 걸까요?	3
3	이용권 종류 볼 수 있는 가입경로 알려주세여	3
3	이용권 종류와 종료일 확인	3
3	제 요금제로 스마트모니터에서 시청하는 방법이 있나요?\n이용권구매하라고ㅈ뜨는데 다른요금제를 어떤 써야하는건가요	3
3	티빙 같이 하는 요금제 문의	3
3	티빙 웨이브 더블 광고형 스탠다드 이용권 말구요.\n광고없는 티빙 웨이브 더블 이용권 구매가 얼마전까지 가능했던걸로 알고있는데, 아직도 그 이용권이 있나요?	3
3	티빙 웨이브 통합 이용권 구매하고싶은데 더블프리미엄으로 총 4대 동시시청 가능한걸로 구매하려고 합니다 그럼 웨이브 사용시 티비로 동시시청 4대가 가능할까요?	3
3	핸드폰 및 스마트 티비로 시청을 원할경우 이용권을 뭘로 하면 되는지 문의드립니다 \n주로 스마트 티비로 시청합니다	32
3	핸드폰에는 볼수있고 티비에는  이용권구매하라는데  \n\n제가 구매한 이용권은  티비로 볼수없나요?	3
3	현재 11월 9일에 만료되는 스탠다드 이용권을 사용 중인데 만료 후 더블 스탠다드를 이용할까 고민 중 입니다. \n\n혹시 웨이브에서 티빙 더블 스탠다드를 구매하면, 티빙 계정 공유는 어떻게 할 수 있나요? 기존 티빙처럼 가능한건지, 아니면 웨이브 방식을 따르는 건지 알고 싶습니다	3
3	현재 서비스 중인 웨이브x티빙 더블 요금제 이용하게 되면 컨탠츠 이용에 제한되는 부분이 있습니까?\n첫 출시때엔 SBS관련 컨탠츠 이용 제한이 있었는데 지금은 SBS관련 컨텐츠중에서 일부 제외하고는 어차피 서비스 안하는거 같은데요..\n확인 부탁 드립니다.	3
4	가입 당시 입력한 정보 확인하고 싶어요.	4
4	닉네임은 어디서 바꾸나요?	46
4	생년월일 수정할 수 있나요?	4
4	성별 정보 변경되나요?	4
4	아이디 변경 가능한가요?	4
4	안녕하세요 이메일 변경 문제 때문에 문의드립니다 제가 원래 쓰던 이메일을 지금은 안 쓰는 상태라 혹시 이메일 변경이 가능할까요?	4
4	오래전 계정 가입 시 실명인증을 수행하지 않아 임의의 이름으로 가입을 하였습니다.\n\n회원정보 이름 수정이 가능한지 문의드립니다.	4
4	웨이브홈페이지 회원정보 수정메뉴에서 인증을 완료해주세요.\n-해당 인증 관련 메뉴가 보이지 않습니다.	4
4	통신사 바뀌었는데 재인증 필요한가요?	4
4	환경설정 회원정보수정 여쭤봅니다	4
4	환경설정에 회원정보수정 들어가면 이름잇자나요 변경할수잇는방법은없나요? 	4
4	회원정보 변경이 안되요\nex. 이름, 생년월일	4
4	회원정보 변경하고싶어요  티비로 로그인 안되서요	4
4	회원정보 이름 변경 문의	4
4	회원정보 이름 변경이 안 뜨는데 어떻개 하나요??	4
4	회원정보변경	4
4	회원정보변경요청	4
4	회원정보수정이 안되요	4
4	회원정보에 이름이 다른 사람 이름으로 되어 있는데 아이디, 이메일, 핸드폰번호 모두 제 명의인데 이름 변경 안될까요? 프로필이름 아니고 웨이브 자체 회원정보 이름이요 변경방법이 없어서 문의드립니다	4
4	회원정보에 제이름이 아닌 다른 사람이 등록되어 있어요	4
4	휴대폰 번호 변경했어요. 수정 어디서 하나요?	4
4	휴대폰 번호를 변경하려고 하는데요. 간편가입고객이라서 수정이 안되는 것 같은데 어떻게 변경을 해야 하나요?	4
5	waave 를 거의 이용하지 않아 탈퇴하려고 합니다 \n 어떻게 하면 탈퇴하는지 찾을수 없어서 문의합니다	5
5	가입탈퇴	5
5	계정 탈퇴를 할 필요는 없는거는 맞죠?	5
5	계정 탈퇴릉 위한 즉시 해지 뷰탁드립니다	5
5	계정삭제해주세요\n탈퇴하려고합니다	5
5	기존계정 메일 변경 안되는지 알고 가입했는데 변경되서 사용중입니다\n\n탈퇴요청합니다.	5
5	더나은 서비스를 제공하고자 이용권 탈퇴하려는 목적입니다	5
5	더이상 사용하지 않아서 정기결제도 취소했는데 회원탈퇴가 되지않아요	5
5	두 번 결제 된 것 같아서 하나의 회선에선 탈퇴하고 싶어서 문의드립니다.\n티빙 웨이브 15000원 이용권 결제가 된 상황에서 티빙 웨이브 디즈니 215000결제를 다시 한 것 같은데 \n티빙 웨이브 15000원 이용권을 탈퇴하고 싶습니다.	5
5	멤버쉽 탈퇴 문의드려요	5
5	뭔지도 무슨용도도 모르고 가입했습니다.\n회원 가입을취소나 탈퇴해 주세요	5
5	보니까 이용권이 2026년6월16일까지 이용가는하던데\n그럼 6월15에 탈퇴해도되나요?	5
5	안녕하세요?\n해지를 하기 위해서 재문의를 해야한다고 하여 작성합니다.\n한가지만 더 질문드립니다.\n혹시 계정 탈퇴 후 동일한 계정으로 바로 재가입이 가능할까요?\n오늘도 좋은 하루 되시고 수고하세요.	5
5	안녕하세요\n\n회원 탈퇴를 하고 싶은데 혹시 가능할까요? 그리고 관련 개인정보내역도 삭제해주시면 감사하겠습니다.	5
5	얼른 탈퇴처리 해주세요퓨	5
5	웨이브 구독 탈퇴요청합니다	5
5	이용권결제가 안 되는데 탈퇴 후 재가입하고 싶어요	5
5	인앱(Apple 또는 Google) 자체 결제 수단으로 결제된 이용권은\nWavve(웨이브)에서 직접 이용권 종료 처리가 불가하다고 회신받아 재작성합니다.\n\n웨이브 아이디의 탈퇴 요청드립니다.\n\n■ 보안 코드: DK67YE\n\n감사합니다.	5
5	잘못된상품구매로 탈퇴후 재가입요청합니다\n\nXX78TE	5
5	제 명의로 가입된 계정 전부 탈퇴가능한가요?	5
5	제 명의로 본인인증된 다른계정탈퇴하고싶습니다	5
5	즉시탈퇴해주세요	5
5	지난 2025년 7월 말 통신사를 SK에서 다른 곳으로 옮겼는데, 이메일로 Wavve에서 아직도 메일이 오고 있습니다.\n이메일 수신거부를 하려고 조회해보면 회원도 탈퇴된 것 같은데, 정작 이메일은 계속 날아오네요.\n이메일 수신거부를 원하고, 제 개인정보도 전부 남김없이 삭제해주시기를 요청드립니다.	5
5	착어로 회원가입되엇는데 탈퇴하고 싶습니다	5
5	탈퇴 방법	5
5	탈퇴 방법 등 알려주세요.	5
5	탈퇴 방법에 대해 알려주세요	5
5	탈퇴 방법이 어찌 되나요? 그다지 볼 필요가 없어서요	5
5	탈퇴 요청드립니다.	5
5	탈퇴문의드립니다	5
5	탈퇴안됨. 상담사 통화 요망	5
5	탈퇴하겠습니다	5
5	탈퇴하고 싶은데 어떻게 해야 돼요	5
5	탈퇴하고싶어요	5
5	탈퇴하려고요	5
5	탈퇴할려는대 탈퇴 목록이안보이내요	5
5	탈퇴해야만 해지 가능하다고 하여 탈퇴 진행시켜주세요\n\n15993709 LMS\n[Web발신]\n안녕하세요, Wavve(웨이브) 고객센터입니다.\n\n1:1 문의 답변을 통해 안내드린 바와 같이,\n인앱(Apple 또는 Google) 자체 결제 수단으로 결제된 이용권은\nWavve(웨이브)에서 직접 이용권 종료 처리가 불가합니다.\n\n이에 따라 중도 환불 접수 시, \n해당 Wavve(웨이브) 아이디의 탈퇴가 필요합니다.\n\n아이디 탈퇴 진행을 위한 동의 절차로 \n아래의 [보안 코드]를 안내드립니다.\n\n1:1 문의 재접수 시, 반드시 본문에 \n[보안 코드]를 기재해주시기 바랍니다.\n\n※ 보안 코드 미기재 시, 요청하신 업무 처리가 지연될 수 있습니다.\n\n■ 보안 코드: [V7Y6F8]\n\n감사합니다.	5
5	탈퇴해주시고,환불해주세요\n보안코드abc456	5
5	회원 가입 탈퇴	5
5	회원 아예 탈퇴하고 싶습니다	5
5	회원 탈퇴 및 개인 정보 삭제, 관계사 공유 중단을 요청 드립니다.\n바쁘시더라도 신속 처리 요청 드립니다.\n\n수고하세요....	5
5	회원 탈퇴 서비스 탈퇴	5
5	회원 탈퇴 시켜주세요	5
5	회원탈퇴 하려 합니다,	5
5	회원탈퇴가 되지 않습니다. 회원탈퇴를 해주세요	5
6	2025년 11월 24일 이용권 만료 후, 2025년 11월 25일에 1년치 연간권 사용 예정입니다. 혹시 이렇게 사용하면 계정에 있는 프로필 4개가 전부 혹은 일부가 삭제될까요?	6
6	25년 12월 03일 2시 46분에 로그인을 했는데\n기존 프로필 2개였는데 갑자기 4개로 늘어난 이유가 있을까요?..\n웨이브 시스템적으로 늘어난건지.. 해킹인건지 ...  \n로그인 내역을 보면 목록에는 2개만 있는데 위에는 3개가 접속중이라고 뜨고... \n일단 모두 로그인 취소를 하긴 했는데요\n확인 부탁드립니다.	6
6	4인 프로필인데 프로필이 하나만 떠서 변경이 안됩니다 앱 오류 같은데 확인 부탁드립니다	6
6	pc에서 프로필 잠금은 나오는데 앱에서는 잠금이 안되어있네요 \n어플 업데이트는 언제 되나요?\n업데이트 안하고 쓰면 잠금 적용 안되는 건가요?	6
6	갑자기 아예 모르는 프로필이 세개나 생겼습니다.\n이유가 뭘까요?사실상 늘 저랑 아내만쓰는데\n이상하네요? 타인이 생성한 가능성이있을까요?	6
6	갑자기 없던 프로필이 생겼는데 해킹 당한건지 시스템 오류인지 확인해주세요	6
6	갑자기 티비에서 접속했을 때 프로필이 기본설정으로 바뀌었습니다. 몇 번을 다시 접속을 해 봐도 제가 쓰던 프로필의 찜한 영화목록이며 프로필 이미지가 나타나지 않네요. 모바일에서는 정상적으로 보입니다.	6
6	갑자기 프로필이 3이랑 프로필 4가 생겼습니다. 해킹인가요? 확인하니 접속기록은 없는데;;	6
6	갑자기 프로필이 4개가 되었습니다. 이유가 무엇인지, 프로필을 1개로 줄이려면 어떻게 해야하는지 알려주세요	6
6	갑자기 프로필이 4개가 자동 생성되어 있는데 개편된 사항이 맞나요?\n그리고 로그인 기록에 12/2일 linux chrome 접속 기록이 뜨는데 혹시 12/2일 진행된 프로필 개편과 관련이 있는지요??ㅠㅠ\n프로필 생성도 하지 않았고 로그인도 모르는 기록이라 문의드립니다..	6
6	갑자기 프로필이라는 이름이 두개가 더 생겼는데 둘 다 삭제 부탁드립니다.	6
6	갑자기 하루아침에 프로필이 다른게 2개 생성되어있고 삭제도 안되고 불안해서 못 쓰겠어요 해지 해주시고 나머지 기간만큼의 금액은 환불해 주세요	6
6	개인 프로필 잠금 방법 문의 드립니다.	6
6	계정을 이용하는 그 누구도 프로필을 생성하지 않았는데 하루 아침만에 갑자기 없던 프로필이 생겨나 있었습니다. 이게 기술적인 오류로 인해 가끔씩 발생하는 일인지 아니면 해킹을 당한 것인지 알 수 없어 일단 아이디와 비밀번호를 변경했으나 생겨난 프로필이 없어지진 않더군요. 혹시 해당 계정의 [아빠]라는 프로필을 없애주실 수 있나요? 너무 찝찝해서 두고 볼 수가 없네요. 그리고 [PC]라는 프로필도 원래 자동으로 생기는 것인지 궁금합니다.	6
6	그래서 개개인 프로필 암호 언제 되나요?? 이번에도 안해주면 돈 아까워서 티빙 연결로만 바꿀려구요	6
6	기본으로 제공되는 프로필이 4개로 알고있는데, 웨이브는 저혼자 써서 프로필 나머지 3개는 삭제하려하는데 삭제하는게 안보여서요.. 만약 시스템상 삭제가 불가능하면 맘대로 추가하고 삭제할수있는 시스템좀 추가해주시면 안될까요..\n이용권으로 인해 몇개 추가 제한 이런거 걸어두시구요.,,,	6
6	기본적으로 적용되는 프로필이 4개데 사용하지 않는 프로필 삭제할 수 없나요?	6
6	기존에 2개 프로필 사용\n- 현재 1개 프로필만 결쟈함\n- 기존 b 프로필로 로그인된 기계가 a 프로필(걀재한 프로필)로 전환이 안됨	6
6	기존에 2개만 나오던 프로필이 갑자기 4개의 프로필이 나오는데, 필요없는 프로필 삭제는 불가능한지 궁금합니다.	6
6	기존에는 프로필이 2개만 노출되었던 것으로 기억하는데, 갑자기 4개까지 노출이 되었습니다. (프로필3, 프로필4)\n안 쓰는 불필요한 프로필은 개인 정보 보호를 위해서라도 삭제 처리하고 싶은데, 삭제할 수 있는 방법을 못찾겠네요.\n고객센터 측에서 삭제가 가능하다면 삭제 요청을, 아니라면 삭제 방법에 대해 안내 부탁드립니다.	6
6	다른 프로필에서 본 영상이 자꾸 제꺼 프로필에 본 영상으로 나와요 그래서 삭제 하고 그러는데 프로필 내껄로 들어왔냐고 물어보니까 그것도 아니더라구요 이거 해결해주세요	6
6	다른 프로필을 삭제하고 싶은데 프로필 변경, 편집 이 두개 밖에 없어서요. 프로필 삭제는 없나요?	6
6	다중 프로필 삭제 방법	6
6	디즈니+ 에서 번들 이용권 구매해서 웨이브도 가입했는데요.\n주소가 다른 가족이랑 같이 쓰려면 프로필 추가하거나 하면 되나요? 비용은요? 어떻게 하는지 찾아봐도 모르겠어서# ..	6
6	로그인하고 프로필 선택창에서 지금까지 써오면서 프로필 1, 2만 있었는데 갑자기 3, 4까지 생겼습니다\n\n누가 해킹한건가요? 프로필 3, 4를 지워버리고 나머지는 잠금상태로 만들고 싶은데 어떻게 해야하나요	6
6	로그인하고 프로필선택시 1번프로필만 비밀번호4자리입력을하라되어있어요\n비번안하고싶은데 어떻게 해야하나요??	6
6	로그인하면 나오는 화면에서 프로필1 만 남기고 나머지 프로필은 삭제하고 싶은데 삭제할 수가 없네요\n방법을 알려주시던지 아니면 삭제하여 주십시오	6
6	만들어져 있는 프로필중 멏개 삭제하고 싶은데 삭제가 안되요.\n프로필 삭제하는 방법좀 알려주세오.	6
6	만들지 않은 프로필 생성... 삭제 방법 없나요?	6
6	말 그대로 프로필을 삭제할 수 있는 곳이 어디인가요?	6
6	몇년째 웨이브 서비스를 잘 사용하고 있는 사용자입니다\n가족끼리 프로필을 나눠 사용하고 있는데,\n아무래도 여러 명이 사용하다 보니 재로그인 후 프로필을 잘못 접속하거나 해서\n로그인이 풀리거나 보던 프로그램 목록이 꼬이는 경우가 있어 너무 불편합니다\n프로필 잠금 및 삭제 기능이 빨리 추가되었으면 좋겠습니다!!!\n언제 추가 되려나 꽤 오랜 시간 지켜보고 있는데 가장 기본적인 보안 기능이 추가되고 있지 않아서 실망스럽습니다\n조속한 시일 내에 문의드린 기능 추가되길 바라겠습니다	6
6	모르는 프로필 두개가 생성 되어 삭제하고 싶은데 아무리 찾아도 방법이 없네요?	6
6	복수의 프로필 생성을 어떻게 하나요?\n생성이 안돼요	6
6	본래 프로필을 2개 생성하여 사용하고 있었는데\n어느 순간 4개가 생성되어있더라구요\n아래 안내 멘트에 4개가 생성된다는 거 보니 혹시나 자동 생성인가 해서 문의드립니다\n아니라면 누가 몰래 보고 있는 건 아닌지 확인 필요할 거 같아서요	6
6	불필요하게 생성된 프로필을 어떻게 삭제 하나요?	6
6	사용 프로필 1개뿐인데 인증한적도 없는데 해외 사용 가능 인증 받았다네요. 해외 차단희망합니다	6
6	사용자 프로필 1 과 2 생성 2개가 나오는데 삭제하는 방법은???	6
6	사용자 프로필이 안 되는 건지 제가 못 찾는 건지 삭제를 할 수 없어서요 델라랑 바니 프로필4라는 프로필을 지우고 싶습니다	6
6	사용하지 않느 프로필이 2개 추가 생성되어 있는 것을 확인했습니다. 미사용 프로필 삭제 방법을 알려주시기 부탁드립니다.	6
6	사용하지 않는 프로필 삭제 방법은?	6
6	사용하지 않는 프로필 삭제하려면 어떻게 해야 하나요?	6
6	수고하십니다..\n\n웨이브 가입 했을때.. 사용자 프로필이 하나가 있었는데 \n\n언젠가부터 로그인시 어느 순간 프로필이 두개가 되더니 요즘은 네개가 뜨네요..\n\n어찌된건지 궁금하고요???\n\n\n네개 중 하나라도 회원탈퇴를 하면 네개 다 탈퇴가 되는건지 궁금하네요???	6
6	스탠다드 요금제를 사용하는데 전에는 프로필 2개 였는데 왜 지금은 프로필4개인가요? 바뀐걸까요? 아니면 계정에 문제가 생긴걸까요?? 폰에서도 스마트티비에서도 동일 현상이 일어납니다 로그아웃하고 다시 로그인해도 똑같네요	6
6	스탠다드 이용하는데 회선 프로필 두개 중  하나가  삭제 됐어요 확인해 주세요	6
6	안녕하세요 \n프로필 문의드립니다\n티빙과 같이사용하는 더블광고형 스탠다드 이용권을 사용중인데\n프로필을 2개정도 만들어서 사용하는데\n갑자기 제가 만든적이 없는 프로필3, 프로필4 가\n갑자기 생겼어요 \n전 만들지않았는데 저절로 이렇게 프로필생성이 될수있는건가요?\n그리고 사용하지않는 프로필 삭제하는 방법도 궁금합니다	6
6	안녕하세요 프로필이 원래 두개 쓰고 있었는데 갑자기 4개로 늘어나서 보니까 기본적으로 4개 제공된다고 바뀐 것 같네요\n복잡스러워서 2개만 쓰고 싶은데 프로필 삭제는 안되나요?	6
6	안녕하세요, 웨이브를 누구보다 애용하고 있는 이용자입니다.\n다름 아니라, 웨이브가 아직도 프로필 잠금이 되지 않아 매우 불편함을 느끼고 있어 도저히 안되겠는 마음에 문의를 남깁니다.\n프로필 4개까지 가능한 요금제로 사용하고 있는데, 자꾸 제가 보지않은 방송이 재생되어 있고 다른 사람이 제 프로필을 그냥 볼 수도 있습니다.\n제가 알기론 거의 대부분의 OTT가 프로필 잠금 기능이 있는 걸로 알고 있는데, 웨이브도 부디 하루빨리 프로필 잠금기능을 추가해주셨으면 좋겠습니다.\n웨이브의 앞날을 누구보다 응원하기 때문에 굳이 고객센터에 글을 남깁니다. 혹시 제가 모를 프로필 잠금 기능 도입 예정이 있나요? 답변 기다리겠습니다.	6
6	안녕하세요. 2회선 동시접속 가능 서비스를 이용하고 있는데요. 프로필은 2개가 생성가능하나, 다른 프로필 사용자가 저의 시청내역을 볼수 없도록 잠금(비밀번호 입력)을 하는 기능이 없는 듯 해서요. 다른 OTT들은 있거든요. 혹시 기능이 없는 것인지, 아니면 있는데 제가 방법을 못찾는 것인지 궁금합니다.	6
6	안녕하세요. 웨이브 고객센터 담당자님.\n제가 아이디를 자주 잊어버리는 편이라, 여러 계정으로 로그인하다 보니 현재 하나의 계정 내에 프로필이 여러 개 생성된 상태입니다.\n사용하지 않는 프로필들이 많아 관리가 어려워\n현재 사용 중인 프로필 1개만 남기고, 나머지 프로필은 모두 삭제하고 싶은데\n이와 같은 처리가 가능한지 문의드립니다.\n가능하다면 삭제 방법이나 고객센터를 통해 처리해야 하는 절차가 있다면\n안내해 주시면 감사하겠습니다.\n확인 부탁드리며, 답변 기다리겠습니다.\n감사합니다.\n서연 정 드림	6
6	안녕하세요.\n다른 사람과 공유하다가 안 하는데 프로필 지우는 방법이 있나요?\n그리고 다른 사람 시청기록 삭제하고 싶은데 제대로 삭제가 안 되고 계속 하나씩 남아 있어요.\n아예 초기화 하고 싶은데 방법 없나요??	6
6	안녕하세요.\n제가 등록하지 않은 프로필들이 있어서 삭제 방법을 찾아보았으나 찾지 못했습니다.\n프로필 삭제 방법에 대해서 문의드리고 싶습니다.	6
6	안녕하세요.다름이 아니라 프로필이 4개까지  늘어났길래 전 늘린적이 없는데\n이유가 무엇인지 알 수 있을까 하여 문의드립니다.	6
6	안녕하세요? 고생이 많으십니다. 다름이 아니라 현재 제가 한 계정에 2개의 프로필이 생성되어 사용중이었는데 혹시 현재 사용하지 않는 하나의 프로필을 삭제하는 방법을 알 수 있을까요?	6
6	안녕하세요?\n\n스탠다드 요금제는 2회선까지 이용가능하다고 되어 있는데요.\n프로필 추가 방법 문의 드립니다.	6
6	안녕하세요\n다름아니라 이전에는 프로필별로 최근 시청 목록이 따로 보였는데\n요즘 다른 프로필로 본 영상도 최근에 본 영상 목록에 묶여서보이느거 같아서요.\n이전처럼 따로 보일수 없나요?	6
6	안녕하세요\n다름이 아니라 제 아이디에 등록된 프로필이 저포함 해서 2명이었는데,,,(pc 선택화면에서 2개만 나왔습니다\n어느순간 보니(제가 확인한거 어제,,,)\n프로필3, 프로필4가 추가 됐더라구요,,,,\n이게 자동적으로 추가되는걸로 변경된건지,,,\n아니면 해킹같은 피해로 추가가 된건지 확인좀 부탁드립니다.\n또 프로필3,4가 시청한 내역같은게 있는지도 좀,,,,\n프로필 삭제할려면 어떻게 해야하는지도 좀 알려주세요,,\n빠른 답변 부탁합니다,,,,\n수고하세요	6
6	안녕하세요\n웨이브 프로필 설정 관련 문의드립니다\n기존 4개의 프로필을 사용하던 중 프로필 3개가 뜨지 않는 오류가 발생하였습니다\n1개의 프로필은 정상 사용가능하나 나머지 프로필은 아예 뜨지 않습니다\n확인 부탁드립니다	6
6	안녕하세요\n현재 프로필 4개를 생성해서 사용중인데\n2번 프로필로 티비에서 시청하면 간헐적으로 첫번째 프로필에 시청기록이 남습니다.\n최근 프로필 잠금을 설정했는데도 같은 오류가 발생합니다.\n제발 개선 부탁드립니다 너무너무 불편합니다ㅠㅠ	6
6	안쓰는 프로필 삭제 방법	6
6	안쓰는 프로필을 삭제 하고싶은데 안보여요	6
6	어제? 오늘 아침만 해도 프로필이 2개만 떠있었는데 지금 갑자기 4개로 떠서요.\n원래 그런건데 오늘 반영이 된건지 아니면 제가 아닌 다른사람이 프로필을 추가한건지 궁금합니다.	6
6	어제까지 프로필 1개였는데, 오늘 로그인해보니까 갑자기 프로필이 4개가 돼있습니다.\n해킹 당한건지 아니면 다른 이유가 있는지 문의드립니다.	6
6	어젯밤에 웨이브를 열어보니 알지 못하는프로필이 3개가 추가되어 있어서 쿠팡 해킹으로 인한 트라우마로 \n급히 웨이브 탈퇴를 하였습니다.\n근데 지금 게시판을 보니 웨이브 프로필 4개를 지원했다는 글을 읽고\n너무 황당했습니다.\n\n팝업창에라도 지속적으로 공지를 해야 되지 않았나 생각합니다.\n\n웨이브 프로필 추가 생성에 대한 인지가 없었고\n심지어 프로필 생년월일이 1980년 1월 1일이 적혀 있었습니다.\n\n행킹이 된것은 아닌것이라면 웨이브에서 추가로 지원한 프로필 이라면\n급히 탈퇴한 것을 다시 복구가 가능한지요?	6
6	언제나 접속하면 프로필이 원래 만든것 하나 그리고 또 붉은색 한개 딱 두개였는데\n오늘 들어오니 프로필이 4개가 되어있는데 원래 그런건가요?	6
6	업데이트후 스마트티비로 로그인시 프로필선택이 나와 매번 클릭하는 번거로움이있습니다 \n뒤로가기 누를시 로그아웃되어서 다시 로그인해야하는 불편사항이 있습니다	6
6	오늘 접속해 보니 제 프로필이 아닌 다른 분 프로필로 바뀌어 있었고 방금 접속하니 또 다른 분 프로필로 바뀌어 있어요 오류 좀 고쳐 주세요... 그리고 프로필 전환은 어디서 할 수 있나요?	6
6	요금제를 바꾸고 나서\n프로필이 원래 2개만 있었는데 왜 갑자기 예전에 쓰던 프로필들 기록이 다 뜨는거죠 \n삭제하고 싶은데 어떻게 하나요	6
6	원래 2개의 프로필을 사용중이었는데, 갑자기 시청 프로필이 2개가 더 생겼습니다\n프로필 아래에 [*이용권 유/무에 상관없이 프로필 4개가 기본으로 제공됩니다.] 이렇게 적혀있네요\n프로필 4개가 기본으로 제공되면서 2개가 자동으로 더 생긴건가요?	6
6	원래 늘 로그인을 하면 본래 제가 쓰는 파란색 프로필만 보였는데 갑자기 오늘 로그인 하니 프로필2,프로필3,프로필4으로 추가되어있는데 들어가봤을때는 제가 이용하는 더블 베이직 이용권과 제 기기로그인으로 되어있구요.... 근데 제가 추가한적도 없는 프로필 목록이 이렇게 추가되어있을 수 있나요?\n아니면 wavve 자체에서 프로필 보이는 형식이 바뀐건가요? 아니면 시스템오류인지 해킹인지 몰라서 문의글 남깁니다.	6
6	원래 프로필이 1,2까지만 있었는데 갑자기 수가 늘어났어요. 해킹당한 것인지 확인 부탁드립니다.	6
6	원래 프로필이 1과 2밖에 없었는데 오늘 갑자기 3과 4가 늘어났습니다. 왜그런건지 확인 요청드립니다.	6
6	웨이브 번들(디즈니+·티빙·웨이브) 계정에서\n프로필 삭제/대표 프로필 변경 버튼이 웹/앱 모두 보이지 않습니다.\nTV에서 “Required parameter is missing” 오류가 계속 뜹니다.\n번들 계정 프로필 설정 권한 회복 요청드립니다.	6
6	웨이브 스텐다드 이용중인데 프로필이 2개가 갑자기 더 생겼어요.\n기존 2개에 플러스 2개 총 4개인데 무슨일이죠?	6
6	웨이브 이용권이 광고형이라 2회선이고, 최초 프로필 생성도 두개가 된 상태로 하나만 사용하고 있었는데\n12월 3일 로그인하는 과정에서 프로필이 4개로 늘어나있는 것을 확인했습니다.\n아이디와 비번은 저만 알아서 갑자기 늘어난 이유를 모르겠지만\n연장 결제가 안 되게 미리 해지신청을 했었는데 그냥 중도해지 하고 싶어서 문의 남깁니다.\n오늘 날짜로 중도해지 하게 되면 남은 기간에 대한 요금이 환불이 가능한지도 알고 싶습니다.	6
6	웨이브 이용권중 2회선 이용권을 구매해 사용중입니다. 평소, 프로필 2개를 사용중이었는데, 25년12월3일 기점으로, 프로필이 4개가 뜨고 있습니다. 모든 프로필 이름은 프로필 1 프로필2 프로필3 프로필4 와 같은 기본 이름입니다. \n혹시 해킹인지 의심되어 비밀번호는 바꾸었으나.  프로필이 삭제 되지 않아 문의남깁니다.\n\n프로필 4개가 동시에 뜨는건 혹시 웨이브 홈페이지 자체의 인터페이스 변화인가요? 아니면, 타인의 해킹으로 인해 생성된 프로필 일까요? 답변 주시면 감사하겠습니다.	6
6	웨이브를 가족들이랑 아이디를 공유하면서 각자 프로필을 사용하고 있는데요. \n자꾸 가족이 아닌 인원이 제 프로필을 시청하고 있습니다. \n해킹을 의심해서 비밀번호를 바꿔도 그 문제는 여전합니다. \n타인이 제 프로필로 보는 게 불편해서 프로필 잠금이 있으면 좋을 것 같습니다.\n지금 이 문제로 너무 스트레스를 받아서 이번 이용권이 끝나면 아이디 탈퇴까지 생각하고 있습니다.\n제발 프로필 비밀번호좀 만들어주세요...	6
6	웹으로 들어가서 로그인 하면 프로필 설정이 되는데 앱으로 들어와서 로그인 하면 웹에서 설정한 프로필이 아니라 4개의 프로필로도 나눠지지 않은 채로 그냥 기본 프로필로 계속 로그인이 돼요	6
6	저는 프로필 늘린적이 없는데 항상 프로필 1,2 만 썼는데 갑쟈기 어느날 로그인하니까 3,4가 생겼어요 이거 해킹인가여...? 삭제하고싶은데..	6
6	저는 현재 베이직을 신청해서 보고 있습니다. 12월 7일 전에는 프로필이 하나만 생성되어서 사용할 수 있었습니다. \n\n그런데 12월 7일 이후 제가 전혀 생성한 적이 없는 3개의 프로필이 더 생성되어 있습니다. \n\n베이직 사용자는 1개의 프로필만 사용가능하다고 알고 있습니다. \n\n나머지 3개의 프로필을 삭제해주시길 바랍니다. 그리고 제가 생성하지 않은 프로필을 생성하지 않았주셨으면 합니다. \n\n감사합니다.	6
6	저랑 누나 둘이 쓰는 계정이라 프로필이 2개만 있었는데\n갑자기 프로필3 프로필4 2개가 더 생성됐네요? 이거 뭔가요?\n삭제하려고 해도 방법도 모르겠고 왜 생성됐는지도 모르겠네요 해킹된 건가요?	6
6	저번주까지만 해도 영상 시청 됐었는데 오늘 보니 이용권 다시 구매하라고 하네요? 구매내역도 안보이고.. 프로필2도 만들어놨는데 사라져있고... 확인부탁드립니다.	6
6	전 2회선 이용중인데 며칠전부터 로그인 시 프로필이 4개가 뜨는 이유가 뭐죠?\n빠른 답변 바랍니다.	6
6	제가 만들지 않은 프로필이 생긴것에 대한 공지 , 안내 사항등을 전달 부탁드립니다.\n갑자기 프로필이 4개나 생겨서 혼란스럽습니다.	6
6	제가 생성하지않은 프로필이 왜 생긴건가요??\n저도 모르는새에 프로필이 4개가 되었네요...\n이 아이디로는 저 혼자만 쓰고있는데...	6
6	제가 웨이브 프로필에 저랑 제형만 해놨는데 갑자기 제 친구이름으로 프로필이 만들어져있어서 이게 해킹을 당한건지 뭔지 모르겠네요 혹시 확인 한번만 가능할까요?	6
6	제가 프로필1로 보고 있는데\n자꾸 프로필3 시청내역이 \n제 프로필 시청내역에 뜨는데\n왜그런건가요?\n매번 삭제 하는게 넘 번거러워요\n같은 집 다른 티비로 보고 있어요	6
6	제목 그대로입니다. 프로필이 2개였는데 언제부턴가 4개로 뜹니다.\n혹시 계정이 해킹 당한건 아니겠지요? 프로필을 새로 생성한 적도 없는데..\n왜 프로필이 4개가 되었을까요? 그리고 삭제하는 방법은 없나요?	6
6	집에서 보는 프로필이 하나만 뜹니다.	6
6	최근 제 계정에서 '듀듀', '공쥬'라고 생성한 두 개의 프로필만 사용하고 있었는데, 사용한지 1-2년이 지난 프로필 2개가 갑자기 생겼습니다. 혹시 갑자기 생긴 이유가 무엇인지, 이제는 사용하지 않는 프로필인데 삭제 조치해 주실 수 있는지 문의드리고 싶습니다. 삭제를 희망하는 프로필 이름은 '0'으로 이름이 된 프로필 2개입니다.	6
6	최근 제가 생성한 적 없는 프로필3과 프로필4가 생성되었습니다.\n해킹 의심으로 언제 어떤 IP, 어떤 프로필이 생성한건지 등 관련 메타 정보 알 수 있을까요?	6
6	티빙 더블이용권을 구매하여 기존 야용권을 해지하려는데 고객센터에 알려놓은 MY>프로필>나의이용권 메뉴가없애놨더군요.\n\n이용권구매는 바로되게해놓고.	6
6	티빙 디플 등 다른 플랫폼에는 하나의 아이디로 여러 프로필을 사용하는 경우에 프로필 잠금 기능이 있던데 웨이브에는 없는 건가요? 없다면 향후 도입할 계획은 있는지 알고 싶습니다. 감사합니다.	6
6	티빙처럼 프로필 잠금설정 지원할 계획 없나요??\n넷플릭스, 티빙, 디즈니 다 지원하는데 왜 웨이브만 안 되는지\n너무 불편.. 제발 추가 좀 해주세요	6
6	프로필 1놔두고  2~4 우재 지우나요  궁금합니다	6
6	프로필 2개로 관리 하고 싶은데\n4개에서 삭제가 안되네요\n불편합니다	6
6	프로필 3,4를 지우고 싶은데 삭제할수있는 버튼이 없습니다. 삭제해주실수 있나요?	6
6	프로필 4개 사용중입니다.\n\n삭제를 하고 싶은데 방법이 없네요 \n\n프로필 1개만 나두고 나머지 삭제 방법알려주세요	6
6	프로필 4개 중 하나 사용 중이었는데 프로필1 로만 들어가지고 전환할 수가없어요	6
6	프로필 계정을 두개 사용하고 있었는데 하나가 없어졌습니다.  다시 프로필 추가하려 하는데 추가 방법를 찾을수가 없습니다	6
6	프로필 눌렀는데 나의이용권이 안나오는데 도움 좀 부탁드려요	6
6	프로필 삭제 기능 문의 드립니다. \n\n프로필 삭제 기능이 없나요? \n가족에 의해 잘못 생성된 프로필이 3개나 되고\n주사용 프로필이 일부 기기에서 노출되지 않는 오류가 있습니다.	6
6	프로필 삭제 방법 문의	6
6	프로필 삭제 방법 알려주세요.	6
6	프로필 삭제 방법 알려주세요\n\n메인이 아닌 서브 ~	6
6	프로필 삭제 방법, 프로필이 4개로 되어있는데 2개 프로필을 삭제 하고 싶습니다. 방법을 알려주세요.	6
6	프로필 삭제 불가능한가요? 일일이 시청기록을 지워야 하는게 말이 됩니까	6
6	프로필 삭제, 변경 방법 좀 문의드려요	6
6	프로필 삭제가 자유로웠으면 좋겠고\n자녀 보호 기능에서 성인 콘텐츠가 아예 노출이 안 되게 하고 싶은데 그게 안 되네요\n아이패드 맥북 스마트 티비 전체에서 기능이 자녀보호 설정에선 비밀번호 치기 외에 숨김 기능이 없습니다.	6
6	프로필 삭제는 어떻게 하나요?	6
6	프로필 삭제를 어떻게 하나요?	6
6	프로필 삭제를 하고 싶습니다만 어찌 하는 건지 모르겠내여...	6
6	프로필 삭제방법좀 알려주세요	6
6	프로필 삭제하고 싶어요	6
6	프로필 삭제하는 방법이 궁금함.\n\n현재 4개인데 한 개 없애려고 함.	6
6	프로필 삭제하는법알려주세요	6
6	프로필 생성을 두 개만 했는데 지 지 멋대로 두 개가 더 추가가 되고 삭제도 안 되고 거기에 내 생일 연도가 1999 년12월27일인데 지 멋대로 다른 걸로 바뀌어 있고 대체 이유가 뭔가요? 다른 걸로 바뀌어 있어서 일단 다시 내 생년월일로 바꾸긴 했는데 해킹 당한 건가요? 따로 생성 된 프로필3,프로필4로 들어갔을 때는 시청한 기록은 없는 것 같은데 뭐죠?	6
6	프로필 생성이 안됩니다	6
6	프로필 설정이 왜 두개밖에안되나요? 원래 네개 됏엇는데요	6
6	프로필 잠금설정  문의 드립니다	6
6	프로필 잠금이 아니라 프로필 삭제 요청 드립니다. 현재 '0'으로 되어 있는 두 개의 프로필 삭제 부탁드립니다.	6
6	프로필 추가가 2개까지만 되나요?가능하다면 어디서 추가되나요?	6
6	프로필 추가생성은\n어떻게하나요	6
6	프로필 편집 삭제는 안되나요?\n원래 2개였었는데 갑자기 4개로 늘어났더라고요. \n늘어난 두개 삭제하고 싶은데 삭제가 안되요. \n그리고 tv로 볼때 로그인 하면 자꾸 프로필 편집화면에서 프로필 선택하라고 하던데, (전에는 프로필 선택 없이 로그인이 되었습니다) 왜 그러는 걸까요?	6
6	프로필 편집에 들어가도 기존에 추가된 프로필을 삭제하는 기능이 없던데 프로필 삭제하려면 어떻게 해야하나요? 시청기록까지 전부 날리고 싶어요	6
6	프로필 하나를 삭제 하고 싶은데 바로 지울수 있는 기능은 없나요?\n검색해보면 계정삭제\회원 탈퇴 밖에 없다고 하는데 그럼 웨이브 어플 취소해야하는건가요?\n프로필 하나 삭제 건으로 웨이브 취소 해야하는 건 문제가 있네요.	6
6	프로필 하나를 삭제하든 초기화하든 하고 싶은데 도저히 못찾겠어요.	6
6	프로필, 사용자가 2개였는데 왜 갑자기 4개가 된걸까요? 오히려 더 불편한데 삭제방법있나요?	6
6	프로필\n제가 프로필을 만듬적이 없는데 자꾸 생성되네요\n해킹당한건지 ㅋ\n연동해서 쓰는데 비번바꿔야하는건지요\n\n또 프로필 만들어논거 지우는법 알려주세요	6
6	프로필1 만 사용중이었는데\n갑자기 프로필이 4까지 총 4개로 늘어났는데, 제가 생성한 게 아니에요. \n어떻게 지울 수 있나요? 그리고 왜 생겼을까요?\n의심스러워서 타기계는 모두 로그아웃 하긴 했는데, 네이버 로그인이라 비밀번호 설정이 따로 있지는 않아서\n문의드립니다.	6
6	프로필1,2로 구분되어 있었는데 갑자기 프로필1만 나옵니다. 사용자 구분하고 싶은데 어떻게 해야하나요?	6
6	프로필1,2사용중인데\n프로필1만 나오고 프로필2가 사라졌어요	6
6	프로필1으로는 볼수가없어요	6
6	프로필3, 프로필4 가 새로 생기고 삭제가 안됩니다.\n사용하지 않는 프로필3, 프로필4를 삭제 부탁드립니다.	6
6	프로필3, 프로필4가 갑자기 생겨서 삭제가 안 되는데\n해킹?인가요\n[이용권 유/무에 상관없이 프로필 4개가 기본으로 제공됩니다.] 라는 문구가 보이는데 강제로 생성된 거면 정말 싫습니다\n삭제해주세요	6
6	프로필4 를 쓰고 있는데 로그인하니 1로 되어있어 변경 어떻게 하죠?\n메뉴 창도 업고	6
6	프로필삭제 하고싶은데 안되네요 방법이 없을까요.?\n\n그리고 이용권 기간이 남아있어서 다른요금제로 연동이 안되네요 방법좀 알려주세요	6
6	프로필선택시 Required parameter is missing이라고 나오면서 실행이 안됩니다	6
6	프로필에 비밀번호 설정은 안되나요?	6
6	프로필을 1개만 쓰고 있었는데 갑자기 3개가 추가되어 4개가 되었습니다.\n해킹인가요? 2~4번 프로필은 없애주세요.	6
6	프로필을 더 추가하고싶은데 추가하려면 어떻게해야하나요?	6
6	프로필을 두개만 만들어서 사용하고있었는데\n갑자기 4개로 늘어났어요\n제가 굳이 추가 안해도 기본 프로필 4개로\n업데이트 된걸까요?	6
6	프로필을 삭제하고 싶은데 그런 기능은 없나요? 프로필 삭제 기능 만들어주시면 좋겠습니다.	6
6	프로필을 삭제하고 싶은데 방법을 알려주세요.	6
6	프로필을 생성한적이 없는데 3개가 더 생겨있네요 \n이런경우 해킹당했나 걱정도 되고, 나머지 프로필을 삭제하고 싶은데\n어떻게 해야하나요?	6
6	프로필이 갑자기 4개가 나오는데 2개로 정리 할수 없나요?\n있다면 어떻게 하면 되나요?	6
6	프로필이 갑자기 4개로 늘어났어요\n하나만 또는 두개만 남기고 나머지 삭제하는 법은 없나요?   갑자기 너무  불편해요	6
6	프로필이 갑자기 다른 걸로 바뀌었습니다. 프로필 전환하는 걸 못 찾겠는데 어떻게 하나요	6
6	프로필이 갑자기 중복으로 생성되어 불필요한 프로필을 삭제하려고 하는데\n\n관련 목록이 안나오네요.\n\n전에는 관리 기능이 있었던걸로 아는데 없어진건가요?\n\n프로필관리 경로 부탁 드립니다.	6
6	프로필이 왜 갑자기 생겼나요?\n계정은 공유한적이 없습니다\n\n프로필 2개만 만들었는데 2개가 더 생겼는데?\n\n프로필 삭제하는데도 없고?\n사이트가 뭐 이러나요?\n\n설마 여기도 개인정보가 털린건가요? \n\n프로필이 왜 생겼는지 이유와 프로필 삭제 방법을 답변주시기 바랍니다\n제대로 된 답변을 주시기 바랍니다	6
6	프로필잠금하면 프로필헤제못하나요???	6
6	프리미엄으로 4회선 사용중인데 각 프로필마다 비밀번호 따로 설정은 못하나요? 핀번호처럼요.	6
6	해킹 \n프로필 3,4 삭제요청	6
6	헿인가 탷인가 프로필 삭제좀요;;;	6
6	현재 4개 프로필 사용 중인데 쓰지 않는 프로필 삭제는 따로 할 수 없나요?	6
6	현재 두개의 프로필을 사용하는데 한개 프로필을 삭제하고 싶은데 탈퇴말고는 프로필삭제방법이 없나요?\n\n탈퇴 후 바로 재가입 되나요?\n\n웨이브+티빙 구독하고픈데 웨이브 구독 만료일이 12/7일입니다. 어떻게 하면 웨이브티빙 이용할 수 있나요?	6
6	현재 등록되어있는 사용자 정보가 3개인데요 어느 경로에서 삭제할 수 있나요?	6
6	현재 사용중인 더블슬림 이용권은 프로필 추가 가능한가요?\n\n가능하다면 어떤경로로 추가되는지 알려주세요.	6
6	현재 웨이브 tv로 사용중이나\n접속시 프로필4 개 중 선택 시청 하고있음\n4 개 프로필 중 남은3개 프로필 삭제 요청 \n가능합니까?	6
6	현재 이용중인 요금제는 티빙X웨이브 더블 광고형 스탠다드이고, 결제를 하기 전에 웨이브 프로필을 2개 이용할 수 있다고 명시되어 있는 걸 확인했으나, 결제 이후에도 새로운 프로필 생성이 불가능하여 현재 프로필을 1개밖에 사용하지 못하고 있음.	6
6	현재 총2개의 프로필를 사용중입니다.\n그중 1개는삭제하고 싶은데 삭제 가능한가요?	6
6	혼자 써서 프로필 하나만 있었는데 오늘 보니 갑자기 프로필이 늘었어요 제 계정으로 모르는 사람이 로그인 한건가요? 대처가 안되나요?	6
7	"2019년에 법원으로부터 개명 확정 받아, 현재 ""박선울""로 개명한 상태입니다.\n옛날 이름으로 보이는데 이럴 경우 제가 이름 변경이 어려운 것으로 알고 있어 어떻게 진행해야 할지 확인 부탁 드립니다."	7
7	개명 및 닉네임 변경	7
7	개명 이름변경	7
7	개명 처리가 안돼요	7
7	개명신청으로 이름변경 원합니다\n박새라	7
7	개명으로 이름을 변경하고 싶습니다. [회원정보 수정] 메뉴에서 이름 변경이 불가합니다. 변경 방법 안내 부탁드립니다.	7
7	개명으로 인해 명의자와 환불 정보 내 예금주명이 불일치합니다	7
7	개명으로 인해 명의자와 환불 정보 내 예금주명이 불일치합니다.\n\n- 개명전: 박보람\n- 개명후: 박채원\n- 개명일자: 2021.3.15\n\n별도의 증빙서류가 필요한지 확인 바랍니다.	7
7	개명을 위해 법인핸드폰으로 신분증 사진 발송 후 1:1 재문의	7
7	개명을 했는데요 이름변경이 안되네요??	7
7	개명을 했는데요 이름변경이 안되네요??	7
7	개명이름 변경	7
7	개명한 이름으로 정보변경하려면\n어떻게 해요?\n\n어플 가능하다면 경로 알려주시고,\n다른 가능 방법 알려주세요.	7
7	개명했습니다 필요서류 안내 부탁드립니다.	7
7	개명후 이름 변경	7
7	기존 : 이순영\n개명 : 이로빈\n\n나머지 정보는 모두 동일합니다.\n수정 부탁드립니다.	7
7	안녕하세요\n개명으로 인해 회원정보 수정을 하려합니다\n웹 사이트상에서는 이름 수정이 불가하여 불가피하게 탈퇴 후 재가입을 진행하려하는데,\n\n제가 신비한 동물들과 덤블도어의비밀 패키지(본편+부가영상버전) 영구소장 버전으로  가지고 있습니다\n이런 경우에는 어떻게 진행해야 할까 문의 남깁니다	7
7	오늘 구독 시작하였는데 환불 요청드립니다. 개인정보 수정에서 개명한 이름으로 변경이 안 되어 같이 문의드립니다.	7
7	이름수정	7
7	이름을 개명하여 변경 요청합니다.	7
7	자동결재해지된부분환불확인\n개명으로인해  가입이름 강혜리  개명 후 예금주  강민서입니다.	7
7	제가 skt 우주패스를 써서 skt아이디로 로그인 중인데 개명을 해서 통신사는 개명 후 이름으로 변경이 되었는데 웨이브느 변경 전 이름으로 뜹니다. '김태이'로 개명 했는데 변경 가능한가요?	7
7	제가 개명을 해서 skt에서는 개명 후 이름으로 변경을 했습니다. 그런데 웨이브는 여전히 개명 전 이름으로 뜨네요. 현재 우주패스를 이용하고 있어서 해지 후 탈퇴가 어려운 상황인데 '김태이'라는 이름으로 변경 가능할까요?	7
7	회원정보 이름 변경 문의	4
8	CJ임직원 연동때문에 회원가입 후 본인인증 찾으려고 하는데 본인인증 칸이 없어 문의드립니다	8
8	CJ임직원 티빙 웨이브 연결과정에 웨이브 개인정보수정에서 본인인증하라는데 인증텝이 없습니다	8
8	Cj임직원으로 웨이브 회원가입 후 본인인증 하고자 하는데 프로필 수정에 들어가도 본인인증 절차가 없어 문의드립니다!	8
8	cj임직원으로 티빙어플에서 웨이브 연동시킬려고 했으나 회원정보수정 메뉴에서 본인인증이 필요하다는데 무슨말일까요?	8
8	My-회원정보수정 메뉴에서 이름넣으면 오류메세지가 나옵니다.\n본인인증을 어떻게 해야 하나요	8
8	기존 가입된 소셜카카오계정으로 본인인증이 되어있는데 해당 카카오계정은 탈퇴하여 로그인 자체가 안됩니다.\n새로 본인인증 받을수 있도록 조치 부탁드리겠습니다.	8
8	기존 아이디가 유출된거 같아서 탈퇴하고 새로 가입했는데요, 본인인증한 다른 아이디가 있다고 새로 만든 아이디에서 본인인증이 안됩니다. 어떻게 해야하나요?	8
8	기존에 네이버 로그인으로 본인인증 했었습니다.\n\n이번에 이메일주소 아이디를 사용하여 가입하는데, 본인인증 된 아이디가 있다면서 본인인증이 안됩니다.\n\n이 상태에서 이메일주소로 로그인 해서 구독하게 되면, 모든 서비스를 사용 가능한가요?\n\n만약 아니라면 본인인증이 가능하게 조치해 주세요.	8
8	기존에 제 이름으로 가입했지만 결제하던 결수단을 모친 명의로 했는데요...다시 결제 하려고 결제 수단을 제걸로 바꾸고 본인인증까지했는데 결제수단이 모친 명의가 아니라며 결제가 되지 않는데 결제수단변경을 어떻게 해야하나요?	8
8	나의정보수정에서도 본인인증 방법이 안보이는데\n어디서 할 수 있나요?	8
8	본인 인증 실패	8
8	본인 인증 진행 시 아래와 같은 알럿 발생되고있습니다. 인증 가능하도록 요청드립니다. \n카카오톡으로도 가입되어 있어서 해당 계정으로 본인 인증해도 동일한 오류 발생됩니다.\n\n\n회원님께서는 이미 본인인증한 다른 Wavve 아이디를 보유하고 계십니다. 현재 아이디는 본인인증을 하실수 없습니다. 확인을 누르시면 홈으로 이동합니다.	8
8	본인 인증 진행 시 아래와 같은 알럿 발생되고있습니다. 인증 가능하도록 요청드립니다. 회원님께서는 이미 본인인증한 다른 Wavve 아이디를 보유하고 계십니다. 현재 아이디는 본인인증을 하실수 없습니다. 확인을 누르시면 홈으로 이동합니다.	8
8	본인 인증 진행 시 아래와 같은 알럿 발생되고있습니다.\n인증 가능하도록 요청드립니다.\n\n\n회원님께서는 이미 본인인증한 다른 Wavve\n아이디를 보유하고 계십니다.\n현재 아이디는 본인인증을 하실수 없습니다.\n확인을 누르시면 홈으로 이동합니다.	8
8	본인 인증이 안됩니다.\n티빙 더블 이용권이라서 본인 인증을 해야 하는데 이전에 다른 아이디로 본인인증이 됐다고만 돼있고요,\n그렇다면 아이디라도 알려주면 그걸 활용할텐데 아이디도 없다고 나옵니다.\n해결 방안을 알려주세요.	8
8	본인인증 문의	8
8	본인인증 방법	8
8	본인인증 어디서 하나요	8
8	본인인증 어디서 하나요 ?	8
8	본인인증시 본인 인증한 아이디가 있다고 뜨는데\n\n문의 드렸을 때 아이디 회원 탈퇴하라고 연락받아서 연락받은대로\n\n계정 모두 탈퇴하였습니다. 그러고 새로 회원가입하여 본인인증 하면\n\n탈퇴한 아이디로 본인인증했다고 뜨는데 확인 부탁드리며\n\n상담원과 통화 하고 싶습니다.	8
8	본인인증을 하려면 어떻게 해야하나요?	8
8	본인인증을 할수가 없는 상황이라 경로를 확인 부탁드립니다.	8
8	본인인증이 되지않아요	8
8	본인인증이 안되어 이용권사용을 못하고있음	8
8	본인인증이 안됩니다	8
8	본인인증이 안됩니다. 기존 등록된 아이디 어쩌고 하면서 나오는데\n뭐 이것저것 해봐도 안돼요 어떻게 해야되나요	8
8	본인인증탭이 비활성화 됨	8
8	본인인증하니 인증된 아이디가 있다고 메세지 뜨는데 오류 이전 아이디 기억이나지 않습니다\n초기화하고 싶은데 어떻게해야 할까요	8
8	안녕하세요 본인인증을 지금 제 이름(양서연)으로 해두었는데 원래 친구계정이라 제 본인인증을 삭제하고 싶은데요.\n어떻게 해야될지 몰라서 문의글 남깁니다.\n본인인증을 해제해주시거나 변경하는 법 알려주시면 감사하겠습니다	8
8	안녕하세요, 저는 cj 임직원으로 웨이브 계정을 연결하려는데\n회원정보 입력을 위해서는 본인인증을 해주세요.라는 문구만 뜨고 본인인증을 어디에서 해야하는지 전혀 모르겠네요..\n확인 부탁드려요	8
8	안녕하세요. \n계정이 아예 사라져서 문의드립니다.\n\n그저께까지만 해도 잘 사용했는데\n어제부터 이용권 구매하라고 떠서 오류인가 싶어\n로그아웃을 했습니다. 한 번 로그인 해두면 오래 로그아웃하지 않고 보기 때문에 아이디가 기억이 나지 않아 아이디 찾기(간편찾기 및 본인인증으로 찾기)를 했는데 '일치하는 회원이 없습니다'라고만 뜹니다. 이용권도 갑자기 사라지고 이젠 계정 자체를 아예 찾을 수 없는데 이런 경우에는 어떻게 해야하나요??? 빠른 답변 부탁드립니다.\n수고하세요!	8
8	안녕하세요. 문의 드리고 싶은게 있습니다.\n회원정보에서 본인인증을 하려고 하는데 이미 본인인증을 한 다른 아이디가 있다고 팝업 메시지가 노출됩니다.\n그리고 현재 아이디는 본인인증을 할 수 없다고 합니다.\n어떻게 해결 할 수 있을지 답변 부탁드립니다.\n감사합니다.	8
8	예전 네이버 계정으로 웨이브를 가입했고 현재는 네이버 계정은 탈퇴상태입니다.\n\n새로만든 네이버 계정으로 웨이브를 연동했지만 본인인증이 되지 않습니다.	8
8	웨이브 연결 시 가입된 메일로 본인인증할 경우 이미 본인인증된 아이디가 있어 인증불가라는 오류	8
8	전화번호가 바껴서 본인인증후에 바꾸려고 했는데 이미 본인인증된 계정이라고 안되는데 어떻게 해야 되나요?	8
8	제가 이미 다 해봤던 방법이고 현재 결제가 나가고 있는 아이디 확인이 필요합니다\n본인확인및  sns간편로그인 방법은 다해봐도 새로 가입을 해야한다거나 이용권이 없는 아이디로만 확인이 됩니다 티월드로 간편로그인했었던걸로 기억하는데 그 방법으로 해도 이용권을 다시 결제해야만 한다고하니 답답하네요 한달넘게 돈은 나가고 있는데 제대로 이용도 못하고 있어서 정말 답답하네요	8
8	제가 휴대폰으로 본인인증을 할수없는 환경이라 아이핀으로 인증하려 했는데\npc와 휴대폰 모두 아이핀인증시 마지막에 410 오류가 뜨면서 진행이 안됩니다	8
8	초기에 본인인증을 못했는데 본인인증 하는 방법 안내 부탁드려요	8
8	탈퇴를 하고 재가입을 해도 계속 이런 메세지가 나옵니다. \n\n회원님께서는 이미 본인인증 한 다른 Wavve\n아이디를 보유하고 계십니다.\n현재 아이디는 본인인증을 하실 수 없습니다.\n확인을 누르시면 홈으로 이동합니다.\n\n어떻게 하면 본인 인증을 받고 사용할 수 있나요? 해결 방법을 알려 주세요.	8
8	티빙에서 연동할려니까 회원가입하고 본인인증 해야만 가능한다는데 본인인증이 어디에 있나요?	8
8	티빙연계 하려하는데 계속 웨이브 내 본인인증 하라하네요\n어디서 하는건지 찾을 수 없어 문의드려요	8
8	회원가입 후 회원정보 수정 화면 내 본인인증 방법 문의드립니다.	8
8	회원님께서는 이미 본인인증 한 다른 Wavve 아이디를 보유하고 계십니 다.\n현재 아이디는 본인인증을 하실 수 없습니다.\n\n이 아이디를 어떻게 찾을수 있나요???\n아이디 조회도 안됩니다	8
8	회원님께서는 이미 본인인증 한 다른 Wavve 아이디를 보유하고 계십니 다.\n현재 아이디는 본인인증을 하실 수 없습니다.\n확인을 누르시면 홈으로 이동합니다.	8
8	회원정보수정메뉴에서 본인인증 하라는데\n어디서 해야할지 모르겟어요	8
8	휴대폰 본인인증	8
9	[ 환경설정 → 성인 콘텐츠 설정 → 자녀보호 설정 / 성인 비밀번호 설정 ] 아이폰을 통해 위 경로로 접속 시에 성인인증을 다시 진행하라고 뜹니다 앱 삭제후 다시 깔고 다해봐도 그렇습니다	9
9	1년에 한번하는 성인인증이 안되요\n확인부탁드립니다	9
9	각 프로필마다 잠금설정 안되나요?\n자녀 때문에 프로필별 잠금설정과 성인인증을 따로 해야하는데 하나 변경하면 성인인증이 모든 프로필 같이 되는데 따로 관리할수 없나요?	9
9	내 프로필로 티비에 로그인 했는데 왜 성인인증을 하라는 거죠  qr코드 스캔하고 링크는 어디서 찾아 눌러야 하나요	9
9	성인 인증 비밀보호 해제하는 법을 알려주세요. 매번 입력하고 들어가야하는 건가요? \n너무 귀찮습니다. \n\n제가 모든 OTT를 구독하고 있지만 프로필 비밀번호는 쿠팡을 제외하고 유일하고, 성인인증도 1년해지가 없다는 것도 유일한것 같습니다. 만약 제가 못찾은 것이라면 죄송하며 해지 방법을 알려주세요.	9
9	성인 인증시 보내준 유알엘을 누르면 로그인정보가없다고 나오네요	2
9	성인 인증의 유효기간이 1년으로 알고 있습니다.\n그런데 혹시 이 성인인증이 이용권이 없는 상태에서도 유지되는지 알고 싶습니다. 감사합니다.	9
9	성인인증 걸지 않았는데 인증하라고 떠서 하려고 하면 오류화면이 떠요~~	9
9	성인인증 또하라고 뜹니다	9
9	성인인증 방법부탁드려요 1년지나서 재인증해야하는것같아요	9
9	성인인증 비밀번호 이전에 바꾼 기록 볼 수 있나요?	9
9	성인인증 비번 입력하지않고 사용하기	9
9	성인인증 하라는데 문자가 안와요!	9
9	성인인증방법	9
9	성인인증실패오류	9
9	성인인증은 어떻게 하나요?	9
9	성인인증은 이메일 로  인증이 안되나요. 휴대폰인증. 외에 다른 인증 방법이 있나요.	9
9	성인인증을 2026년 1월30일 하엿는데요 엊그제 설정에서 자녀보호 설정에서 성인콘텐츠잠금시에 또 성인인증을하라고 뜹니다 이거 왜이런겁니까 문의를 중복문의처리하지마시고 제대로 읽어보시고 답변좀 주십시요	9
9	성인인증을 모바일로 비밀번호를 설정했는데 계속큐알코드를 스캔해서하라고 뜨니어찌된 밀인지? 어찌해야하는지요?	9
9	성인인증을 하려는데 문자로 하고싶은데 문자가 오지도않고 다시눌러도 인증요청중이라고만 뜨네요	9
9	성인인증을 할 때\n한 사람이 성인인증을 하면 나머지 세개의 프로필도 성인인증이 되나요? 아니면 프로필마다 해야 되나요?\n만약 한사람만 성인인증을 해도 된다면 성인인증은 계정주가 해야 되나요, 다른 프로필의 사람이 해도 되나요?	9
9	성인인증이 되어잇어도 자녀보호 설정 또는 성인 비밀번호 설정 클릭 시 성인인증이 뜨는데 처음 설정할때는 혹여나 성인인증을 또 해야할수도잇나요? 제대로된 답변좀 주십시요 찝찝하네요	9
9	성인인증이안되요	9
9	성인인증할때 휴대폰 인증했는데 계속 휴대폰 인증하라고 나오네요	9
9	아무리찾아도 어디서해야하는지안나와요\n성인인증말고 본인인증이요	9
9	아직 이용권 구매 전이고, 티빙계정과 연결을 위해 본인인증이 필요합니다. 성인인증까지는 한 것 같은데 계정 연결 시 계속 본인인증 하라는 안내창이 나와서요. 본인 인증은 어떻게 진행해야하나요?	9
9	애플티비에서  자녀보호 설정 없이 시청하고 싶은데 매번 성인인증 비밀번호를 입력해야 하네요 \n저희 집은 미성년자가 없어서 차단을 하지 않고 시청하고 싶은데 \n애플티비에는 자녀보호 차단하지 않음 이라는게 없네요	9
9	예전 연락처여서 번호 다시 입력했는데 성인인증 문자가 \n안오네요! 갓 20대도 아니고 자꾸 인증하라고 하나요? \n인증전송이 오류난거 아닌가요?	9
9	원래 성인인증을 해놨었는데 갑자기 오늘 확인해보니 성인인증이 풀려있습니다. 제 시청기록 확인해보시면 진짜인 거 확인 가능해요 ㅠㅠ 해결해주세요 ㅠ	9
9	웨이브 tv 앱 시청제한이 왜 안풀리나요??\n성인인증 이고 별짓을 다해도 안되네요\n고야의 유령이라는 영화를 보려 가입했는데요..\n시청제한이 풀리지 않아서 tv 앱으로 시청불가합니다\n핸드폰은 가능하나 큰화면으로 보고싶어요!\n시청제한 풀리지 않으면 환불해주세요	9
9	자녀보호 설정 성인 비밀번호 설정	9
9	제가 영화 볼라고 결제해서 들어갔는데 갑자기 시청이 불가한? 기기라고 뜨네요 성인인증까지다하고 결제까지 다하고 사람 번거롭게 다 시키고 결국 엔딩은 불가능하다? ㅋㅋ 기분이 많이 잡치네요	9
9	크롬캐스트 이용해서 웨이브 이용 중입니다. 로그인이 풀려서 폰 번호로 새로 로그인 한 후 성인인증도 다시 하라고 해서 폰 번호 입력허니 폰으로 보내준 링크로 접속하라고 하는데 막상 접속하면 로그인된 회원정보가 없다고만 뜨고 성인인증으로 연결이 안 됩니다.	9
9	티비로 시청시  성인인증 비번설정이 반복적으로 나오는데 해결방법좀 부탁드려요.	9
9	티비성인인증방법	9
9	해외이용자입니다. 영화보려는데 성인인증 핸드폰으로 문자를 못받아서 인증을 못하고있는데 성인인증 풀수있는 다른 방법 없나요? 79년생입니다.	9
9	핸드폰이 제명의가아니라서 성인인증이안되요 다른방법있을까요	9
11	sk t우주에서 이용권 연결	11
11	sk 우주패스 연결 안됐는데 연결완료라고 뜹니다.0	11
11	Skt t우주로 티빙+웨이브 2개월 광고형 스탠다드 결제를 했는데 연동이 안됩니다. 어떻게 하나요?	11
11	skt 멤버십으로 \n티빙+웨이브\n광고형 구독하고 연결까지했는데 왜\n미리보기로만 시청이되죠?	11
11	Skt 우주패스 이용자입니다. 몇개월 잘 썼는데 갑자기 연결이 안돼서 이용권이 없다고 뜨네요 skt 우주패스 편의점&카페 추가상품으로 wavve 콘텐츠팩 이용중입니다. 해결법 좀 알려주세요	11
11	skt 우주패스로 이용\n웨이브 연결완료하였는데\n막상 로그인해서 보면 이용권이 뜨지 않아요.\n오류인가요?	11
11	Skt 웨이브엔 데이터 9900 이용중인데\n갑자기 로그인 풀린 이후로 재연결이 안됩니다\n티월드로 하려고 해도 이미 인증되었다고만\n뜨네요 도와주세요	11
11	SKT에서 웨이브 구독신청하고 WAVE 로그인했는데 연결이 안되요. 어떻하나요?	11
11	Skt요금제 쓰며 wavve 앤데이터로 9,900원 내고 사용하고 있는데 , 웨이브에서 로그아웃되더니 이용권을 등록하라고 뜹니다. \n어디서 인즈을 따로 해야하나요? 해결방법은 어떻게 될까요?	11
11	Skt통신사 요금제로 웨이브 무료이용권이 있는데 웨이브에서는 무료이용권이 없다고 시청이 안됩니다.웨이브아이디 찿기를 해도 T아이디 하나밖에 없는데 왜 그럴까요?3시간동안 해결할려 매어 있었더니 이제 짜증이 납니다..해결 좀 해주세요~~	11
11	sk계정으로 티빙+웨이브 광고스탠다드 이용권을  5500원에 구매했습니다 웨이브를 이용하려고 통신사계정으로 연결해서 로그인을 했는데요\n로그인 후 시청하려고 보니 이용권을 구매하라는것을 보고 또 다시 6300원을 결제했습니다\n후자의 경우는  결제만 하고 이용은 하지 않았습니다\n6300원 환불 부탁드립니다 그리고 처음 5500원결제시 연결된 T로그인 이용은 어떻게 로그인하나요? 로그인 진행해도 자꾸 이용권구매하라고 나오네요 이미 5500원 티빙+웨이브 구매했는데도	11
11	sk랑연결되어있는 아이디가ㅡ있는데 로그아웃되면서 로그인을 하려고 하니 없는회원이라 뜹니다\n그래서 t월드 아이로 가입해서 로그인을 하니 sk연결되어있는 이용권이 적용되어있지 않아요	11
11	Sk요금제 무제한쓰고 있습니다 t월드에 웨이브 무제한이라고 되있는데 연동이 안된건지 이용권구매하라고만 뜨네요	11
11	Sk요금제 연계  혜택 선택했는데 어떻게가입하나요?	11
11	SK요금제 혜택, 무료가 되지않고\n이용권 구매하라고 나옵니다 ㅜ\n확인부탁드립니다	11
11	t-ID를 연결한적이 없는데 이미 연결했거나 가입하신 계정이 있다고 합니다.\n\n기억이 나지 않으니 계정 확인부탁드립니다.	11
11	TVING 프리미엄, Wavve 콘텐츠 팩 프리미엄를 T우주패스를 통해서 정기결제 신청을 했는데, 지금 이용권을 이용하고 있다고 계정연결이 안되네요.\n\n그래서 현재 이용하고 있는 연간 이용권을 취소하고,\n일부 부분환불을 받을 수 있으면 좋겠다 싶어서 이렇게 글을 남깁니다.	11
11	t멤버십 구독을 했으나 연동완료로 뜨는데 이용권이 없다고 나옵니다. 문제 원인과 해결방안은 무엇인가요?	11
11	T멤버십으로 구독 신청 완료하고, 계졍 연결까지 했는데,,\n시청시 미리보기 밖에 되지 않고 구독이 적용이 안되네요. \n빠른 처리 부탁드립니다.	11
11	T우주 연결하기가 안됩니다\n이 계정으로 본인인증하려고 하니\n다른 아이디로 본인인증되어있다고 뜨는데\n저는 다른 아이디는 이용중인게 없습니다....\n얼마전에도 문제생겨서 기존에 가입된 아이디는 탈퇴를 했었구요.\n제 T아이디로 로그인했는데 왜 또 로그인 문제가 있는걸까요?\n이 아이디가 본인인증될수있게처리해주세요	11
11	T우주로 웨이브 티빙 더블 이용권 구매했는데, 현재 사용중인 이용권 때문에 연결이 안된대요. 해결해주세요.\n광고형 이용권 너무 별로여서 빨리 다른 이용권 쓰고 싶어요.\n참고로 광고형 너무 별로였어서 한달 거의 쓰지도 않았습니다 ㅡㅡ 너무 기능이 제한적이에요.	11
11	T우주에서 광고형 웨이브 +티빙 6500원 구독권 연결이 안되고 있습니다.  티빙은 이용이 됩니다. \n웨이브는 연결이 안되네요.  확인 부탁드립니다.	11
11	T우주에서 웨이브 앤 데이터 프리미엄을 선택했는데 T아이디로 로그인해도 구독권이 뜨지 않아 문의드립니다	11
11	T우주에서 티빙&웨이브 결합 상품 가입했는데 웨이브 로그인을 해도 연동이 안됐는지 가입하라고만 뜨네요 어떻게 해야할까요?	11
11	T우주에서는 웨이브 계정과 연결완료로 뜨는데 웨이브에서는 이용권 없음이라고 뜹니다. 이것저것 다 시도해봤지만 안됩니다.\n연결 부탁드립니다.	11
11	T우주패스로 연결했는데 이용중인 이용권이 없다고 나옵니다.	11
11	T월드가서 보면 웨이브 앤 데이터 프리미엄 등록되있고 아이폰에서도 구독으로 2026년3월17일에 갱신으로 되있는데 가입된 상품이 없다고 나오나요?	11
11	구독 자동갱신이 9월 30일에 됐는데 skt 티빙, 웨이브 함께 구독하는걸로 다시 결제했습니다. 티빙은 해당 구독방법으로 연결을했는데 웨이브는 구독항목이 이미 있다며 연결이 안됩니다. 구독해지도 했고 9월 30일부로 사용을 안 했는데 10월 30일이 되어야 구독 완전해지 된다고 써있는데, 지금 바로 해지하고 사용 안한부분 환불 원합니다. 웨이브 자체 구독 해지가 되어야 skt을 통한 구독을 사용할수있고 1주일내로 웨이브 연결하지않으면 skt 구독 해지된다고 하네요. \n\n10월 30일되면 구독 만료가 아닌 지금 구독 만료 시켜주시고 사용안한 기간에 대해 환불부탁드립니다. 그래야 skt 티빙 +웨이브 구독을 원활히 진행할수있습니다.\n\n참고로 아이폰 App store 상에서 구독했습니다	11
11	구매해서 연결까지 됬는데 계속 이용권 구매하라고 떠요	11
11	기존 pooq 이용권을 해지하고 skt 티빙+웨이브 이용권을 결제했는데 계정연결이 안됩니다	11
11	기존에 요금제결합상품에소 T우주 결합상품으로 변경후 연결완료라고 뜨지만 웨이브에들어가면 이용권구매하기라고뜨고 미리보기밖에볼수가없어요\n결제는하고 볼수가없는게말이됩니까	11
11	수고많으십니다.\nSK텔레콤 T우주패스에 Wavve팩을 이용중인데 어디서 연결을 해야하는지 확인이 안됩니다.\n자동으로 연결이 될줄 알았는데 자동으로 무료 이용이 되지 않고 있어서 문의드립니다.\n어디서 무료이용 연결을 할수 있는지 확인부탁드립니다.\n고맙습니다.	11
11	안녕하세요 웨이브 T우주로 가입하려고하는데 연동이 되었다고 \nSK에 전화해보니 해당 아이디는 이메일형식으로 등록이 되었다고 합니다. 그래서 아이디 찾기에 확인 해보니 생성하신 Wavve ID가 없습니다.라고 나오고 있습니다. 해당부분 확인 해주세요\n\n현재 간편 찾기로 하면 2개의 아이디가 나오고 둘다 동일 한 메세지 나오고 있습니다.\n연결된 SNS계정은 T월드로 연동 되어 있는거 같은데 T월드는 이메일형식이 아닌 ID방식으로 로그인이 되는 방식인데 해당부분 빠르게 확인 부탁드립니다.\n\n이메일 방식의 계정찾기를 해도 정보가 없다고 뜨는데 통합이 된건지 빠른 처리 부탁드려요	11
11	어제 티월드에서 우주패스 구독하기로 이용권 구매했는데 티빙은 연결이 잘되었는데 웨이브는 연결되었다고는 나오는데 이용권이 없다고 이용권 구매하라고 뜹니다.\n어떻게 해야하나요?	11
11	우주패스 연동된걸 다른 서비스로 변경했는데 혹시 이번달이 지나야 반영되는걸까요? 티빙은 이미 결제를 해둬서 같이 쓰는 이용권이라 연결해야되는데 기존 웨이브이용권이 있어서 연결이 안되서요	11
11	우주패스 웨이브콘텍츠팩 구입을했는데\n연결완료라고 떠 있는데\n이용이 불가합니다	11
11	우주패스로 티빙과웨이브 월6500원 구매 했는데\n티빙은 구매연결이 되었는데 워이브는 구매하신 상품이 없다고 합니다 우주패스에 들어가 보면 상품구매 완료 연결됨으로 나온데 ㅠ	11
11	재생이되지않고잇어요\nT우주로 웨이브.티빙결합할인하여 \n결제햇는데. 티빙은 되는데\n웨이브만 미리보기만 되고잇습니다.	11
11	전에는 T우주에서 넷플릭스와 결합 상품을 이용하다가 이번에 바꿨는데 T우주에서는 웨이브와 연결완료로 나오는데 웨이브를 이용할 수 없네요 무슨 문제일까요?	11
11	제가 t우주로 웨이브랑 티빙이 같이 있는걸 결제 했는데 저는 계정을 연결한적이 없는데 연결됨이라고 뜨길래 t멤버십 계정이랑 연결이 됐나보다하고 볼려고하니까 이용권을 결제하라고 뜨는데 어떻게 된걸까요?	11
11	콘텐츠팩권을 삿는데 이용이 안되서요	11
11	통신사를 통해 T우주에서 결재하였습니다.\n티빙은 계정 연결이 되었는데, 웨이브는 연결이 안되어서 시청에 불편이 있어 문의합니다.\n\nT우주에서 연결 완료로 확인이 되는데 웨이브에서는 안된것 같아 문의합니다.	11
11	티빙과 웨이브.더블이용권 T우주에서 구독했는데 \n티빙은 되는데 웨이브는 연결되었다하는데 이용할 수가 없어요.	11
11	티빙과 웨이브랑 같이 결합된 상품을 우주패스를 통해서 구매했는데 티빙과 같은 계정이 웨이브에서는 로그인이 안됩니다. 티빙과 함께 결합된 웨이브 이용권을 어떻게 사용할 수 있나요?	11
11	티빙웨이브 연결상품을 이용중인데, t월드에서는 웨이브와 연결되었다고 하는데 실제 웨이브에는 연결이 안되어있습니다	11
11	티우주 웨이브앤데이터가 구독되어있는데 이용권이없어요	11
11	티우주 콘텐츠팩을 사용하고있느데 현재 연결된 계정으로 정확히 알수없어서\n로그아웃도 못하고 있는 상황입니다\n현재 연결된 계정을 정확히 카카오 어떤 계정인지 알수가 있을까요?\n아이디를 모르겟어요....카카오연결로 접속되었는데 지금현재는	11
11	티우주패스로 더블 이용권 구매했는데 이용권이 없다고 나오네요.. 해결부탁드립니다	11
11	티월드에서 우주패스구독으로 이용권 구매했는데 서비스 이용이 안됩니다.	11
12	11월1일 해지 신청하였으나\n11월2일자 사용이 가능하네요 \n중도해지 신청합니다. \n티빙 더블이용권 할인 구매 하여 \n계정 연결하려고 하는데 잘 안되네요.	12
12	2025.12.20 01시 15분 더블 광고형 스탠다드를 분명 네이버 페이로 결제하고 티빙까지 연동을 했는데 웨이브를 들어와서 이용권을 사용하려 확인하니 이용권을 구매하라고 합니다. 빠른 조치 부탁드리겠습니다.	12
12	3peak을 티빙에서 구매했는데 웨이브는 연동이 안됩니다. 구매중인 이용권이 있어서 사용이 안된다고 뜨는데 현재 사용중인 이용권을 해지했는데도 계속 안되네요. 이용권 만료된 후에 연동해야하나요? \n\n웹에서만 연동 가능하대서 적힌대로 진행하려고 해도 웨이브에는 연동하기 버튼 자체가 없습니다.	12
12	qoop요금제 서비스가 곧 중단 된다고 해서. 티빙웨이브 결합으로 바꾸려구요.. 티빙에서 결합요금제로 선택후에 웨이브계정 연결 하려고하니 안되서요 . 해지하면 연결될거 같은데 해지 부탁드립니다.	12
12	TVING+Wavve 결합요금제를 오늘 구독했습니다.\n티빙에서 사이트에서 자동결제 신청을 하였고, 웨이브 계정을 연결하기 위해 기존의 사용중이던 웨이브 구독권을 해지하고 연결시도했으나 이용중인 구독권으로 인해 연결 불가라고 합니다.\n\n 처리방법을 알려주세요	12
12	tving에서 이 이용권을 구매 후 wavve에 연동 작업을 진행했는데 wavve 로그인에서 정보가 없다고 하고 로그인이 안됩니다. 당시 연동 직전에 계정을 생성했습니다. 어떻게 해야하는지 알려주세요.	12
12	Wave thing 함께구독하기 중 wave연결이 안되요 티빙은 연결해서 보고 있는데 wave는 연결이 안되서 회원가입하라고 나오네요	12
12	구매내역에서\n티빙연결하기 가\n보이지않아요\nㅜㅜ	12
12	그럼 프로필이2개인데 결제는하나만 결제되어있나요?\n저번달에는티빙안되는데 이번달은티빙연결이왜되는걸까요?	12
12	기존 웨이브 이용권 해지 신청했는데 월말이네요\n\n티빙에서 더블 신청 후 계정 연동하려고 하니 안되서요\n\n해결방법 있나요	12
12	기존 티빙 아이디가 다른 이용권 이용중이어서, 웨이브에서 최초 가입시 연동을 다른티빙아이디로 했는데, 이제 풀려서 기존 이용하던거에 연결하려고 합니다. \n\n \n이용권 해지가 필요하다면 해지하고 다시 가입하겠습니다. \n해지해주세요.	12
12	기존 티빙 이용중에 웨이브에서 티빙+ 더블스탠다드로 구매햇는데 티빙은기존 광고형이더라구요 정기결제취소해놨고\n안내된글보니까 이용권 내역에 티빙계정 연결하기있다고적혀서 들어갔는데\n없어요. 계정연결하기가	12
12	기존 티빙 정기구독이 11월 17일 종료되어 웨이브 정기구독 결제시 웨이브, 티빙 같이 되는 구독결제를 했습니다\n티빙에서 어떻게 연결해야하는지 알려주시기 바랍니다	12
12	네이버 아이디로 더블 7000원 구독을 했는데 티빙에서 구독하고 아이디 쓰고 있는 것을 깜박해서요ㅠ\n남은 기간이 겹쳐서 아이디 연동이 안되서요\n웨이브에서 결제한 구독을 취소하려고 합니다	12
12	ㄷㅓ블이용권인데 티빙 연동 했었는데 안되요..	12
12	더블 스탠다드 이용권에 연결되어 있는 티빙 계정을 다른 계정으로 변경하고 싶습니다	12
12	더블 요금제로 변경했는데 my 메뉴에서\n티빙 계정 연결할 수 있다고 하는데 \n그런 메뉴는 나오지 않고 티빙도 안되네요.\n기존 티빙 이용중이다가 더블요금제로 갈아타고\n티빙은 취소했는데 되질 않습니다.\n고객센타 전화하니 상담업무가 종료됐다는데\n오늘 평일 아닌가요? 오늘 왜 상담업무를 \n안하시는건지...\n결국 휴가 내내 티빙은 이용 못하게 될거 같은데\n해결 안되면 해지하고 다시 티빙으로 할수밖에 없습니다.\n저는 야구때문에 티빙은 꼭 봐야하는 상황입니다.\n빠른 답변 바랍니다.	12
12	더블 요금제로 티빙이랑 같이 사용중인데 웨이브 가 카카오톡 아이디로 연동 된 거 같습니다 다른 아이디로 연동 변경이 가능할까요?	12
12	더블 이요권으로 사용 중인데요 티빙 계정에 계속 오류가 나서 탈퇴 후 다른 티빙 계정으로 연결이 가능하나요?	12
12	더블 이용권 연결된 계정을 바꾸고 싶어서 해지하고싶습니다	12
12	더블 프리미엄 계정 연결에 관해서\n\n이용권을 구매하고 티빙에 연결되는 계정을 다른 것으로 변경하고 싶은데 아무리 찾아봐도 없어서 문의로 남깁니다. \n\n티빙에 연결되는 계정 다른 것으로 변경하고 싶은데 어떻게 해야 하는 지 알려주시면 감사하겠습니다.	12
12	더블광고가입\n티빙자동연결방법 변경하고싶어요	12
12	더블구독했는데 티빙 계정연결 누르면 아이디 비번만 나오네요\n계정연결확인해주세요	12
12	더블이용궈 티빙에서 구매했느네 연결이안되네요	12
12	더블이용권 구매했는데 웨이브이용권 사용중이라서 연결이 안된데요 해지했는데 바로 연결안되나요	18
12	더블이용권 구매후 티빙연결이 안됩니다. 어떻게 연결을 해야하나요?	12
12	더블이용권사서 계정연결하려고합니더	12
12	더블이용권에 연결된 티빙 계정 변경을 하기 위해, 이용권 해지 요청을 드립니다.\n해지 후 재결제하고, 다른 티빙 계정 연결하려 합니다.	12
12	더블이용권을 구매하였는데 처음 구매시 티빙 연결을 못하였는데 그 이후 티빙 연결을 할 수 가 없네요..\n자주하는 질문 난에 \n\nMY] 메뉴 → [나의 이용권] 선텍 → 이용권 내역 → [TVING 계정 연결하기] 선택 이라고 써있는데\n\n 들어가보면 티빙계정 연결하기가 없음	12
12	수고 하십니다\n방금 웨이브+티빙 이용권을 구매하였습니다.\n웨이브에서 티빙계정 연동을 어떻게 할 수 있을까요?	12
12	실수로 안쓰는 티빙 계정 로그인했는데, 변경하는 메뉴가 없는것같아요.\n지금 연동된 티빙계정 해제할 수 있으면 해제해주셨으면 좋겠습니다. 감사합니다.	12
12	아니 같이 연동해서 볼수있따해서 결재했더만 연동도 안되고 마이 칸에 들어가거나 회원수정에 들어가거나하면 티빙 계정연결 있다해놓곤 있기는머가 있다는건지 원 말만 적어놓지말고 누를수 있는 칸을 만들던지 해야되는거 아닌가요 아니면 환불이라는 것도 해주던가 이건 머 웨이브에서 결재하면 웨이브만 볼수있구만 무슨 더블 시청 가능하다고 사기로다가 해놓은 건지 모르겠네	12
12	안녕하세요 \nwavve 이용권 사용중인데, 다음 정기결제를 취소해놓은 상황입니다.\ntving에서 더블 이용권을 구매해서 웨이브 계정과 연동하려하니, 웨이브에 이미 이용권 이용중이라 (정기결제 전 남은기간) 안된다고 하네요 \n지금 사용중인 웨이브를 중도해지해주시고, 티빙 아이디와 연결할 수 있을까요\n티빙아이디는 cj one으로 로그인하기에서 아이디 ceo9958입니다.	12
12	안녕하세요 기존에 이용하던 이용권이 올해까지만 사용된다고 해서 티빙에서 결합 요금을 결제 한 상태인데\n계정 연결하기를 하니 사용중인 이용권이 있다고 합니다 자동 결제는 취소했는데 이용권이 12월 5일까지인데 그떄까지 안기다리고 바로 연동하고 싶어서 연락드렸습니다 남아있는 지금이용권 바로 없애주세요	12
12	안녕하세요 웨이브에서 더블이용권 결제하고 티빙 계정연결을 했는데 연결된 티빙계정 말고 다른 계정으로 연결할 수 있을까요?	12
12	안녕하세요. \n티빙x웨이브 더블이용권을 티빙에서 구입 후 웨이브 계정에 연결하려고 하니 이미 사용하고 있는 웨이브 이용권이 있어서 연결이 불가능하다고 뜹니다.\n웨이브 이용권은 이미 해지를 신청한 상태이나 잔여 일자가 남아있는 상태입니다.\n이 경우 어떻게 처리를 해야하나요?	12
12	안녕하세요. 웨이브 티빙 연동 요금제 7000원 짜리 신청했는데요.\n티빙으로 연동이 안되네요. 정보에 보면 연동 아이디는 나오는데\n티빙 앱으로 가보면 연동이 안되어 볼 수가 없는데 \n어떻게 해야 할까요??	12
12	"안녕하세요.\n\n전 웨이브, 티빙 2가지 모두 정기결제로 사용하다가 이번에 더블 이용권으로 바꾸려고합니다.\n\n티빙에서 더블 프리미엄 정기권을 구매하여 웨이브랑 연결하려고 하니 \n\n""사용중인 이용권이 있는 계정입니다"" 라고 뜨면서 이용권이 있어 연결이 안된다고 합니다.\n\nFAQ에서는\n■ Wavve 이용권 내역에서 이용권 해지 \n\n① [MY] 메뉴 → [나의 이용권] 선텍 → 이용권 내역 → [이용권 해지] 선택\n\n이렇게 안내되어있는데 전 1년씩 웨이브 구독하는거라 그런지 이용권 해지가 없네요.\n이럴땐 어떻게 해야하나요?"	12
12	안녕하세요.\n\n현재 사용 중인 웨이브 계정을 티빙 결합상품(티빙+웨이브 요금제)에 연결하려고 합니다.\n기존에 구글플레이를 통해 정기결제를 진행했으나, 이미 구글플레이에서 구독은 취소하였습니다.\n다만 결제기간이 남아 있어서 아직 “이용 중”으로 표시되어 티빙과의 연동이 불가능한 상태입니다.\n\n남은 이용기간을 포기하더라도, 즉시 이용권 해지 및 무료회원 전환을 요청드립니다.\n\n감사합니다.	12
12	안녕하세요.\n기존에 웨이브와 티빙을 각각 따로 결제하여 사용하다가 이번에 티빙에서 더블 이용권을 결제를 했는데, 현재 웨이브에 사용중인 이용권이 있는 계정이라 연결할 수 없다고 합니다.\n기존에 웨이브 이용권을 완전히 해지를 해야 연결이 가능할 것 같은데 어떻게 해야 할까요?\n헌재 자동결제 해지는 한 상태입니다.	12
12	안녕하세요.\n웨이브 이용권의 기간이 남아있는데 웨이브티빙 더블 이용권으로 변경하고 싶어서 문의드립니다.\n티빙에서 더블 이용권을 구입하였는데 웨이브 계정 연결은 이용권이 있어서 안된다고하여 변경 가능한지 문의드립니다.\n감사합니다.	12
12	안녕하세요.\n이용권 해지 문의드립니다.\n오늘 티빙에서 더블이용권을 시작했는데\n웨이브는 기존 이용권이 있어서 연결이 안되는 상태입니다.\n현재 이용중인 이용권 중도해지 요청합니다.\n\n중도해지 처리되면 바로 더블이용권 연결 가능한가요?	12
12	안녕하십니까 티빙 사이트에서 더블이용권을 결제하여 웨이브 연동을 하려고 하는데 기존 웨이브 이용권이 있는 상태라 연동이 불가하다고 합니다. 기존 웨이브 이용권을 해지하고 싶습니다. 웹사이트 상에서 해지하는 경로를 찾지 못하여 문의드립니다. 해지 해주실 수 있다면 바로 해지 부탁드립니다. 감사합니다.	12
12	앱으로 구매해야 티빙 연결 되는것같네요\n티빙 연결 하는방법을 모르겟습니다	12
12	업무에 노고가 많으십니다. \n티빙에서 더블 프리미엄 이용권을 구매하였습니다. \n기존 사용 중이던 웨이브 이용권을 해지하고 티빙과 연결하려니 <사용 중인 이용권이 있는 계정입니다> 라고 뜨네요.. \n어떻게 연결하면 되는지 가르쳐 주실 수 있을까요?	12
12	연간이용권 해지하고, 티빙+웨이브 연간회원권으로 변경했습니다.\n변경 후 이용계정 연결하려고하는데 연결이 안돼서요.\n확인 후 연락주시면 감사하겠습니다.	12
12	연간이용권으로 웨이브를 구독중인데요\n이번에 티빙이 12월 2일자로 구독이 끝나면서 티빙x웨이브 이용권으로 재구독했습니다\n계정 연결 중에 웨이브는 이미 구독중인 이용권이 있어서 다른계정으로 등록해달라고 그러는데\n이 계정으로 등록하고 싶거든요 지금은 구독해지 눌러놓은 상태입니다.\n구독해지 눌렀음에도 기간이 12.19까지여서 등록이 안되는건지\n등록할 수 있는 방법을 알려주세요!	12
12	오늘 티빙에서 티빙+웨이브 더블이용권을 구매했는데요\n웨이브 계정을 연동하려고 하니 이용중인 이용권이 있어서 불가하다는 팝업이 떴습니다\n그래서 마이페이지에서 이용권 해지를 하기는 했는데 아직 이용할수 있는 일수가 남아있어서인지 연동이 계속 안되더라구요\n혹시 완전히 해지할수가 있나요??	12
12	왜 안되는거죠ㅠㅠ 티빙은 연결 되던데 웨이브는 왜 연결이 안되고 자꾸 구매하라고 뜨는건가용	12
12	요금제 결제 후 티빙 연동이 제대로 되지 않은 것 같습니다.\n티빙 구독을 못하고 있습니다.\n연동 방법을 자세하게 알려 주세요.	12
12	우즈 패스로 tving이랑 연결해서 가입을 했는데 tving은 잘 보고 있는데 웨이브는 계속 이용권이 없다고 만 뜨고 안 돼요 답답하네요. 일주일이 넘었는데	12
12	웨이브 계정 연결하려고 했더니 이미 이용중인 이용권이 있다고 다른 계정을 등록하거나 해야 한다고 해요. 현재 웨이브 이용권은 해지신청 해놓은 상태이고 1월이 정기결제일이라 그때 해지된다고 나와요. \n1. 현 문제상황 해결 방법 문의\n2. 티빙 계정 소유자와 웨이브 계정소유자명이 다른데 연결이 가능한지 궁금해요.	12
12	웨이브 정기 결제 해지하고 티빙을 통해 더블스탠다드를 구매 했는데 계정 연결도 안되고 웨이브에 적용이 안되고 있습니다. 계정 연결 하려고 하니 이미 사용하고 있는 이용권이 있어 안되다는 메세지가 나옵니다.	12
12	웨이브 티빙 더블이용권을 구매했는데\n티빙계정연결을 어떻게 하나요 ?	12
12	웨이브.티빙 광고 결합 상품 구입하여. 티빙계정 연결하기로 들어갈려고.  이용내역에 들어가도.  티빙계정연결하기가 없네요	12
12	웨이브x티빙 연동을 했는데 티빙계정을 다른 계정으로 바꿔서 연동하고싶어요	12
12	웨이브랑 티빙 각자 이용하고있었는데 더블스텐다드 결제하고 티빙가서 연결하려니\n\n이용권있다해서 안되고 티빙가서 이용권 해지했는데도 연결안되서 거기서 더블 스텐다드를\n\n또 결제했네 근데 웨이브 와서 더블 스텐다드 해지신청을했는데도 또 연결이 안되네요	12
12	웨이브에서 더블 슬림을 결제햇는데 티빙 연동하기를 못 눌러서 티빙 사용을 못하고 잇는 상태입니다..\n웨이브에서 티빙 연동 버튼도 없고 티빙 들어가서 이용권도 확인해봣는데 이용중인 이용권도 없다고 뜹니다..\n제발 도와주세요ㅠ연동 좀 해주세요ㅜㅜㅡㅜ	12
12	웨이브와 티빙 더블 프리미엄 이용권을 구매를 했는데 웨이브와 티빙에서 각각 결제가 되었습니다.\n티빙에서 구독중이던 이용권을 해지 후에 웨이브에서 티빙 계정을 연결하려고 하니 이미 다른 이용권을 사용중이라고 뜨고 역시 티빙에서도 연결하려니 안됩니다.	12
12	웨이브와 티빙 더블로 보는 걸로 구매했는데, 티빙 계정을 잘못 입력했습니다. 티빙 계정 다시 연동하는 방법 좀 알려주세요. 감사합니다.	12
12	웨이브티빙더블이용권신청했는데\n계정연동이 안되서 이용이 안됩니다	12
12	이메일주소가 잘못되어 다시 문의 드립니다.  \n\n티빙,웨이브 더블이용권으로 변경함(티빙에서 진행) 웨이브 연결하려고 했는데 사용중인 이용권이 있는 계정이라고 연결 안됨. (기존 웨이브 이용권 자동결제는 해지했음) 이런 경우 어떻게 해야 하나요?	12
12	이용권 사용중 티빙 결합 이용권 추가구매했는데\n구글앱에선 정기결제 취소밖에 안되고\n어플에선 티빙 결합 이용권이 안보여서\n연결이 안되네요\n어떻게해야하나요?	12
12	이용권사용중이라고. 티빙. 더블이용권사용했는데 계정 연동이 되질않아요	12
12	이용권을 다른 아이디로 잘못구매했을뿐더러 티빙 연동이 안됩니다	12
12	이용권을 더블 프리미엄으로 변경하려고 티빙에서 더블 프리미엄을 구매하였습니다. 그런데 웨이브 계정을 연결하려고 하니 이용권이 있어서 연결이 안된다고 하네요. 1년 사용 만료기간인 12월 30일 이후에는 바로 연결이 가능한지 웨이브 이용권을 취소하는 과정을 거쳐야 하는지 알고 싶습니다. 정확한 답변 기다리겠습니다. 좋은 하루 되십시오.	12
12	이용하던 요금제를 티빙과 결합해서 사용하는 요금제로 변경하려고 하는데 이미 구독중이라 연결이 불가하다고 해서 해지 하려고 함	12
12	자동 결제는 해지신청하였습니다.\n현재 이용권이 사용 유지 중이라 더블이용권 계정 연결이 안되고 있어 조치 부탁 드리겠습니다.	12
12	제가 티빙에 연동된 아이디는 mori5959인 걸 알고 있습니다. 그런데 그게 가족 이름으로 가입한 계정이라 더블 요금제를 이용 못합니다. 티빙아이디는 CJ통합아이디 kelee88입니다. 빠른 처리 바랍니다.	12
12	통합요금제가 나와서 변경하려고 하는데 티빙에서 결제후 웨이브를 연결하니 사용 중인 이용권이있어서 안된다고합니다\n\n해지혰는데도 이용중이어서 안된다고 하는데요 해지한이용권끝나는 날짜가 12월19일까지인데 이때까지 이용후 날짜가 \n\n지나야 연결이가능한건가요?\n\n바로 연결할수는없나요...	12
12	티빙 계정 다른걸로 연동하고 싶은데 가능한가요?	12
12	티빙 계정 연동 위해 웨이브 본인인증 하라고 하는데 해당 탭을 찾을 수 없어 문의드립니다.	12
12	티빙 계정 연동하고 싶은데 방법을 모르겟어요	12
12	티빙 넷플은 폰하고 연동되어서 티비로도 잘 보이는데\n웨이브는 저번달부터 연결이 안돼고 \n티비에 이용권 구매하라고 뜹니다\n핸드폰하고 연결시도 계속 해봤지만 연결이 안돼요	12
12	티빙 더블슬림 이용권을결제했는데 티빙이랑 연동이 안됩니다. 연동방법 알려주세요	12
12	티빙 더블이용권 구매후 연결하려는데 \n'사용 중인 이용권이 있는 계정입니다. ' 문구로 연결이 안돼요\n어떻게 해야 하는지 문의드립니다.	12
12	티빙 연결 계정을 연결하고 싶어요. 방법알려주세요.	12
12	티빙 연결계정 문의남겼었는데요\n\nFAQ에 보면 아래와 같이 나와있는데 왜 이용권 해지가 안된다는건가요?\n지금 이용권을 해지해주셔야 티빙 연결계정을 변경하죠\n\n---\n\n이미 연결된 계정을 변경 하시려면 사용 중인 이용권 해지 후, 더블 이용권을 재구매 해야 합니다.\n이용권 해지 문의는 이용권 구매처로 문의 부탁드립니다.\n\n- Wavve에서 구입하신 경우 Wavve 고객센터로 문의\n- TVING에서 구입하신 경우 TVING 고객센터로	12
12	티빙 연동 구독권을 구매하였는데,\n티빙 계정 연동 방법을 모르겠어요	12
12	티빙 연동을 잘못했습니다.\n계정해제하고 다시 연동하려고하는데 \n직접 수정할수 없어서 문의드립니다.\n\n다른 계정에 연동할수있도록 연동 해지부탁드립니다.	12
12	티빙 요금제 결합후부터 웨이브가 되다 안되다 하는데 정말 짜증나네요? 지난번에도 오류뜬다고 문의했는데 한동안 되다가 또 오류나네요? 계속 서비스 연결이 지연되고 있습니다 라는 창이뜨고 홈페이지에서도 로그인할때 제대로 안되는데 왜이러는거에요?	12
12	티빙 웨이브 더블프리미엄으로 이번에 바꿨는데\n웨이브 이용기간이 조금 남아있는데\n이럴 땐 현재 이용권을 다 마치고 계정을 연결해야하는 걸까요??	12
12	티빙 웨이브 이용권 결제시 각사이트에 이미 가입되어서 사용중인 아이디를 합치는 건가요? \n\n저 같은 경우 티빙이랑 웨이브를 각각 사용중인데(프리미엄으로) 이번에 \n두사이트 합친 이용권이 나와서 사려고 하는데\n\n1. 지금 유지중인 이용권이 끝나야 구매가 가능한지 중간부터 구매가 가능하면 기존 구매했던 이용권 일부가 환급되는지\n\n2. 티빙, 웨이브 이용 아이디가 다른데 이 경우 어떻게 되는 건지\n\n2-1. 두아이디를 연결해서 기존에 쓰던 프로필과 시청내용 변경없이 쓸수 있는지 \n2-2. 아니면 아이디를 병합해야해서 그동안 시청 정보가 사라지는 건지\n2-3. 또는 아에 새로운 계정을 만들어서 양쪽다 사용가능한 계정을 별도로 만드는건지 궁금합니다. \n\n그럼 답변 기다리겠습니다.	12
12	티빙 웨이브 통합 서비스로 가입했습니다 계정을 연결하고 싶습니다	12
12	티빙 웨이브 통합권 11/12 결제함 \n웨이브 기존 요금제 23일 만료 (12일 해지 신청함)\n티빙에서 웨이브 계정 연결하려 하는데 연결 안됨  \n어떻게해야되는지 알려주세요	12
12	티빙x웨이브 더블이용권 이용을 위한 기존 웨이브 이용권 해지\n\n\n웨이브에서 연간 이용권으로 이용 중이었는데\n이번에 티빙x웨이브 이용권으로 변경하려고 합니다\n티빙에서 구입했고 웨이브에 기존 이용권이 이용중이라서 연결이 안되더라구요\n\nfaq확인 했고 기존 이용권 해지 후 연결하려고 하는데\n해제랑 연결이 둘 다 안되고 있네요\n\n확인 후 조치 부탁드립니다	12
12	티빙x웨이브 이용권을 결제하려고 웨이브 이용해지 신청을 했는데 티빙으로 들어가서 합병 이용권 결제 후 웨이브 연결을 하려고 했더니 이용중인 이용권이 있어서 안된다고 뜨는데 이용해지 날짜까지 기다려야되는건가요? 지금 당장은 불가능한건가요?	12
12	티빙x웨이브더블이용권을 구매해서 티빙에 웨이브 연동해서 사용하려고하는데 해지도안되고 연동도안되네요..만료될때까지 기다려야되나요..?ㅠㅠ	12
12	티빙계정에 더블이용권 구매후 연결하려는데 이용권때문에 연결이 안뎀	12
12	티빙과 더블 프리미엄에 가입해서 티빙에 웨이브를 연동시켜둔 상태입니다.\n그런데 웨이브에서도 결제가 이뤄지고 있어 이중 결제인 듯 한데 어떻게 하면 될까요.\n웨이브 요금도 계속 빠져나가고 있어서 확인 부탁드립니다.	12
12	티빙과 연동방법문의	12
12	티빙과 연동이 안됨	12
12	티빙과 연동하구싶은대 어떻게해야할까요??	12
12	티빙과 웨이브 각각 결제 후 사용 하다가, \n\n티빙에서 더블 요금제 가입해서 웨이브 계정 연결하려고 하는데\n\n잔여기간이 남아서 바로 연결이 안됩니다.\n\n즉시 해지 후, 계정 연결 예정 입니다.	12
12	티빙과 웨이브 두개 다 볼 수 있는 프리미엄 이요권을 결재 한 후\n\n웨이브로 연결하려고 하니까 사용중인 이용권이 있는 계정이라 합니다\n\n어떻게 해야할까요?	12
12	티빙과 웨이브 모두 이용할 수 있는 더블 스탠다드 이용권을 결제하여 사용중인데, 웨이브에서는 계정연동이 안되는지 같은 네이버아이디로 로그인하여도 계속해서 이용권을 구매하라는 메세지만 뜹니다.\n현재 이용권을 결제 중인 티빙 쪽에 웨이브 계정연동 설정을 마쳐둔 상태라 해당 상황에서 어떤 방법을 더 시도할 수 있는지 알려주셨으면 합니다.	12
12	티빙더블이용권을 구매했는데\n지금 계정이랑 연결이 안되서요	12
12	티빙에서  티빙X웨이브 정기결제를 하였는데\n티빙에서 웨이 계정 연결 하려고 하니\n이미 웨이브에서 정기결제권이 사용중이라\n연결이 안된다고 합니다.\n28일이 만료일인데\n그 이후에 계정 연결 하면 되는 걸까요?	12
12	"티빙에서 ""더블 광고형 스탠다드"" 이용권을 구매 하였습니다.\n\n티빙에서 웨이브 연결시 ""사용 중인 이용권이 있는 계정입니다""이라는 알림이 뜹니다.\n그래서 웨이브에서 이용권 해지 및 자동결제 해지 하였습니다. \n\n그후에도 티빙에서 웨이브 연결시 같은 ""사용 중인 이용권이 있는 계정입니다"" 알림이 뜨며,\n해결이 되지 않고 있습니다. \n\n해결 방법을 알고 싶습니다."	12
12	티빙에서 \n티빙 웨이브 더블이용권을 구매해서 웨이브 계정을 연결하고 싶은데 \n웨이브 사용중이 이용권이 있는 계정이라며 연결이 안됩니다.\n현재 웨이브 이용권 자동결제 해지한 상태입니다.\n어떻게 하면 연결이 가능할까요?\n기존에 있던 웨이브 이용권 기간이 11월10일까지인데 그 이후에 연결가능한건가요>??	12
12	티빙에서 3박 결제를시작 했는데 11월 18일 결제내역이 있어서 해지하고 계정 연결이 안됩니다.\n결제내역 철회해주시면 티빙이랑 연결할려고 합니다.	12
12	티빙에서 결합 요금제를 구매하였는데, 웨이브에 연결하려니 안되고 있습니다.\n현 이용권을 해제하였는데도 연결이 안되네요.\n혹시 만료기간이 아직 남아서 인가요?\n아직 안되는 이유를 알고싶습니다.	12
12	티빙에서 구매 후 웨이브 연결하려니 기존 이용권을 사용중이라고 하여 해지를 하고 다시 시도 하였으나 연결이 안됩니다. 어떻게 해야하나요	12
12	티빙에서 더블 이용권을 결재했습니다. 웨이브도 더블 이용권을 결재했는데 해지하고 티빙에서 결재한 것으로 연결하고 싶습니다. 웨이브에서 결재한 더블 이용권 해지 부탁드립니다. \n해지가 안되니까 티빙에서 연결이 안되네요	12
12	티빙에서 더블이용권 결제를 했는데 웨이브 연결하려니 기한 남아서 안된다합니다. 방법이 없나요?	12
12	티빙에서 더블이용권 결제했는데\n웨이브에 기존 쓰던게 있어서 연결이안돼요\n15일까지라되있는데\n바로연결할수있나요?\n티빙아이디는 daram2ing 입니다.\n티빙에 남겼더니 웨이브에 문의하래서요..	12
12	티빙에서 더블이용권 구매 후 웨이브 계정 연결하려고 했는데 사용 중인 이용권이 있다고 떠서 문의 드립니다! 웨이브 해지하고 연결하기 눌러도 똑같은데 사용 가능한 날짜 이후로 계정 연결해야 가능한 걸까요?	12
12	티빙에서 더블이용권 구매하고 웨이브 기존 이용권은 해지했는데 더블이용권 계정연결이 안돼요\n이미 이용권이 있어서 연결이 안된다는데 어떻게 해결하면 되나요?	12
12	티빙에서 더블이용권 구매후 연결하려는데 안되요\n어떻게 하면되나요?	12
12	티빙에서 더블이용권 사서 연결하려고 하는데 이미 사용중인 상품이 있다고 연결이 안되서 웨이브 구독 취소 했는데 그래도 상품 시용중이라고 안됩니다 해당 상품 이용이 끝나는 11월 8일 이후에는 더블상품권 연결이\n되는건지 아니면 아에 새롭게 가입을 해야되나요? 새로 가입하고 싶지 않아요	12
12	티빙에서 더블이용권 샀는데 웨이브 이용권 연동되어 계정연결이 불가하여 문의 드립니다.	12
12	티빙에서 더블이용권을 결제했는데 웨이브가 구독정이라 계정연결이 안됩니다.	12
12	티빙에서 더블이용권을 구매했는데\n웨이브 계정연결이 안되네요~\n전이용권 기간이 안끝나서 그럴까요?\n사용중인 이용권이 있는계정이라고 뜨네요\n전이용권 기간이 끝나야  계정연결이 되나요?	12
12	티빙에서 더블팩 결제후 계정연결하려는데  웨이브에 기존 이용중이던 이용권이 있어 연결이 안되네요.\n어떻게 하면 될까요?	12
12	티빙에서 더블프리미엄 결제 후 웨이브계정연동 하려고 하는데 \n계정연결할수가없는데 ㅡ\n어떻게 처리 해야 하나요 ??	12
12	티빙에서 요금제 구매하고 계정연결하는데 웨이브사용중인 요금제가 있어서 연결이 안된다고 떠서 요금제해지하고 다시 연결해봤는데 연결이 안됨 해결방법이 있을까요	12
12	티빙에서 요금제를 변경하면서 기존에 사용하던 계정으로 연결을 하려고 하는데 사용중인 이용권이 있어서 연결이 불가해서 기존에 사용하던 이용권을 해지하고 계정을 연결하려고 했으나 역시나 계정 연결이 불가해서 문의드립니다.	12
12	티빙에서 웨이브 티빙 같이 되는 더블  구독권 결제를 하고 웨이브 구독권을 해지했습니다.  웨이브에서 현재 계정에는 사용 중인 이용권이 있어 더블 이용권을 연결할 수 없습니다 라고 뜨는데 구독권 해지가 정상처리가 되야 연결이 되는건가요?	12
12	티빙에서 웨이브 티빙 광고형 결합상품 결제했는데\n웨이브에서 결제하는 요금이 있어 티빙에서 웨이브 연결이 안되네요\n기존 웨이브 요금 해지 신청하고 티빙에서 웨이브연결하면 되는건가요?	12
12	티빙에서 통합 결제해서 아이디 연결 하려고 하니 안되네요 어떻게 하면 되나요	12
12	티빙에서 통합이용권을 결제했는데\n사용중인 웨이브 계정이있다고 연결이 안됩니다\n어떻게해야하나요	12
12	티빙에서 티빙x웨이브 더블 이용권 구매 후 웨이브 계정을 연결하려고 하니\n사용중인 이용권이 있는 계정이라 연결이 안된다는 메시지 창이 뜹니다.\n\n웨이브 이용권 자동결제 취소 후에도 동일한 안내 창이 뜨고 계정 연결이 안됩니다.\n\n이용 방법 문의 드립니다.	12
12	"티빙에서 티빙x웨이브 더블이용권을 구매했는데 웨이브 계정과 연결하려고하니 ""사용중인 이용권이 있는 계정""이라고 연결이 되지 않았습니다. \n그래서 웨이브 자동결제를 해지했는데 그래도 티빙에서 웨이브 연결이 안되더라고요. \n현재 웨이브에서 사용중인 계정을 해지하고 티빙x웨이브를 통해서 웨이브 계정과 연결하려면 어떻게 해야하나요?"	12
12	티빙에서 티빙과 웨이브 더블 프리미엄 요금제로 신청하여 기존에 이용중인 이용권을 변경하려고 하는데 되지 않아 문의 드립니다.\n\n티빙에서 이용권 연동을 하려고 하면 '사용 중인 이용권이 있는 계정입니다'이라는 문구가 떠서 이런경우 신규가입을 해야하는걸까요? 원래 사용하던 계정에서 사용하고 싶은데 이런경우 어떻게 진행하여야 하는지 문의 드립니다.\n\n현재 연간이용권을 사용하다 자동결재는 해지해놓은 상태입니다.	12
12	티빙에서 티빙과 웨이브 모두 이용가능한 더블 스탠다드 정기권을 구입하고 웨이브 계정 연결을 하려고하니 사용중인 이용권이 있다고 연결이 안된다는 안내가 나옵니다. 이용중이던 웨이브 이용권은 해지를 했는데요. 왜 연결이 안되는지 확인 부탁드립니다.	12
12	티빙에서 티빙웨이브 연동상품을 구입하고     해당아이디로 연결하였는데  이용권이 확인되지않습니다	12
12	티빙에서 티빙웨이브 이용권 구매 후 웨이브 계정 연결하려고 하는데 기존 이용권이 있다고 다른계정 연결하라고 해서요\n제가 원하는건 기존 이용권 중지(해지는 함) 후 다른 계정 말고 기존 계정을 티빙과 연결입니다	12
12	티빙연결 계정을 바꾸고 싶은데 어떻게 바꿔야 하나요	12
12	티빙연동 계정변경	12
12	티빙연동 어떻게 하나요?	12
12	티빙웨이브 더블이용권 구독을 하고 티빙계정이랑 웨이브계정이랑 연결 하려고 하는데\n웨이브에 이미 사용중인 이용권이 있는 계정이라고 나옵니다.\n\n해당 계정은 11/20일 구독을 취소 하였고 만료일이 11/28일 입니다.\n\n해당 계정을로 연결 할 수 있는 방법이 있는지와 , 만약 28일 이후에 연결을 해야 한다면 , 티빙아이디와 웨이브 아이디 연결 방법을 차후에 어떻게 할 수 있는지 문의 드립니다	12
12	티빙으로 이용권을 구매해서 해지 후 계정을 연결할려고 합니다.	12
12	티빙을 사용중인데 티빙계정에서 웨이브계정 연결하려했는데 가입후 본인 인증을 해안하는데\n아무리 찾아봐도 없네요	12
12	티빙을 통해 통합권 구맴를 하였으나, 웨이브 계정과 연결이 안됨.	12
12	티빙이 기간 만료가 되어 새로운 결제 프로그램을 알아보다가\n티빙x웨이브 더블 이용권 프리미엄을 구매하고 연결하고자 하였는데,\n기존 이용권이 사용중이라 연결불가하다고 뜹니다.\n\n기존 이용권을 해지해주시고, 바로 더블이용권 등록이 가능하도록 조치바랍니다.	12
12	티빙이 유료 결제가 먼저 종료되서 티빙 + 웨이브 통합 요금제로 결제함\n웨이브 계정 연동하려 했으나 사용 중인 요금제 있다고 연동 안된다 팝업,\n기존 웨이브 매달 나가는 요금 지난 주에 결제 되지 않게 취소 처리 해둔 상태,\n계정 연동 문의,	12
12	티빙이랑 결합된 요금제를 티빙에서 결제 했는데 기존 웨이브 아이디 이메일 넣어서 연결하려니 ㅇ이미 사용권이 있는 아이디라고 안된다고 하는데 그럼 웨이브 탈퇴하고 다시 아이디 생성해서 티빙에서 연결하면 되나요?	12
12	티빙이랑 구독권 합쳤는데 웨이브 구독기간이 안 끝나서 계정연결이 안 된대요ㅠㅠ 요거 어떻게 하나요  ?	12
12	티빙이랑 웨이브 같이되는 프리미엄 이용권을 10일에 티빙에서 결제했는데욥\n웨이브는 이미 사용중인 이용권이 있어서 계정 연결이 안되더라구욥 웨이브 이용권은 21일에 만료되는데 남은 일 만료 하고 나서 웨이브 계정을 연결해야하나욥?\n저는 남은 요일 상관 없으닌깐 바로 티빙 웨이브 프리미엄 이용권을 연결시키고 싶어요 :)	12
12	티빙제휴 이용권 구매후 연결하려고 합니다 \n기존 요금제 중단을 한 후인데도 연결이 안되는데 이부분은 어떻게 해결할수 있을까요?	12
12	현시점에서 해제하고, 티빙에서 계정연결하기를 할 수 있게 부탁드립니다.	12
12	현재 사용중인 형태(wavve연결제)에서 더블이용권으로 변경 하는 방법 알고 싶습니다	12
12	현재 이용중인 이용권은 티빙 더블이용권인데\n티빙에서 아직 기한이 남아 구입시 계정 연결을 못했습니다。\n\n오늘 계정 연결을 하려고 하니 안돼서요\n\nFAQ에 나온 방법은 모두 시도해봤으나 연결이 안됩니다。\n\n확인 후 조치 및 연락 부탁드립니다。	12
12	결합결제 했는데 연결이 안되서 계속 결제하라고 뜸니다	12
12	웨이브에서 더블이용권 구매했는데 티빙연동이 안돼요.\n\n인터넷에 나와있는 방식대로 my> 나의이용권 들어갔는데 이용권내역메뉴가 뜨지 않습니다.	12
13	1. 기존 pooq 요금제 사용중 이었음\n\n2. 티빙 3pack 결제 후 웨이브 연동 하려 했으나 기존 계정이 있어서 연결이 안된다고 함.\n\n3. FAQ 확인하니 고객센터로 문의 해야 한다고 함\n\n4. 해지 요청	13
13	1/30까지 이용가능한 이용권을 자동결제 취소 후 3pack요금제로 변경하고 웨이브 계정을 연결하려고 했더니 이미 이용중인 요금제가 있다고 안된다고 합니다. 어떻게 처리해야하나요?	13
13	1:1 문의 사항 (티빙을 통해 3pack 이용권을 구매. 웨이브 계정 연동을 위하여 기존 이용권 해지 및 환불 요청)을 통해 환불 접수 안내 받아 1:1 문의를 추가로 남깁니다.	13
13	11월19일 10시55분에 3pack 결제하였는데 웨이브를 연결하려고하니 기존에 쓰던 이용권이 있다고 다른계정으로 이용하라는데 기존거를 연결하고싶어서요 어떻게해야해나요	13
13	12월 24일 이용권 만료 인데, 20일에 3pack 이용권을 구독 했습니다.\n\nwavve 계정으로 연결하려는데 이용권을 사용중이라 연결이 안된다고 하네요.\n\n며칠 안 남았지만 지금이라도 이용권이 없다면 wavve 계정으로 연결할 거 같은데..\n\n해지 바랍니다.	13
13	12월 24일에 디즈니+ 티빙, 웨이브 번들 패키지를 디즈니플러스에서 정기구매했는데\n현재 이 계정에 어떻게 연동을 시키는지 모르겠습니다. 연동 방법을 알려주시면 확인해보겠습니다	13
13	3 PACK 구매 후 계정연결을 하려는데 웨이브 계정연결 오류 납니다 이미 사용중인 이용권이 있는 계정이라 연결할수 없다고 합니다	13
13	3 PACK 이용권 변경으로 인한 문의\n\n티빙은 이용권 변경 시 바로 변경되었으며, 환불도 진행되었습니다.\n디즈니는 연동이 완료되어 시청이 가능합니다.\n웨이브는 현재 아래와 같은 메세지가 나타나며 연동이 되지않아 2중으로 결제가 되어있는 상태입니다.\n\n-아래-\n사용 중인 이용권이 있는 계정입니다\n현재 이용중인 이용권이 있어 다른 이용권을 연결할 수 없습니다.\n다른 웨이브 계정으로 연결해주세요.\n\n이러한 상황에서 웨이브의 경우 어떻게 연동할 수 있을까요?\n현재와 같은 상황이 발생된다고 미리 고지되어있을까요?\n\n도움 부탁드립니다.	13
13	3 PACK 티빙에서 가입을 하려고 하는데 웨이브에서 변경을 했다고 여기로 바로가기가 되는데 일단 여기서는 구매가 안되고 해지를 해야 하나 해서 해지를 했는데 그래도 티빙에서 구매가 안되는데 연결된 계정을 삭제해야 하는건지요? 설명이 제대로 되어있지 않으니 모르겠어서요	13
13	3pack 가입	13
13	3pack 계정 연결이 안됩니다ㅜㅜ	13
13	3pack 구독했는데 웨이브 연결이 안됩니다.\n연결 부탁드립니다.	13
13	3pack 구매 후 계정 연결하려 하는데 이용권 사용중으로 나옵니다. 12월 말일까지 기다렸다가 연결해야하나요?	13
13	3PACK 구매가 언제부터 가능한가요?	13
13	3pack 구매후 계정연동 하려고 하는데 웨이브 구독중이라 안된다고 하네요	13
13	3pack 구매후 연결하기가 안됩니다	13
13	3pack 디지니, 티빙, 웨이브 3개 같이 결제를 해서 환불 후 연결하고 싶습니다.	23
13	3pack 요금제 구입하여 웨이브 계정연결하려 했으나 사용중인 요금제가 있어 연결이 안됩니다. itunes에서 구독 취소 했고 내년 4월에 만료 예정인데 그전까지는 계정연결 못하나요?	13
13	3PACK 요금제로 변경위해 기존 이용권 해지 환불 및 티빙 계정연동 해제 요청합니다.	13
13	3pack 이용권 구매로 인해서 기존 웨이브 이용권을 환불받고 3pack 이용권으로 연결하고자합니다.	13
13	3pack 이용권에 웨이브 연결이 이용권이 있어서 결제가 안된다고 합니다 원래 이용권 정기결제를 취소했는데 이용권 사용 기한이 지나야 웨이브 연결을 할 수 있을까요??	13
13	3PACK 이용권으로 바꾸려는데 현재 이용권 만료까지 기간이 남아 새롭게 가입을 못하고 있습니다	13
13	3pack 이용권으로 변경할려고 티빙에서는 웨이브에서 해야한다고 하는데 변경이 안되네요ㅠ	13
13	3pack 이용권으로 변경했습니다	14
13	3pack으로 결제했는데 기존이용권이 있다고 연결이 안되네요	13
13	3사 3팩 구독하기위해서	13
13	3팩 구매 후 계정 연결하려고 하니 사용중인 이용권이 있어서 안된다고 나오네요. 이용권 취소하고 3팩 연결하려고 합니다.	13
13	3팩 구매로 두개의 계정연결은 하였는데 워이브만 안되네요 이용중인 계정이라고 어떻게해야하나요	13
13	3팩 구매후 티빙과 연결을 시도하였으나 기존 웨이브 아이디는 연결할수 없고 새로운 아이디로 연결하라고 하는데..	13
13	3팩 구입 하고 싶어요	13
13	3팩 요금제 나와서 바꾸려고 웨이브  아이디 탈퇴 없이 그냥 3팩 연동해서 쓰는건 되고요?	13
13	3팩 요금제로 바꾸었는데 기존 웨이브 요금 기간이 남아 있어서 연동이 안됩니다 	13
13	3팩 요금제로 연결은 안되나요ㅠ	13
13	3팩 이용	13
13	3팩 이용권 신청했는데 다른 이용권이 있어서 연결이 안된다고 하는데 어떻게 해야 연결되나요?	13
13	3팩 이용권 연결위해 	13
13	3팩 이용권 티빙에서 구입했고 웨이브만 이미 구독중이라고 연결이 안되네요	13
13	3팩 전환	13
13	3팩(디즈니, 티빙, 웨이브) 다른 두 싸이트는 3팩 계정으로 로그인이 되는데...\n웨이브만 이전 이용권으로 로그인이 되네요....\n새로 바뀐 3팩 이용권으로 로그인 되어 있는건지.... 아니라면\n로그인 방법 안내 부탁드립니다.	13
13	3팩가입시 티빙에서 하라고해서 가입했는데 가입후 연동 불가합니다	13
13	3팩구매로 현재이용하는 이용권을 해지할려고합니다	18
13	3팩번들을 이용하고 싶습니다	13
13	3팩요금제하고자 합니다	46
13	3팩으로 다시 가입하려합니다	13
13	3팩으로 다시구독하고자하는데 구독중으로 확인되서 3팩으로 재구독이 안됩니다	13
13	3팩으로 변경	13
13	3팩으로 변경하고 싶은데 어떻게 해야하나요	13
13	3팩으로 변경하려고합니다	13
13	3팩으로 새로 가입할려고 합니다.	13
13	3팩으루 요금제를 바꿨는데\n웨이브 계정만 연동이 안되서\n이거는 따로 계정을 만들어서 연동해야 되는건가요??	13
13	3팩이용권으로 변경	14
13	3팩이용권으로합병할려고합니다	13
13	ott 3pack 이용을 하려고 결제했는데 기존에 연결된 요금제가 있어서 연결이 안되어있습니다	13
13	OTT 3PACK(웨이브,티빙,디즈니) 연결을 위해	13
13	TVING 3 PACK으로 이용권 변경하였는데, 현재 이용하고 있는 연간이용권이 있어 계정연결이 되지 않아	13
13	tving 3pack 요금제 가입 및 계정 연결을 위해	13
13	tving에서 3pack 요금제 이용권을 구독중입니다.\n원래 사용중이던 wavve 계정에 연결하고 싶은데	13
13	구독 강제만료 바랍니다.\n* 만료 후 3pack 연결예정	13
13	금일 3pack결제를 하여 연동하려 기존 이용권을 해지했습니다 다만 기간이 3월까지 남아 새 이용권 연동이  안 되네요 즉시연결 방법과 남은 기간에 대한 환불여부 답변 바랍니다	13
13	기존 구독하고 있는 스탠다드 요금제 자동결제를 해지하였는데도 다른 계정으로 연결하라고 하네요. 기존계정으로 3팩을 이용하고 싶은데 어떻게 해야하나요?	13
13	기존 웨이브와 티빙 번들 요금을 쓰고 있습니다.\n오늘 웨이브에서 자동결제를 취소하고, \n디지니에서 웨이브와 티빙 번들요금을 결제했는데요.\n\n티빙을 연결하려니 기존 웨이브+티빙 번들상품을 해지해야 연결이 된다는 메시지가 뜨네	13
13	기존 티빙+웨이브 팩을 사용하다가\n티빙+웨이브+디즈니플러스 팩을 사용하려고 하는데\n티빙에서만 변경이 가능하다고 합니다\n\n기존에는 웨이브에서 결제를 하고 있어서 변경이 불가능한 것 같은데\n어떻게 처리하면 될까요?	13
13	기존에 웨이브 스탠다드 장기이용권 12개월(2025년8월14일~)이용중이었는데, 이번에 티빙에서 티빙+디즈니+웨이브 3pack을 결제하고 연동하려는데, 웨이브가 자동으로 해지가 안되서요.\n기존것해지하고 티빙에서 웨이브 연동할수있게 해주세요	13
13	기존에 웨이브 이용권 정기결제하여 사용하다가 티빙,디즈니,웨이브 3pack 이용권이 나왔다고 해서 기존 이용하던 웨이브 이용권 정기결제를 해지하고, 티빙에서 3pack 이용권을 결제 후 웨이브 계정연결을 하려하니 '사용 중인 이용권이 있는 계정입니다' 라는 문구가 나오며 연결이 되지 않습니다. 웨이브 계정을 확인해보니 12월 19일까지 만료일로 나오던데, 사용하지 않은 기간 일부 환불은 불가능한지 문의드립니다.	13
13	기존웨이브이용권때문에 티빙3 pack 연결이안된다고하는데 어떻게해야하나요?	13
13	기존이용권 자동결제 해지했는데 12월 20일까지라 이용중으로 되어\n지금 계정으로 3pack 구매한거 이용권등록이안되어서요ㅜㅜ 환불빠르게 부탁드립니다.\n그래야 지금 계정으로 웨이브 이용권 등록가능해서요.	13
13	기좀 웨이브 1년치 결제날짜가 12.19일까지 ㅇ이고 오늘 서비스 해제 후 티빙+디즈니+웨이브 3pack 구매 후 웨이브를 연동 하려고 하는데 구독중인 서비스다다고 뜨면서 계정연동이 안됩니다	13
13	다른계정(cling88)으로 이용중이였는데 tving에서 3사 (티빙, wavve, 디즈니플러스) 모두 이용할수 있는 요금제를 구매하였습니다. wavve에 연동하려고하니 이미 사용중인 이용권이 있어서 연동이 안된다고 해서 새로운 계정(지금 게정) 으로 연결한 상태입니다. 기존 계정에 사용중이던 구독금액을 일부 환불 받을수 있을까요? 일단 자동결제 정지만 신청해놓은 상태입니다.	13
13	더블 이용권 사용중인데 구독변경 3pack으로 하려는데 어떻게 하나요? 티빙에서 하려고 하니까 웨이브로 연결되고, 웨이브는 구독 이용권 목록에 3pack이 없네요	13
13	더블 프리미엄 사용 중이었고 3pack 가입을 위해 해지 신청을 하였습니다.\n하지만 티빙에서 3pack 가입을 하려고 하니 \n기존에 가입했던 더블 프리미엄 이용권이 12월 10일까지 사용이라 그런지\n가입이 되지 않습니다.\n지금 바로 웨이브 해지 하고 3pack 가입은 안 되나요?	13
13	디즈니 번들 상픔 가입했는데 계정 연결 방법 문의합니다.	13
13	디즈니 번들을 통해 웨이브 결합되어 있는 이용권으로 결제했는데 자동 로그인이 되지않습니다.\n어디서 어떻게 계정을 연결해야하나요!	13
13	디즈니 티빙 웨이브 3pack 요금제를 결제했습니다.\n계정연동을 하려하니 웨이브 정기결제가 돼있어 연동이 불가하다는데 정기결제는 이미 취소 했으나 26년 3월까지 사용후 그 이후 정기결제만 취소된 상태입니다.\n남은 일자동안의 요금제를 취소 요청드립니다.\n3pack 요금제는 이미 결제가 된 상황이니 중복결제이므로 취소후 연동하여 서비스 이용을 하고 싶습니다.	13
13	디즈니 플러스가 포함된 3 pack 이용권으로 변경하고 싶은데 웨이브에서 티빙 더블 이용권을 구독한지라 티빙에서는 변경이 안되고 웨이브에서 변경해야 한다고 하는데 웨이브에서는 3 pack 상품이 보이지 않아서 우선 구독 해지만 해 놓은 상태입니다.\n3 pack 이용권으로 바꾸려고 하면 어떻게 해야 하나요?	13
13	디즈니 플러스에서 3팩 번들 이용권 구매후 사용하려는데 티빙만 연결이 뜨고\n웨이브는 아예 안뜨길래 디즈니에 문의해보니\n티빙 연결 이후 웨이브 연결 가능하다고 안내 받았습니다.\n현재 티빙 이용권이 해지일자까지 3일 남아서 디즈니에서 티빙 연결이 안되는 상황이라,\n혹시 웨이브 계정만 별도로 연동 가능한지 문의드립니다.	13
13	디즈니+ 및 웨이브 모두 개별 결제로 사용하고 있었는데요.\n디즈니+는 기존 구독권이 있어도 연동이 되어서 연동 후에 기존 구독권을 해제 했는데\n웨이브는 그렇게 되지 않더라고요.\n\n웨이브의 경우 자동결제를 해제 했는데, 이번달 사용 만료가 된 후에 계정을 연동해야 하나요?	13
13	디즈니+ 티빙+ 웨이브 번들로 하려고요 계정 연결 어떻게 하나요?	13
13	디즈니+티빙웨이브요금제로 변경 후 계정 연결	13
13	디즈니에 웨이브번들가입	13
13	디즈니플러스 티빙 웨이브 번들팩 가입후\n티빙은 활성화가 됐는데 웨이브는 안됐는지\n시청이 안되요\n티빙에 들어가서 보면 계정이 연결되이 있다고\n나오고..\n티빙에서 웨이브 활성화 버튼이 따로 나오진 않았어요\n어떻게 해야 되나요?	13
13	디즈니플러스 티빙 웨이브 병합으로 바꾸려고합니다	13
13	디즈니플러스, 티빙, 웨이브 번들 멤버십으로 변경 하려고 기존 요금제는 삭제 신청 해둔 상황인데 티빙에서 웨이브 이용권 연결 하려고 보니 이용중인 이용권이 있어서 변경이 안 된다고 뜹니다. 이용권 해지 될때까지 기다려야 하나요?\n그리고 이용권 해지 전까지는 기존 이용권으로 사용 가능한가요?	13
13	디즈니플러스랑 티빙 이용권으로 했는데 연동이안돠요	13
13	디즈니플러스에서 3pack번들요금제 가입후 티빙에서 계정연결을 했는데 웨이브 앱에서는  이용권구매내역이 없는걸로 나옵니다. 티빙에서 확인했을때는 웨이브 계정연동 되어있는걸로 나옵니다	13
13	디즈니플러스에서 웨이브도 되는걸 구독했는데 웨이브에서는 이용권이 없다고 나오는데 어떻게 해야하나요?	13
13	디지니+티빙,웨이브번들가입후 웨이브 시청방법 로그인하는방법	13
13	말해주신 부분환불에 대해 동의합니다!\n환불 부탁드려요 \n혹시 그럼 3팩 이용권을 다 연동시키려는데 현재 더블스탠다드 자동결제 해지한걸 처리해주셔야 연동시킬 수 있어서.. 그것두 해주실 수 있나요 ?\n친절한 답변 감사합니다:)	13
13	번들 이용권을 동일 이메일 아이디 디즈니+로 변경하였습니다.\n\n현재 이용권을 취소하여 환불이 가능하면 진행하고, 번들 이용권 이용시 연결 방법에 대해 가능하면 쉽고, 간단하며, 직관적으로 설명해 주시거나 해결해 주시길 부탁드립니다.	13
13	번들로 새로 연결하려는데 구글 정기 결제 해지까지는 했는데, 이후에 어떻게 하면 될까요? 방법을 모르겠어서 문의합니다.\n\n1. 티빙에서 해당 요금제 가입\n2. 디즈니+는 문제없이 연결함\n3. 웨이브 연결하려니 '이미 이용중인게 있다 > 다른 계정으로 하라'고 안내\n4. 구글 정기 결제 중이라 그것부터 우선 해지\n5. 재시도해도 3번 반복	13
13	안녕하세요 3PACK 변경하고 웨이브 계정 연결 할려고 했는데 지금 사용 중인 이용권이 있는 계정입니다 있다고 노티 나옴니다. 하지만 제가 처음으로 연결 하니까 조금 이해 안가요~ 연결 도와줄수있으면 감사하겠습니다.	13
13	안녕하세요 웨이브에서 티빙이랑 같이 볼 수 있는 이용권을 사용하는 중이고 12월 25일날 종료가되는데 중간에 3팩으로 갈아타고 싶으면 어떻게 해야하는지 궁금해서 문의 드려요!	13
13	안녕하세요 지금 웨이브\n1년 결제해서 사용중이여서 내년 4월까지\n결제가 된 상태입니다 . \n티빙,웨이브,디즈니 3팩으로 사용하고싶은데 어떻게 진행하면 되나요?	13
13	안녕하세요.\n\n웨이브 스탠다드를 이용하다가 티빙+웨이브+디즈니+ 3팩 요금제를 이용해보려고\n기존 웨이브 스탠다드 요금제 구독을 오늘자로 해지했습니다 (26년 1월 10일까지 유효기간) \n\n그리고 방금 3팩 요금제를 구독했는데요. \n현재 티빙과 디즈니+ 연결이 됐지만, 웨이브 구독 기록이 남아있어 그런지 웨이브는 연결을 못하고 있습니다. \n기존 구독이 끝나는 1월10일까지 기다려야 하나요? 그 전에 해결할 수 있는 방법은 없는지요?	13
13	안녕하세요.\n\n티빙+디즈니 플러스가 연동되는 요금제로 변경하고 싶어서\n구글 결제도 해제 했는데, 어떻게 할 수 있는 건지 알고 싶습니다.\n[사용 중인 이용권이 있는 계정입니다] 알림이 보입니다.	13
13	안녕하세요.\n\n현재 연간이용권 이용중인데 디즈니+티빙+웨이브 3pack으로 변경하고싶어서요.\n\n티빙에서 3pack은 구매해놨는데 연간이용권 때문에 연결이 안되네요.\n어떻게 하면 될까요?\n\n감사합니다.	13
13	안녕하세요.\n티빙 3팩(티빙/디플/웨이브) 이용권 구매 하였는데\n웨이브 계정 연결이 안되서요\n\n사용 중인 이용권이 있는 계정입니다. 라고 알림창이 떠서\n이용권 해지 후 다시 해보아도 똑같네요.. 확인 부탁드려요	13
13	안녕하세요?\n\n제가 waave를 정기구독하고 있는데,\n이번에 tving과 디즈니 플러스 3pack을 신청하고자 합니다.\n\n그런데 이미 계정이 있어서 연결이 안 되는데 어떤 방법으로 기존 계정을 연결할 수 있을까요?	13
13	안녕하세요\n\n3pack 이용권(티빙,웨이브,디플) 계정을 연결하고 싶은데 현재 사용 중인 이용권이 있어서 연결을 하지 못한다고 합니다.\n해지를 해 놓은 상태라 11/29에 만료된다고 하는데 지금 바로 만료를 시키고 3pack 이용권을 연결할 수 있나요?	13
13	안녕하세요\n기존 이용권 해지하고 3 번들 이용권 결제 후 연결하려고하니 이미 이용권이 결제되어있어서 연결이 안된다고 하는데 조치 부탁드립니다~	13
13	요금제를 취소하고 다시 티빙이나 디즈니에서 번들 요금제를 신청해야 하는 건지\n아니면 웨이브에서도 가능한건지 알고 싶어요.\n본인의 요금제는 웨이브에서 티빙을 연결한 것이라서 변경이 불가하다고 합니다.	13
13	웨이브 + 티빙 + 디즈니플러스로 변경하려고합니다	13
13	웨이브 X 티빙 이용권 구독중인데\n\n디즈니+ 까지 같이 볼수있는 이용권 나왔다길래 사용중이던 이용권은 자동결제 해제해놓고 다시 가입하려고 하는데\n\n티빙에서 이용권 선택 누르면 웨이브에서 하라고 페이지 전환되는데\n\n웨이브에는 이용권 안보여서 문의 남깁니다.	13
13	웨이브 구독을 안하는게 아니라 티빙+디즈니+웨이브 구독권으로 변경하는건데\n기존 이용권 환불 후 탈퇴처리가 되는건가요??\n그리고 환불 일자가 15일 월요일이던데 그럼 그전에는 변경하는 구독권으로 계정 연결을 못하는건가요??\n기존 구독자라고 티빙에서 계정 연결이 안되서요	13
13	웨이브 사용 해지 이후 ott 3pack(번들) 구입 할 때, 웨이브를 시청하기 위해서는 웨이브 계정 연동을 해야 하는데 그 방법에 대한 자세한 안내 바랍니다. 웨이브 계정은 신규로 가입한 후, 연동하는 방식이라고 타 ott에서 설명을 하고 있는데 이해가 잘 안되어서 웨이브에서 안내를 해주시면 좋겠습니다. 신규로 웨이브 가입할 때 카드 번호 기입을 의무적으로 해야 하는지 안내 바랍니다. 결제는 다른 ott에서 하는데 웨이브에 카드 번호 기입을 해야 하는지 궁금합니다.	13
13	웨이브 이용권 사용중인데, 티빙에서 3pack(디즈니랑 웨이브) 을 구매했는데  웨이브는 이미 이용중이라고 안바뀌네요. 원래이용하던거를 중도환불하고 3pack이용권으로 사용가능한가요?	13
13	웨이브 이용권 사용중인데, 티빙에서 웨이브랑 디즈니 ott 묶음으로 된 상품을 구매했습니다. 웨이브계정을 등록하려는데 이미 사용중인 이용권이 있다고 등록이 안되네요. 기존에 사용하던 웨이브 이용권을 환불하고 3pack이용권을 등록가능한가요?	13
13	웨이브 티빙 결합상품 사용중인데  디즈니+ 3팩으로 변경하려고 하는데 웨이브에는 티빙이나 디즈니+에서 하라고 해서\n티빙에서 이용권 눌러보니 웨이브로 이동되는데 웨이브는 변경이 안보여서요ㅠ	13
13	이용권 사용하고 있는데요,\ntving에서 3pack이용권을 구매해서 계정 연결하려고 하니깐 안되네요,\n기존 사용 이용권은 일수로 환불되서 연결되는걸로 알고 구매를 했는데요~\n진행 방법 알려주시거나 연결될 수 있도록 부탁드립니다.	13
13	이용권때문에 3팩으로 이용 불가해요	13
13	이전에 웨이브에서 티빙 더블 이용권을 사용하다가\n3팩으로 변경 하려고 이용권 해지를 했는데 아직 티빙에 들어가서 연결을 하려고 하면 \n이용권이 있다고 나오고 계정연결이 안되고 있어	12
13	제가 현재 웨이브 1년치 구독을 끊어서 사용 중입니다, 근데 3팩을 알게된후 전에 사용하던것도 바꿀수 있다고해서 결제를 했는데 웨이브만 연결을 못하고 있습니다,,, 꼭 해결 부탁드립니다	13
13	즉시 변경하려면 환불밖에 방법이 없나요??\n디즈니 플러스에서 티빙 웨이브 3가지 요금결제했는데 다른이용권 사용중이라고 계정 연동이 안됩니다	13
13	탈퇴 하고싶어요 웨이브,티빙,디즈니번들  상품을 구입했는데 웨이브가안되네요	13
13	티빙 3팩 결제 완료후. Wavve를 연결하기 위해서 현재 사용하던 Wavve이용권을 해지 했습니다.\n그후 티빙에서 Wavve 연결을 시도했지만,	13
13	티빙 디지니플러스 웨이브 3 pack 이용권을 구매했는데 웨이브에서는 사용중인 이용권이 있는 계정이라고 연결이 안됩니다.	13
13	티빙 사이트에서 티빙, 웨이브, 디즈니플러스 3팩 이용권 구독을 하고,\n웨이브 연결을 하려고 했으나 기존 이용권이 2026년 7월까지라서 연결이 되지 않습니다.\n\n기존 이용권에 남은 분량을 취소하고 연결 가능하게 변경 부탁드립니다.	13
13	티빙 웨이브 디즈니 3PACK 이용권으로 바꿀려고하는데 웨이브 구독권이 되있어서 변경도안되고\n웨이브에서 이용권 변경이된다는데 아무리 찾아도 3PACK 이용권이 안보이네요 문의넣어도 답도없고 \n결제된지 얼마안되서 일부환불받은후 이용권 변경 가능한지 여쭤봅니다	13
13	티빙, 디즈니+, 웨이브 결합 상품인 3PACK 를 구매해서\n계정을 연결하려고 했는데\n티빙과 디즈니는 연결이 됬는데\n웨이브만 사용중인 이용권이 있다면서 연결이 안되네요	13
13	티빙+웨이브+디즈니 3pack 구매했는데 웨이브엔 이미 연결된 이용권이 있다하면서 연결이 안됩니다. 확인 부탁드립니다!	13
13	티빙에서 3PACK 구매후 계정연결하기 시도 했는데 \n이용중인 이용권이있다고 연결이 안됨\n웨이브 들어가서 이용권 해지 후 다시 시도 해 \n보았지만 안됩니다 \n연결 방법을 알려주세요	13
13	티빙에서 3pack 이용권으로 구독 전환했는데, 티빙은 남은 일자는 일할 계산되어 환불 처리 진행되었는데 웨이브는 자동 결제 해지만 가능하고 이용권도 남아 있어서 티빙 3pack 이용권에 계정연결이 어렵습니다	13
13	티빙에서 3pack 이용권을 구매하였으나 Wave 계정을 연결할수없다고 합니다( 현재 사용중인 이용권이 있어)\n연간이용권이라 내년에 해지가 되는데 중단 하고 연결할수있는방법이 없나요? 	13
13	티빙에서 3pack 이용권을 구매했고 계정을 연결하려고 정기결제를 해지했는데 사용중인 이용권이 있다고 뜨면서 계정 연결이 되지 않습니다. 어떻게 해야하나요?	13
13	티빙에서 3pack 이용권을 구입하고 결제했는데 웨이브와 연결이 되지 않아요. \n웨이브에 이미 이용중인 계정이 있다고 다른 계정으로 연결하라고 하는데…	13
13	티빙에서 3pack 이용권을 구입하여 웨이브 계정을 연결하려고 하니 \n이미 이용중인 이용권이 있어서 안된다고 합니다.\n그래서 지금 이용중인 이용권을 취소하고\n3pack 을 연결하고 싶습니다.	13
13	티빙에서 3PACK으로 변경하려고 하니 이용권이 있어 연결이 안된다고 그럽니다	13
13	티빙에서 3팩 결제 후 계정 연결할려고 해서 이용권 정지했는데\n바로 연결이 안되네요? \n이용권 남은 잔여일 사용 후 계정 연결 가능한 건가요??\n그거는 좀 너무 번거로운 것 같은데... 다른 방법 없나요?	13
13	티빙에서 3팩 결제했는데 웨이브는 기존 결제가 있다며 계정연결이 안됩니다.\n기존거 바로 해지 환불하고 3팩 결제로 연결하고싶습니다.	13
13	티빙에서 3팩 구매후 계정 연동했는데 티빙이랑 디즈니는 잘되는데 웨이브가 안되요?	13
13	티빙에서 3팩 이용하려고 하려고 신청 하려고 했더니 웨이브에서 변경가능하다고 웨이브로 넘어왔는데, 여기는 3팩이 없는데 어떻게 된건가요?	13
13	티빙에서 3팩(티빙,웨이브,디즈니플러스)  이용권을 구매하면 티빙에 이용중인 이용권은 자동 변경되는건가요	13
13	티빙에서 3팩을 구입해서 연동 하려고 했더니 이용중인 이용권이 있다고 연동이 안되더라구요. \n아이폰 사용중이라 설정에서 구독 취소 해 놓은 상태이구요. \n어떻게 계정 연동을 하면 될까요??	13
13	티빙에서 지금당장 3pack 이용하고싶은데 꼭 웨이브기간 끝난후에나 가능하나요? 그전에 가능하면 방법 알려주세요	13
13	티빙에서 출시한 3pack이용권을 웨이브이용권으로 결제하고 볼수있는 방법이 있나요?	13
13	티빙에서 티빙 웨이브 디즈니 3팩 이용권 구매했는데요 웨이브 연결하려고하니 이용중인 이용권이 있다고 연결이 안된다고합니다\n이용권해지를 한 상태인데 왜 이용중이라고하는지\n이럴때 어떻게 연결해야하는지 새로운 웨이브 아이디 가입을 해야하는지 궁금합니다	13
13	티빙에서 티빙.웨이브.디즈니플러스 결합상품을 오늘 가입했습니다. \n티빙에서 웨이브계정을 연결하려하니 사용중인 이용권이 있는계정이라고 하면서 계정연결이 안되네요.\n연간권을 해지해도 그래서요.환불처리하고 결합상품을 연결해야하나봅니다. 도와주세요.	13
13	현재 1년단위로 결제가 되어있어서 2026년10월까지 결제되어 있습니다.3팩 이용권이 출시되어 3팩을 신청했는데 웨이브는 이용권이 있어서 연결이 안됩니다. 이 경우 기존이용권을 환불받고3팩으로 연결할수 있나요?	13
14	3PACK 요금제 변경	14
14	3pack 이용권 변경	14
14	3팩 구독을 하려하는데 \n웨이브에선 이용권 변경 창을 볼수가 없네요\n어떻게하면 될까요	14
14	3팩으로  가입하려고합니다.\n 3팩 출시되는거 알았으면 구매안하고\n기다렸다고 3팹 구매했을것같은데\n괜히 시간 돈을 버린 느낌이네요\n\n웨이브 자체적으로 3팩으로 업그레이드\n할 수 있는 방법이 없는 것같아서\n해지후 3팩으로 재결체하려합니다	18
14	3팩으로 이용권 변경하려 합니다.	14
14	3팩이용권변경	14
14	IOS 앱 내 구매 이용권을 더블리용권으로 변경하는 방법 문의 드립니다. 	14
14	PIP모드 사용하고싶은데 광고형요금제는 제한된다는 이야기를들었습니다\n요금제변경하고 싶은데 만기전에는 변경불가라고 나와 문의드립니다	14
14	pooq이용권에서 wavve이용권 전환방법	14
14	SKT 요금제변경으로 보려고합니다 그냥 변경은 안된다고해서요	14
14	tv 이용 가능하도록 업그레이드 가능할까요?	14
14	Tv로 보고 싶어요	46
14	가격부담 이용권변경	14
14	가격부담으로 이용권 변경하고자 합니다	14
14	결재를 업그레이드해서 다시 또 결재함	14
14	광고자주나와서 이용권변경하려고	14
14	광고형 스탠다드를 이용하는데 베이직이나 다른 거로 이용권을 업그레이드 하려고 합니다	14
14	광고형 스탠다드에서 스탠다드로 이용권을 변경하려는데 어떻게 해야 하나요?	14
14	광고형 스텐다드에서 베이직으로 변경하기위해 정기결제를 해지 후 베이직을 구매하려 했는데 안 됩니다. 이용권 관리에 들어가서 해지하거나 이용권 만기 후 결제 할 수 있다고 뜹니다. 이용권을 바로 업그레이드 해서 시청하고 싶습니다.	14
14	광고형 시청중인데 업그레이드 하고싶어요	14
14	광고형 웨이브 했는데 제한되어있어서 베이직으로 바로 업그레이드	14
14	광고형 이용권 구매 후 불편하여 다른 이용권(베이직)으로 변경하고자 합니다. FAQ 내용을 따라 새로운 이용권을 바로 구매하려고 하였으나 기존 이용권 해지가 필요하다하여 해지하였고, 이후 다시 구매하려 하였으나 여전히 같은 메시지가 뜹니다. \n요청드리는 사항은 이용권 변경 및 기존 이용요금 자동정산입니다. 감사합니다.	14
14	광고형스탠다드에서 불꽃소방대가 재생이 안돼서 베이직으로 바꿔서 구매하고 싶어요	14
14	광고형으로 바꿨는데 못보는 컨텐츠가 있어서 다른 이용권으로 구매하고 싶습니다..	14
14	구글 ott 사용되는 이용권 변경예정	14
14	구글 정기결재 취소하였는데, 연간권으로 26년 10월까지 되어 있어 이용권 변경 불가	14
14	구글통해 베이직 결제tv시청 가능 스텐다드 업그레이드 방법이 없네요.담달에나 가능한건지 지금 업그레이드는 안되나요?	14
14	구글티빙 프로모션을 이용하고자 이용권을 변경하고싶은데 구글 12개월 정기결제가 9.26 진행됐습니다. 취소하고 요금제변경하고싶은데 방법을 모르겠습니다	14
14	구글플레이스토어로 결제했고  이용권 업그레이드 문의드립니다.스마트tv에서도 볼수있는걸로 변경원합니다	14
14	그럼 베이직에서 스탠다드로 이용권변경 하고 싶은데 가능할까요? 오늘자로 구매했어요	14
14	기존 베이직에서 스탠다드로 변경하고 싶은데, 어떻게 하면 될까요?	14
14	기존에 웨이브 구독하고 있었는데 웨이브티빙 요금제로 변경하려고 합니다.\n웨이브 사이트에 접속하여 웨이브티빙 요금제로 변경하려고 하니까 기존에 구독하던게 있어서 앱 내에서 변경하라고 합니다.\n그래서 앱에 접속하여 변경하려고 하니 웨이브 요금제 내에서만 변경이 가능하다네요.\n이거 뭐 어떻게 해야 하죠? 돈내고 서비스를 이용하려고 하는데 답답하네요	14
14	기존이용권에서 새로나온티빙X웨이브 이용권 변경하고싶은데 해지하고 해야 하나요??	14
14	다른 옵션으로 이용권 변경하려고합니다	14
14	다른 이용권 변경으로 인해 현 이용권 해지 하려고 합니다.	14
14	다른 이용권 변경을 위	14
14	다른 프로모션이랑 합쳐진걸로 이용권 변경할려고 함	14
14	당일 이용권변경	14
14	당장 이용권을 변경하고싶은데\n\n어떻게 해야하는지 모르겠습니다\n\n자세히 설명 부탁드려요	14
14	더블 스탠다드 이용중인데요\n업그레이드 하려고 보니 안보여요 \n방접을 알려주새요	14
14	더블 이용권으로 바꾸려고 하는데\n1년 정기결제를 구글플레이로 해서 안된다고 합니다.\n구글플레이에서 정기결제는 해지 했는데\n이용권 변경이 안되네요.	14
14	더블 이용권을 구매 하였는데  그전에\n웨이브 이용권이 있어서 티빙계정 연결이 안됩니다\n웨이브 이용권 변경해주세요 \n티빙도 볼수있게 해주세요	14
14	더블 이용권을 구매했는데 tv시청이 불가능한 요금제로 선택해서 가능한 요금제로 다시 구매하고 싶습니다.	14
14	더블 프리미엄에서 더블 스탠다드로 변경하고 싶은데 가능 할까요?	14
14	디플티빙 결합요금제 변경	14
14	미사용으로 이용권 변경하고싶습니다.	14
14	베이직에서 스탠다드로 업그레이드 하고싶어요	14
14	베이직에서 업그레이드 하려구요	14
14	베이직으로 이용권 변경하고싶어요	14
14	변경 할래요	13
14	부분취소후 이용권 변경 예정입니다	14
14	새로운 이용권 변경예정	14
14	서비스 이용 해지는 어떻게하나요?\n다른 이용권으로 변경원합니다	14
14	서비스 이용권 변경 (기존 WAVVE 스탠다드에서 더블이용권으로 변경)	14
14	스마트 티비에서 라이브 방영되는 줄 알고 요금제 변경했는데 다시 베이직으로 변경희망함	14
14	ㅇ요금제 변경	14
14	안녕하세요 \n연간이용권을 사용하다 중도에 더블 스탠다드로 이용권을 변경했습니다\n잔여이용권 금액은 코인으로 받는지 궁금해서 문의드립니다	14
14	안녕하세요, 지금 베이직 이용권으로 결제해서 보고 있는데, TV로도 시청하고 싶어서 이용권 변경을 원합니다. 이럴경우는 어떻게 해야할까요?	14
14	안녕하세요. \n현재 웨이브 단독 요금제를 구매했는데,\n티빙+웨이브 결합 상품을 구매하려면 어떻게 할수 있을까요?	14
14	안녕하세요. 티빙에서 티빙X웨이브 더블 프리미엄 요금제로 업그레이드	14
14	안녕하세요.\n\n현재 이용 중인 이용권을 티빙·웨이브 결합상품으로 변경하려고 하는데,\n진행 중 “이용권 해지 후 결제 가능합니다”라는 안내가 떠서 변경이 되지 않습니다.\n\n안내에 따라 구글플레이에서 결제 해지까지 완료했는데도,\n여전히 동일하게 “이용권 해지 후 결제 가능합니다”라는 문구만 표시되고\n이용권 변경 메뉴는 나타나지 않습니다.\n\n티빙·웨이브 결합상품으로 변경하려면 어떤 절차로 진행해야 하는지,\n정확한 방법 안내 부탁드립니다.	14
14	안녕하세요.\n현재 웨이브와 티빙 결합 이용권을 사용하고 있는데요,\n디즈니 플러스하고 3사 통합 이용권이 출시되었다는 광고를 보고 \n해당 요금제로 전환하려고 보니 웨이브에선 찾기가 어렵더라고요.\n\n티빙은 요금제 변경란에 디즈니플러스 포함 이용권이 있어서 바로 변경이 가능하던데\n웨이브는 해당 요금제를 혹시 어디서 찾을 수 있나요?\n이미 2사 통합 요금제 이용 중이어도 변경이 가능할까요?	14
14	안녕하세요\n이용권을 변경하려고 하는데 앱내 결제는 취소를 해야 가능하다고 하는데 남은 잔여일수가 끝나야 변경이 되는 건가요?\n앱에는 더블 이용권이 없어서 어제 날짜로 잘못 구매했는데 지금 계정으로는 다음달까지 더블 이용권을 쓸 수 없는 건가요ㅠ	14
14	어제 요금제 결제가 되었는데 취소 부탁드립니다\n다른 요금제 변경하려고 하니 이미 결제되어 변경이 안되네요	19
14	업그레이드	14
14	업그레이드 하려니 취소해야 가능하다고하네요	14
14	업그레이드위해	14
14	연간 구독권 해지 후 이용권 변경	14
14	연간구독결제가되어있는데 3팩번들요금제 변경하려고합니다 이번달적용날짜지나면 바로 결제해서 보고싶네요 처리부탁드립니다	14
14	연간이용권을 티빙과 웨이브 더블요금제로 변경 방법 알려주세요.\n어플에서 요금제를 변경하려니 더블요금제를 찾을 수가 없네요.	14
14	요금제 변경	14
14	요금제 변경 문의	14
14	요금제 변경 예정	14
14	요금제 변경 원함	14
14	요금제 변경 하려고 합니다	14
14	요금제 변경 하려고 해지하고 다시 가입하고 싶어요\n티비로 호환이 안되는 요금제라 업그레이드 할 예정입니다	14
14	요금제 변경요	14
14	요금제 변경으로 인한 해지 티빙 3PACK으로 변경	14
14	요금제 변경하고 싶은데 갱신일 안됐는데 변경하면 남은 이용일만큼의 금액은 못받나요?	14
14	요금제 변경하려고요	14
14	요금제 변경하면서 해지된걸로 알고 있었음	18
14	요금제 업그레이드 후 받는 코인은 어떻게 사용 하나요?	14
14	요금제를 변경하고싶어요	14
14	요금제변경	14
14	요금제변경 어떻게하나요	14
14	요금제변경으로 할수는 없는건가요?	14
14	요금제변경하려고 합니다 3pack이나 더블로 티빙 디즈니 같이 결제하려고 하는데 어떻게 하면 될까요?	14
14	웨이브 티빙 연동되는 이용권으로 변경하고 싶은데 어떻게 해야하나요?	14
14	웨이브 티빙 이용권 베이직으로 바꾸고싶어요	14
14	웨이브, 티빙, 디즈니 결합 상품으로 이용권 변경하였습니다.\n웨이브를 연동하려고 보니 이미 이용중이라 사용이 되지 않아 해지신청을 했는데 바로 해지하고 남은 기간만큼 차액을 환급 받고 싶어 문의 드려요!	14
14	웨이브+티빙 에서\n웨이브+티빙+디즈니 로 이용권 변경하려는데 아무리해도 이용권 가입 하는곳이 없네요\n티빙에서 로그인해서 가입하려면 웨이브로 연결되요	14
14	유료요금제 변경하려고 합니다.\n어떻게 해야하나요?	14
14	이번에 티빙+디즈니+웨이브 이 세가지 팩이 나왔는데요. 이용권 변경이 가능 하다는데 어떻게 진행 해야 하나요?	14
14	이용 목적에 따른 이용권 변경 (tving+wavve 이용권 구매하려고 했는데 잘못 구매하였음)	14
14	이용권 만료일이 11/5일인데\n티빙이랑 같이 쓰는 더블 프리미엄 요금제 가입하려고 합니다\n지금 가입해서 변경하려고 하는데 이용권 만료 후에 가입하라고 하는데\n티빙 이용하고자해서 지금 바로 이용권 변경하고 싶습니다	14
14	이용권 바꾸기위해 	14
14	이용권 변경	14
14	이용권 변경 tv 에서 사용할구 없어 다시 변격 결재하려합니다	14
14	이용권 변경 바로 할 수없나요?\n티빙 다 볼수가없고 웨이브도 부분 결제하라고나와서\n변경원합니다	14
14	이용권 변경 방법 안내요청\n계정 이용권 롹인 시 볌경할 요금제에 티빙결합상품이 보이지 않아서요	14
14	이용권 변경 방법 알려주세요	14
14	이용권 변경 예정	14
14	이용권 변경 요청	14
14	이용권 변경 잘못하였는데 다시 복구 부탁드립니다.\n\n원래 매달 말일 결제 기준으로 되어 있었는데, 이용권 변경 잘못하여 다시 부탁드립니다.\n\n코인은 사용하지 않았습니다.	14
14	이용권 변경 티비사용 불가	14
14	이용권 변경(3팩)을 하고자 합니다.	14
14	이용권 변경되면서 자동으로 생긴 코인을\n출금하고 싶은데 어떻게 해야하나요	14
14	이용권 변경및 가격부담	14
14	이용권 변경예정	14
14	이용권 변경예정입니다	14
14	이용권 변경위한 해지	14
14	이용권 변경을 원합니다.	14
14	이용권 변경을 하고싶은데\n아이폰에서 결제를 해서 그런지 변경이 불가능하네요	14
14	이용권 변경을 하려고 해지 신청합니다	18
14	이용권 변경하겠습니다.	14
14	이용권 변경하고 싶어서 해지하고 티빙결합 이용권으로 구독하려고요!	14
14	이용권 변경하고 싶은데 구글에서 변경하라는데 무슨 말인지 모르겠어요	14
14	이용권 변경하고 싶은데 어떻게 해야되나요? \n기존 2회선에서 4회선으로 변경하고 싶어요	14
14	이용권 변경하고 싶은데 어떻해애될까요	14
14	이용권 변경하고 싶은데 어찌하나요	14
14	이용권 변경하고 싶은데 지금 사용하고 있는 이용권 해지 가능한가요?	14
14	이용권 변경하고싶은데 어떻게\n해야되나요?	14
14	이용권 변경하기에 3팩 이용권으로 변경하고싶습니다. 어떻게햐는지 도와주십시요	14
14	이용권 변경하려고 합니다	14
14	이용권 변경하려고 합니다 빠르게 처리 부탁드릴게요	14
14	이용권 변경하려고합니다	14
14	이용권 변경하려고합니다. \n관련 내용 답변 부탁드립니다.	14
14	이용권 변경하려구요!	14
14	이용권 변경하려면 기간 지나서 가능해요?	14
14	이용권 변경하려하는데 바로 해지 해주세여	14
14	이용권 변경합니다.	14
14	이용권 비싼거로 변경	14
14	이용권 업그레이드	14
14	이용권 업그레이드 방법	14
14	이용권변경	14
14	이용권변경 할려고 하는데 안되요 빨리 부탁해요	14
14	이용권변경및 단순변심	14
14	이용권변경오류	14
14	이용권변경원합니다	14
14	이용권변경을하고싶어요	14
14	이용권변경이 따로 없어서 해지하고 다시 결제하려합니다	14
14	이용권변경이 안됩니다	14
14	이용권변경이 왜 안되나요	14
14	이용권변경이요~	14
14	이용권변경입니다	14
14	이용권변경하고 싶습니다.	14
14	이용권변경하고싶어요	14
14	이용권변경하고싶은데 어떻게 해야하나요	14
14	이용권변경하려고 합니다	14
14	이용권변경하려고하는데 현재 이용권 해지좀해주세요 구글페이지에서 해지하라는데 방법을 모르겠음	14
14	이용권변경하려구요	14
14	이용권변경하려니까 엄청붛편하네요	14
14	이용권변경할려고 하니 해지관련 구글내에서도 확인이 안되네요.	14
14	이용권을 구매했는데 잘못 구매했습니다\nTV 시청이 가능한것으로 변경하러고 합니다	14
14	이용권을 바꾸고 싶어요	14
14	이용권을 바꾸고 싶어요 ㅠㅠ	14
14	이용권을 변경 하려 합니다	14
14	이용권을 변경하고 로그인하니 프로필이 2개가 뜨는데 이건 뭐죠? 프로필을 추가로 만든 적이 없는데 왜 프로필이 2개가 뜨는지 모르겠네요.	14
14	이용권을 변경하려고 합니다	14
14	이용권을 변경하려고하는데 한달뒤에 가능하다고 되있는데 바로 변경은 안돼나요\n연 9만원으로 변경하고 싶어요	14
14	이용권을 변경하려고함	14
14	이용권을 변경하려구요	14
14	이용권을 변경하려합니다	14
14	이용권을 변경할려고 합니다	14
14	이용권을 변경했는데 티비시청이 안됩니다!확인 부탁드려요!	14
14	입금 동의로 재회신합니다.\n덧붙여 3pack (웨이브, 티빙, 디즈니) 결합 상품이 출시되었다고 알고 있는데 웨이브 내 이용권 변경은 불가한지 여쭙습니다.	14
14	작품 재생이 지원이 안되어 이용권병경 하려합니다	14
14	재결제일이 11월인데 이용권변경시 지금 이용권 연동이 안되고 추가 결제해야하는건가요?	14
14	제가 산 이용권으로는 보고 싶은 컨텐츠를 보지 못합니다. 광고형 스탠다드를 다른 걸로 바꾸고 싶네요	14
14	제가 지금 베이식?이용권을 쓰고있는데,,, 티비로 웨이브를 이용할려니까 베이식은 티비시청제한이네묘,,\n그래서 이용권을 바꾸려니까 해제하고 이용권을 다시구매하래서 \n결제해지하고 다시구매 하려는데 결제한게 12월 5일까지 적용되서 지금당장 방법이없나요?\n티비로 웨이브이용하려면 12월 5일까지 기다렸다가 웨이브 이용권해지하고 다시구매할때까지 기다려야하나요?\n지금당장 안되나요?	14
14	지금 1년 이용권 이용중인데요~ 12월1일부터 해지신청하고 싶습니다.\n\n11월 30일까지만 이용하고 패키지이용권 변경하려고 합니다. \n\n확인 부탁드립니다.	14
14	지금 1년구독중인데 이용권을 더블이용권으로 변경하고 싶은데 \n해지후 다시 재가입해야하는지 아니면 이용권 변경이가능한지 문의드립니다,	14
14	지금 베이직 이용중인데 1만6천원 짜리 당월에 바로 업그레이드 하고 싶습니다 지금당장	14
14	지금 베이직을 사용중인데\n추가금을 내고 티비까지 볼수있는 요금제로 업그레이드는 가능한가요?	14
14	지금 시청하는건 티빙이랑 같이 보는걸로 이용권 구매했습니다. 티비까지 같이 되는걸로 티빙도 같이 시청할수있는 스탠다드로 구매하려면 어디가서 구매해야하나요?	14
14	크로캐스트 가능한 이용권 업그레이드하고 싶습니다\n얼른요	14
14	티비 시청 가능한 이용권으로 변경 요망	14
14	티비로 볼수있는 요금제로 업그레이드 되나요	14
14	티빙 3팩으로 이용권변경	14
14	티빙 디즈니플러스 우ㅐ이브 세가지 결합으로 볼수있는 이용권이 나왔던데 웨이브에서 이용권변경은 어려울까요?	14
14	티빙 웨이브 디즈니 결합상품으로 바꾸고 싶은데 티빙에서 구독하기 누르니까 웨이브에서 막혀서요 \n이용권 변경 어떻게 진행해야하나요>?	14
14	티빙 웨이브 통합이용권 쓰고싶은데 사용중인 이용권이 있어서 결제가 안됨	14
14	티빙 추가로 요금제 변경하고싶어요	14
14	티빙, 웨이브 한꺼번에 있는 거로 이용권 변경	14
14	티빙과 더블사용권으로 변경원함	14
14	티빙과 웨이브 더블 광고형 스탠다드로 구독권을 변경하고 싶은데 어떻게 해야하나요?	14
14	티빙디즈니웨이브 3요금제 변경하려고	14
14	티빙디즈니웨이브 번들로 이용권변경하려합니다	14
14	티빙에서 더블 프리미엄 구매 후 이용권 변경요청	14
14	티빙웨이브 스탠다드로 결제하려고 했는데 잘못눌러서 그냥 스탠다드로 결제됐으요ㅠㅠ 이용권변경은 1일 1번밖에 안된다고해서 오열중입니다..	14
14	티빙이랑 웨이브 더블이용권할려고 기본 웨이브이용권 해지했는데 그 더블이용권이 구매가 안되네요  자꾸 이용권변경하라는데 변경하는게없어요	14
14	푹티비요금제 변경 이벤트참여를 할려고 하는데 기간만료까지 기다려야되냐는 질문에 기다리라고 하는데 1월에 기간이 끝납니다. 그럼 이벤트 참여가 됩니까?	14
14	한단계 업그레이드로 2대 or 4대 회선으로 이용하려고 생각중입니다	14
14	한달 썼눈데 요금제 변경안될까요?	14
14	해지 후 이용권 변경할려구요	14
14	"해지신청했는데\n""재문의"" 하라 하는데.\n그건 몬가요? 해지가 된건가요?\n요금제 변경인데 바로 안되는건가요?"	14
14	해지하고 이용권 변경하고싶어요	18
14	해지후 이용권 변경	14
14	현재 1년 선결제 후 사용하고 있습니다.\n이걸 티빙&웨이브 요금제로 변경하고 싶은대\n이용권 변경버튼을 누르면 구글앱에서 하라고 나오고 구글앱에는 변경버튼이 없습니다.\n어떻게 변경해야하나요	14
14	현재 1년 이용권 이용중 티빙디즈니웨이브 쓰리팩 구매를 하였습니다. 이용권변경이 가능할까요?	14
14	현재 더블스탠다드 요금제를 사용하고 있숩니다. 며칠 전 출시된 3PACK 요금제로 변경하고 싶은데\n티빙에서 3PACK 이용권을 구매하려고 하면 웨이브에서 이용권을 구매하였으니 웨이브 이용권을 변경하라고 안내하고 있습니다. 3PACK 이용권을 구매 사용하려면 어떻게 해야 할까요???	14
14	현재 사용하고 있는 연간회원권을 더블회원권으로 변경 가능한가요?\n결재(차감?)는 어떤 식으로 되는 지도 궁금합니다.	14
14	현재 스탠다드 이용권 이용하고 있고 곧 웨이브 티빙 더블 프리미엄으로 이용권을 변경할 예정입니다	14
14	현재 아이폰 사용자입니다. 기존 요금제를 변경코자 하는데 구글플레이에서만 변경 가능하다고 해서요. 현재 구글 안드로이드를 사용하지 않는데 어떻게 변경 가능할까요?	14
14	현재 웨이브 단독 시청 중인데, 더블 이용권을 구매하려면 기존 이용권을 해지하고 새로 구매해야 하나요? \n더블 이용권 구매 방법 및 티빙에서 시청하는 방법 알려주세요.	14
14	현재 웨이브 프리미엄 12개월 구독으로 자동 갱신되어 이용중인 웨이브 프리미엄 12개월 이용권 구독을 취소하고 새로운 이용권 웨이브 스탠다드로 변경하였는데 26년 10월 25일 만료로 되어있어 이용권 변경을 원합니다.	14
14	휴대폰 요금제 변경으로 t우주패스 에서 이용 예정	14
14	며칠전에 결제했는데 다른 상품으로 바꿀수있나요??\n 광고 안나오는걸루요!!!!	14
14	모바일로 정기구독결제했는데 tv에서 재생이 안되요	14
14	안녕하세요. 오늘 베이직 이용권을 구매했는데 스탠다드 이용권으로 변경하고 싶습니다.	14
14	방금결제햇는데\n광고형 너무불편해서 해지후 다른거로바꾸거싶아여	14
15	기존 휴대폰 결제로 보고있었는데\n휴대폰 바꾸면서 통신사가 바꼈어요\n이런 경우 결제변경 안해도 자동으로 결제가 되나요?\n아니면 해지하고 재가입 해야하나요\n결제변경은 카드로 밖에 안되네요	15
15	11/23 결제한 베이직 (google) 방송+LIVE+해외시리즈+영화(모바일 + PC ? HD 시청 ? 1회선) 이용권 취소 및 환불 요청드립니다.\n다른 이용권 & 결제수단 변경하고자 합니다.	15
15	1년 단위로 정기결제 이용중인데, 기존 결제 카드가 분실되어 결제수단 (카드번호)가 변경 됐습니다. 변경 방법 문의드립니다.	15
15	31일 자동결재가 될 예정인데 자동결재카드인지 아님 구글에서 연결된 카드로 결재되는건지 궁금합니다.\n또 결재카드를 바꾸는방법도 알려주세요.	15
15	App이나 pc 사이트에서 도저히 변경 방법을 찾을 수가 없습니다.\n결제카드를 변경하고 싶은데 고객센터에 전화해도 AI로 app이나 인터넷에서 변경하라고만 나오네요. 변경방법을 알려주시거나 안내원분과 연결 부탁드립니다.	15
15	PC/모바일 모두 결제수단 변경 항목이 보이지 않습니다. 이 경우 어떻게 해야되나요?	15
15	개인정보가 유출되어 카드비밀번호를 변경하게 되었습니다.그래서 자동결재가되지않고있는데 해결방법을 알려주세요	15
15	결재 카드 분실로 \n카드 번호 변경하고 싶습니다...	15
15	결재수단 변경	15
15	결재수단 변경 해야 하는데 탭이 안보여요. 어떻게 하나요?	15
15	결재카드 삭제에 따른 카드 변경건	15
15	결재카드(신용 체크)를 바꾸는 방법 알려주세요	15
15	결재카드를 바꿔야 하는데 어떻해야 하나요???	15
15	결재카드변경	15
15	결재카드변경 방법을 알고십습니다. 체크카드도 가능한가요?	15
15	결재카드분실 다시 등록하려면  찾아받도 모르겠어요 어떨게해야죠	15
15	결제 계좌 카드 변경은 어떻게 진행하면 되나요?	15
15	결제 방법  변경 방법 알려주세요 기존 결제 카드 만기로 신규 카드 정기 결제 등록을해야 합니다	15
15	결제 방법을 변경하고 싶은데 이용 중인 이용권에서는 결제수단변경 창이 안 보입니다. \n앱에서는 변경이 안되는 건가요?	15
15	결제 수단 변경	15
15	결제 수단 변경 방법	15
15	결제 수단 변경방법이 궁금합니다.	15
15	결제 수단 변경하고 싶습니다	15
15	결제 수단 변경하고 싶은데 도대체 어디서 변경해야하는지 안 보이네요....\n너무 불편해요....	15
15	결제 신용카드 재발급 받았는데 어떻게 해야 하나요?	15
15	결제 카드 변경 방법이 궁금합니다	15
15	결제 카드 변경은 어디서 하나요?	15
15	결제 카드 변경하고 싶어요	15
15	결제 카드 변경해야 되는데 어떻게 하나요??	15
15	결제 카드를 변경하고 싶은데 어디서 변경할수 있을까요?	15
15	결제 카드를 변경하고 싶은데요.\n카드 간편관리? 거기서 기본 카드를 삭제하고, 새로운 카드를 추가했는데\n그럴 경우 변경이 된걸 까요?\n아니면, 이용권 해지하고 다시 구독을 해야하는건지...\n답변 부탁드립니다.	15
15	결제 카드를 변경하고싶어요 변경 부탁드려요	15
15	결제 카드를 변경하려고 하는데, 어떻게 해야 합니까?\n이용권결제내역에서 이용권해지를 하라고 하는데 이용권 결제 내역란이 없고, 내가 입력한 결제카드를 확인할 수도 변경도 할 수가 없습니다.\n어떻게 해야 하나요?	15
15	결제 카드를 변경했는데 왜 이전 카드로 결제가 되었나요?	15
15	결제 카드변경	15
15	결제 카드변경방법	15
15	결제가 자동취소되었다고 문자메시지 연락이와서 제가 최근에 신한카드 날짜가 만료가되어 갱신했는데 이게 문제일까요 결재방법 확인및변경을하려는데 앱상에서는 확인이안되네요	15
15	결제계좌변경	15
15	결제까드 변경방법	15
15	결제되고 있는 계좌말고 다른 계좌로 변경하고 싶은데 결제계좌변경은 어떻게 하나요	15
15	결제되고 있는 카드를 변경하려고 합니다.\n방법을 알려주세요.	15
15	결제를 다른방법으로 변경하려하는데 어떻게해야하나요?	15
15	결제를 원하는 카드가 있는데,\n자동으로 결제가 되어버려서 취소나 정기결제 카드변경하는 매뉴가 어딧는지 찾을수가 없습니다	15
15	결제방법 변경 문의드립니다.	15
15	결제방법 변경하는 방법 알려주세요\n신용카드 변경	15
15	결제방법\n핸드폰으로.자동결제하고싶은데\n어떡해야되나여	15
15	결제방법변경	15
15	결제방법변경을 부탁드립니다	15
15	결제방법변경하고싶은데 어떻게해야하나요?	15
15	결제방법을 변경하고 싶은데 어떻게 해야 하나요?\n이용권을 해지했다가 다시 등록해야 하나요?\n지금 웨이브 티빙 더블이용권을 쓰고 있습니다.	15
15	결제방법을 변경하고 싶은데 어플로는 변경이 안된다고 뜹니다 어떻게 신청하면 되나요?	15
15	결제방법을 변경하고 싶은데..아무리봐도 없네요..	15
15	결제방법을 신용카드로 변경하고자 합니다. 방법을 찾을 수 없네요. 자세히 안내요청 드립니다. 전화 주심 감사하겠습니다.	15
15	결제방식을 바꾸려 하는데 하는 방법을 모르겠어요	15
15	결제방식을 변경하고 싶을때는 어디서 할 수 있을까요?	15
15	결제수단 바꾸려했는데 너무 번거롭네요. 일주일 씩이나 기다려야 한다니	15
15	결제수단 변경 (네이버페이->카드결제) 계속 해도 안먹혀요.	15
15	결제수단 변경 방법 문의드립니다	15
15	결제수단 변경 어떻게 하나요?	15
15	결제수단 변경 어떻게 하는지 답변 부탁드립니다.	15
15	결제수단 변경 했는데요 제대로 된건지 확인해 주실 수 있나요? 그럼 24일에 정기결제 되고나서 볼 수 있는건지요	15
15	결제수단 변경방법을 알려주세요	15
15	결제수단 변경으로	15
15	결제수단 변경은 어디서 해야하나요? 핸드폰결제로 바꾸고싶은데요	15
15	결제수단 변경을 하고자 하는데 어떻게 하면 되나요	15
15	결제수단 변경하고싶어요	15
15	결제수단 변경하려고 하는데\n해지버튼만 있고 변경버튼이 없네용\n해지하고 한달 기다렸다가 결제수단 재등록을 해야할지 .... 아니면 다른 방법이 있을까요?	15
15	결제수단 카드 변경하고자 1:1 문의해서 답이 왔는데도 도저히 어떻게 하는지 모르겠어요. 통화로 불가능할까요? 이용권도 연장하기로 했는데 없어졌어요	15
15	결제수단 카드를 바꾸고싶은데 어떻게해야하죠?	15
15	결제수단 현대카드로 변경하고 싶은데 어떻게 해야 하나요?	15
15	결제수단(카드) 변경하려면 어떻게 해야 되는지 알려 주세요	15
15	결제수단변경	15
15	결제수단변경 문의.\n앱에서 결제하지않아 구독관리 메뉴가 이용이 안되고 있어\n결제수단변경이 어려움..\n감사합니다.	15
15	결제수단변경 요청합니다. 결제카드를 변경하고싶은데 어디서 할 수 있나요	15
15	결제수단변경요청드립니다	15
15	결제수단변경하고싶어요	15
15	결제수단변경할려고하는데 안됨\n\n핸드폰 원스토에서 정기결제 되고 있는데 어플 원스토에 정기결제 들어가면 내역이 없음	15
15	결제수단은 휴대폰에서 카드결제로 변경하고 싶은데 방법 좀 알려주세요.	15
15	결제수단을 네이버페이에 연결된 신용카드로 했다가 \n웨이브에서 신용카드로 다이렉트로 하는 걸로 바꿨는데\n여전히 네이버페이에 연결되어 네이버페이에서 카드 삭제가 안되네요 \n서비스 해제도 눌러봤는데 카드 연결 끊는 건 안돼서 지금 이도저도 못하고 있습니다.	15
15	결제수단을 변경하고 싶은데 변경할 수 있는 탭이 안보이네요 ㅠ	15
15	결제수단을 변경하고싶어요	15
15	결제수단을 변경하고자합니다	15
15	결제수단을 은행계좌로 바꾸고 싶어요.	15
15	결제수단을 잘못 선택하여 취소 부탁드립니다.\n결제 후 미사용 상태입니다.	15
15	결제수단을 카드결제로 변경하고 싶은데 어떻게 변경하나요..? PC에서도 변경 탭이 안떠서요	15
15	결제수단카드변경을 했는데\n여전히 네이버페이쪽에는 이전결제카드로 등록이 되어잇어\n해당카드가 기한이 경과해서 사용카드목록에서\n삭제릉 할 수가 없네요.0	15
15	결제수잔 변경방법	15
15	결제일 변경 및 카드 변경을 위해 환불 부탁드립니다	15
15	결제카드 바꿨는데\n전에 입력했던카드에서 결제됩니다\n\n어떻게해야되나요?	15
15	결제카드 변경	15
15	결제카드 변경 문의입니다	15
15	결제카드 변경 어떻게 하면 되나여?	15
15	결제카드 변경 원함	15
15	결제카드 변경방법	15
15	결제카드 변경방법 자세히 알려주세요	15
15	결제카드 변경은 어디서 할수 있나요? 그리고 지금 결제카드는 어떤건지 어디서 확인할수 있나요?	15
15	결제카드 변경을 하고싶은데 방법을 알려주세요.	15
15	결제카드 변경하고싶은데 방법을알려주세요	15
15	결제카드 변경하고싶은데 어디서하나요?	15
15	결제카드 변경하려면 어떻게 해야하나요?	15
15	결제카드 변경했는데 계속 기존카드로 결제되는 문제	15
15	결제카드 분실로\n새카드 등록요청	15
15	결제카드 비밀번호 변경으로 결제정보 수정하고 싶은데 어떻게 해야하나요?	15
15	결제카드가 번호변경으로 바꿔야하는데, 해지해야만 변경이 가능한걸까요? 해지 안하고 변경할 수 있는 방법을 알려주세요.	15
15	결제카드가 변경되어 문의합니다 연락주세요	15
15	결제카드가 변경되어 바꿀려고 합니다. 어떻게 해야 하나요?	15
15	결제카드는 어떻게변경해야하나요?	15
15	결제카드를 바꾸고싶어요	15
15	결제카드를 바꾸고싶은데 이용권에서 안보여요	15
15	결제카드를 바꿀려고하는데 해지하고 다시 신청하는 방법말고 카드만 바꾸는 방법을 알려주세요 해지하면 요금이 바뀌기 때문에 싫음	15
15	결제카드를 변경하고 싶은데 어디서 해야할지를 모르겠어요	15
15	결제카드를 변경하고싶어요	15
15	결제카드를 변경하고싶은데 어떻게해야하나요?	15
15	결제카드를 변경하고싶은데요 ㅜㅜ 어디서 해야할까요??	15
15	결제카드를 변경하려고 하는데 어떻게하면 되나요?	15
15	결제카드를 변경하려고 하는데\n어떻게 해야 하나요?>	15
15	결제카드를 변경하려고 합니다. 어디서 변경해야할까요?	15
15	결제카드를 변경하려합니다 기존 이용 금액 그대로 다른 카드로 결제하고 싶은데 방법을 알려주셨으면 합니다	15
15	결제카드를 어디서 바꿔야하나요? 네이버페이 연동인데 이미 만료된 카드라서 바꿔야하는데 알수가 없네요	15
15	결제카드를다른카드로변경방법	15
15	결제카드바꾸는데 오늘까지결제해야합니다 해지하고 다시결제하려고하는데 안되네요	15
15	결제카드번호 변경되어 앱에 내구독 밑에 구독관리 눌러도 안된다는 메시지만 나오고 카드번호 변경이 앱상에서  못하고 있어서 상당히 불편하고 이런 결제방식 변경은 상담전화로 하길원함	15
15	결제카드변경	15
15	결제카드변경 어디서하나여	15
15	결제카드변경 어떨게 하나요	15
15	결제카드변경 어떻게 어디서해야되나요?	15
15	결제카드변경 어떻게 해야할지	15
15	결제카드변경 원해요	15
15	결제카드변경은 어떻게 하나요?	15
15	결제카드변경하려고 하는데 어떻게 해야 하나요?	15
15	결제하는 카드를 변경하고싶은데 결제정보 어디서 변경하나요?	15
15	경로 알려주세요	15
15	계좌 변경하고싶은데 방법이 어떻게되나요	15
15	계좌이체 변경	15
15	금방 이용권을 바꾸면서 결제카드도 등록했어요. 이용권 바꿀때 등록한건 국민카드로 자동결제되게 해놨는데 이걸 광주카드로 바꿔주세요.	15
15	기존 결재되는 카드가 만료되었어요\n결재되는 카드 변경 어찌 해요?	15
15	기존 요금보다 높은 프리미엄으로 다시 결제하고 결제수단도 같이 변경하고 싶어요	15
15	기존 자동결제카드가 만료되어 새 카드로 변경하려고 하는데 잘 안되네요. 어떻게 해야 하나요?	15
15	기존 카카오페이에서 신용카드로 변경원합니다 빠른 연락 부탁드립니다	15
15	기존에 쓰는 카드를 해지하여 자동 결제하고 있는 카드변경 문의 드립니다	15
15	나의이용권으로 들어가도 결제수단변경이\n안뜨는데요	15
15	납부방법 병경하고 싶어요 어떻게 바뀨나요 ?	15
15	네이버에서 등록된 카드를 삭제하려니, 웨이브 자동결제 카드로 등록되어있다고 안내가 되어있습니다. 모든 카드 결제 정보 삭제 후 다른 카드로 변경희망합니다.	15
15	네이버페이  결제 방법등록하는 중에  페이머니로 결제되었습니다.  네이버페이에 등록된 카드로 결제하려고 한 건데 등록절차와 결제 절차가 연달아 있다보니 헷갈리는 것 같아요.\n\n기존 결제된 건을 카드 결제로 변경할 수 없나요?	15
15	네이버페이 결제하는데 네이버 카드 외 일반 카드결제 원하는데 변경방법을 모르겠네요	15
15	네이버페이 중 다른 카드로 결제수단 변경 원해요	15
15	노트북으로 접속하여 베이직 이용원 월결제 중입니다.\n결제 카드를 다른 카드로 변경하고 싶은데 어떻게 하면 될까요?	15
15	다른 카드로 결제 변경하려고 합니다	15
15	다른카드로 변경 원함	15
15	다른카드로 변경하고 하고 싶습니다 .	15
15	담달은 다른사람 카드로 결재할려구요	15
15	더블 이용권으로 재결제하려구요\n결제수단도 다른 것으로 하려구요	15
15	롯데카드 사태로 카드 재발행 하여 정기결재 막혔습니다.\n다른 카드로 변경하러 오늘 들어왔더니 사용하던 이용권이 사라졌네요\n기존 이용내용을 계속해서 이용해서 결재 할 수 있도록 해주세요	15
15	롯데카드 해킹사태로 해당 카드가 변경되어 결제수단을 변경하고자 합니다.	15
15	매월자동결재되는 카드번호 변경을 문의합니다	15
15	방금결제했는데 잘못 해서 다른카드로 결제하고싶은데 해지하려니 없네요. 해지후 결제하거나. 카드변경 가능한 방법이 있나요.	15
15	사용하지 읺은 카드로 결재가 됐는데 결재카드를 변경하려면 어떻게 해야되나요?	15
15	수고 하십니다\n카드가 재 발급 대여\n결재 수단 변경을 해야 합니다\n방법을 알려 주세요 \n감사 합니다\n수고 하세요	15
15	스탠다드 (ONE store) (모바일 + PC + TV ? FHD 시청 ? 2회선)  이용권을 사용중입니다. \n결제 카드를 변경 하고 싶은데 one store 결제수단에도 결제 수단 바꾸는 화면 조회가 안되어, 결제 수단을 wavve에 빠른카드 등록 되어있는걸로 결제 수단 변경 가능할까요?	15
15	신용카드 결재로 변경방법요	15
15	신용카드 변경  방법 문의	15
15	신용카드 변경하고싶은데 버튼안보입니다.\n빨리 답변주세요.	15
15	신용카드결제 변경요	15
15	아이폰 자동결제였는데 신용카드결제로 바꾸려면\n방법을 알려주세요	15
15	아이폰을 쓰고 있는데 폰에서 안된다고 해서 PC로 보는데도 어디서 변경하는지 나와있지가 않네요 \n결제수단 변경하고 싶습니다	15
15	안내해준것처럼 확인하니 결제수단변경이라는게 없는데요	15
15	안녕하세요 \n현재 핸드폰결제로 구독중입니다. \n카드로 납부하고 싶어서 변경하려는데 어떻게 해야하나요? 여기저기 찾아봐도 어떻게 해야하는 지를 모르겠습니다	15
15	안녕하세요 정기결제 카드변경 하고싶은데\n\n방법을 모르겠어서 문의드립니다	15
15	안녕하세요 정기결제중이던 카드가 유효기간 만료되어 새로 발급받아 결제변경이 필요한데 방법을 알고싶습니다	15
15	안녕하세요! \n이용권의 결제수단 변경을 위해서 PC로 로그인 후 이용권 클릭했는데 그 이후로 어떻게 진행해야 하는 것인가요?\n이용중이 이용권을 클릭하면 이미 이용중이라고 변경이 불가하다는 내용만 뜹니다..	15
15	안녕하세요!\n12월 7일 정기 이용권이 결제 되었는데\n카드 변경을 하고 싶어서 문의드립니다!	15
15	안녕하세요. 결제카드 바꾸고 싶은데 어떻게 하면 되나요?	15
15	안녕하세요..\n카드 비밀번호가 변경이 되었는데 \n카드 수정을 할려고 하니 변경하는곳이 안보입니다..\n자동결제를 해지하고 변경하는건지요?\n해지하고나서 다시 자동결제신청이 가능 한지요?\n빠른 답변 부탁드립니다..\n자꾸 결제 에러라고 뜹니다..\n(빨리 손봐야 되겠는데 AI로보트는 자꾸 쓸데없는 연결 링크만 안내하네요..왜 만들었는지...)	15
15	안녕하세요.\n기존 자동연장납부카드를 분실하여 재발급받아서 카드번호변경으로 결제수단변경이 필요한데,\n납부변경이 되지않아 문의드립니다.\n현재 이용중인 이용권이후 1개월100원 이용가능하도록 연장이되어있는데 기존혜택유지하며 납부방법 변경 문의드립니다.	15
15	안녕하세요.\n이번 롯데카드 사태로 결제가 정상적으로 진행되지 않아 결제수단을 pc에서 변경했는데 잘 됐는지 확인이 불가합니다. 어떤 카드인지 확인이 가능할까요?	15
15	안녕하세요.\n최근 1년 구독권으로 결제를 진행하였습니다.\n그런데 결제 당시 카드 포인트 사용 등의 이유로 결제 카드를 변경하고 싶어 문의드립니다.\n\n현재 사용 중인 구독권에 대해\n? 결제 카드 변경이 가능한지\n? 가능하다면 구체적인 변경 절차는 어떻게 되는지\n\n확인 부탁드립니다.\n답변 기다리겠습니다. 감사합니다.	15
15	안녕하세요\n사용하던 카드가 만기가 되어 다른 카드로 변경하려고 하는데 FAQ에 나와있는 '결제수단 변경'탭이 안보여서요\n\n방법을 알려주시거나 조치를 취해주셨으면 좋겠습니다~!	15
15	요금제 결제카드 변경 어떻게 하나요	15
15	월정액 자동이체 카드 변경하는 방법 문의 \n현재 티빙 +웨이브 이용 결제권 구매해서 사용중인데 \n자동이체 카드 변경을 어디서 해야되는지 모르겠어요	15
15	웨이브와 티빙 함께 이용하는 프로그램을 결제하여 이용하고 있는데 결제카드를 변경하고 싶은데 가능할까요?	15
15	이번에25일날 자동결제가 된다고 하는데요 기존카드가 변경되었습니다 이용권내역 구독관리에서 할수없다는 팝업창이 뜨는데요 어디서하면 되나요?	15
15	이용 요금 결제 카드의 이용 기간 만료로 카드 번호가 변경되었습니다. 결제카드 변경이 필요하다면 어떻게 해야 하나요?	15
15	이용권 정기결제 방법을 변경하고 싶은데 어디서 변경 가능한지를 모르겠어요.\n안내 부탁 드리겠습니다.	15
15	이용권 종류 및 금액은 그대로 이어지길 바라는데,\n결제 카드만 바꾸고 싶습니다 해당 경우에는 어떻게 처리해야 하는 지 궁금합니다	15
15	이용권결제를 다른카드로변경하고싶은데요.\n어디로들어가면 카드변경가능한가요?	15
15	자동 결제카드 비밀번호를 변경하여, 정보 업데이트해야 되는데 어떻게 해야하는지요?	15
15	자동 카드결재 롯데카드가 약 한달 전에 해킹됐다는 롯데카드여서 해지하고 새 카드 발급했습니다. 새로운 카드로 결재변경 하고 싶습니다.	15
15	자동\n결제카드변경	15
15	자동결재 변경해고싶어요	15
15	자동결재 카드 변경요망	15
15	자동결재 카드번호변경	15
15	자동결재를 바꾸려합니다	15
15	자동결재수단 변경은 어디서 해야하나요	15
15	자동결재카드변경	15
15	자동결제 걸려있는 카드를 재발급해서 카드 정보 교체하고자합니다.\n아이폰과 패드에서 변경하려고 누르니 앱전용상품이라고 나오는데 어디서 변경해야하나요?	15
15	자동결제 걸린 카드가 유효기간 만료로 바꿔야하는데 \n우째합니까?? \n방법을 모르겐네요	15
15	자동결제 계좌변경하고 싶어요	15
15	자동결제 고지도 없이 결제가 되어 당황스러움.\n결제방식 변경 및 이용권 변경하려고 함.	15
15	자동결제 되어있는데 카드 갱신으로 결제 카드를 변경해야되는데 앱에서는 어디서 변경하는지 못 찾겠어요. 방법 알려주세요.	15
15	자동결제 변경 희만합니다	15
15	자동결제 수단을 변경하려면 어떻게 해야 하나요?	15
15	자동결제 카드 번호가 바뀌어서 교체해야되는데\n어떻게하나요	15
15	자동결제 카드 변경 하는 법 알려주세요	15
15	자동결제 카드 분실로 인해 다시 카드변ㄱ경원합니다	15
15	자동결제 카드를 바꾸고 싶어요	15
15	자동결제 카드를 변경하고 싶습니다	15
15	자동결제 카드를 변경하려면 어떻게 해야 하나요?	15
15	자동결제 카드를 분실하여 새로받은카드로\n자동결제 수단을 바꾸고싶은데\napp로 구매한 경우에만 변경이 가능하다는\n알림창이 뜨고 결제 카드 변경이 되지않습니다\n\n자동결제 카드 변경 하려면 어떻게 해야하죠 ?	15
15	자동결제 카드변경 궁금해요	15
15	자동결제 카드변경 어떻게 하는지 설정을 못찾겠어요	15
15	자동결제 카드변경 어떻게하나요	15
15	자동결제 카드변경은 어떻게하면되나요?	15
15	자동결제 할 카드변경 하고 싶습니다	15
15	자동결제가 되어있었는데 카드 비번이 바뀌면서 3회 초과 오류로 결제가 되지 않네요\n기존 결제 카드를 그대로 사용하고 싶은데 어떻게 해야 할까요?\n이용권은 기존 웨이브 이용권에서 웨이브 티빙더블이용권으로 바꾸고 싶어요	15
15	자동결제계좌변경은 어떻게하나요	15
15	자동결제되는 카드 변경하고싶습니다	15
15	자동결제되는 카드를 변경하고 싶은데 어떻게 하면 될까요?	15
15	자동결제되었던 카드가 만료되어 카드변경 해야하는데. 어디에도 변경에 관한 문구가  안떠서요. 계속 잘못눌러 해지, 취소만 했어요. 더블이용권이라, 그런지.... 변경 방법 알려주세요	15
15	자동결제를 신용카드로 결제중인데\n신용카드를 변경하고싶은데 고객센터에 전화해야가능할까요?	15
15	자동결제를 이용하고 있는데 카드 변경을 어떻게 해야하나요?	15
15	자동결제수단을 다른 카드로 수정하고 싶습니다	15
15	자동결제중인 카드를 갱신하게 되서 문의드립니다\n카드번호 변경으로 인해서 새로 등록하고자 하는데 어떻게 해야될까요?	15
15	자동결제카드 삭제하고 싶은데 아무리 찾아봐도\n자동결제카드 변경이나 삭제할수있는 카테고리가 없습니다!\n도대체 어디서 할수있나요?!	15
15	자동결제카드를 삭제했고 다른카드 등록하고싶은데 방법은요?	15
15	자동결제카드변경 합니다	15
15	자동결제ㅜ카드 변경해야하는데\n아이폰은 결제변경하는곳이 없어요\n어찌해야하나요 빠른연락부탁드려요	15
15	"자동납부되던 카드가 만료되어 결제수단을 변경하려 합니다.\n인터넷에 작성되있는대로 이용권목록에 들어가서 수정하려하니, ""결제수단변경""이란 표기가 없었습니다.\n어떻게 수정할 수 있을까요?"	15
15	자동으로 결재되는 카드를 변경하려고 하는데, 어떻게 변경하나요?	15
15	자동으로 결제되는 카드를 변경 하고싶어요	15
15	자동이체 계좌번호 변경을 할려구합니다	15
15	자동이체 변경 하려는데 통장으로 변경은 안되나요??	15
15	자동이체 카드 변경 원하는데 어디서 하나요?	15
15	자동이체 카드 변경은 어떻게 해야하나요 \n다른 카드로 바꾸고 싶습니다	15
15	자동이체 카드 변경하고 싶은데 어디서 해야하나요 ㅠ	15
15	자동이체 카드변경하려고요\n어떻게하나요	15
15	자동이체를 핸드폰에서 카드로변경하고싶어요	15
15	자동이체신청중인데\n결제카드변경방법있나요?	15
15	자동이체카드 변경 방법 알려주세요	15
15	전에는 결제 카드를 등록할 때 공식 홈페이지에 등록하고 변경했던 걸로 기억하는데 이제는 페이레터를 통해서 등록하는 걸로 나오네요. 홈페이지에서 등록 변경하는 방식은 없는 건가요?	15
15	정기이용권 결제방법을 변경하려고 하는데 어디서 하는지 모르겠습니다.	15
15	지금 사용하고 있는 요금제 그대로 자동결제카드만 변경하고 싶은데 어떡해야하나요?	15
15	지금 카드 납부하고 있는데 다른카드로 변경할려고 합니다 방법 가르쳐주세요	15
15	지금 카카오페이로 돼있는데 다른 결제수단으로 변경 원합니다.	15
15	지난번 결재수단 문의를 드렸는데요\n결재 수단을 변경했는데도 적용이 안됀건가요?\n다시한번 확인 부탁드리겠습니다.\n다시 전에 이용하던 이용권이 연결이 불다하다는 걸까요?	15
15	카드 갱신으로 결제수단변경하고싶은데요\n어떻게변경해야할까요 보이질않네요	15
15	카드 결재가 불가 하여 자동이체 요청 드립니다.	15
15	카드 교체로 인해 결재 수단을 변경하여야하는데 어찌하나요?	15
15	카드 교체로인한 전지로 결제가 되지않습니다. 결제카드 교체원합니다.	15
15	카드 만료로 인하여 자동결제 카드 변경 문의 드립니다 \n핸드폰 번호 변경은 가눙 하나요?	15
15	카드 변경으로 자동결제가 풀린것 같습니다\n기존 이용권 그대로 지속 결제 하고 싶습니다\n확인 후 회신 바랍니다	15
15	카드 비밀번호 변경	15
15	카드 유효 기간이 다 되어서 이번달 결재는 다른카드로 결재 해야 하는데 어떻게 해야 하나요?	15
15	카드 유효기간 재발급으로 카드가 변경되어\n결제수단변경 ㅡㅡ	15
15	카드 재발급해서 결제카드를 변경하려고 하는데 어떻게 해야하나요?	15
15	카드 재발급해서 변경하려구여	15
15	카드가 바뀌어서, 바뀐 카드로 결제하려고 하는데, 어떻게 하는지 모르겠습니다.\n알려주세요.	15
15	카드가 변경되서 그런지 오늘 승인 거절이 나왔는데\n결제 카드 정보는 어디서 변경할까요	15
15	카드가유효기간이 만료되어 교체하였는데 결제카트변경하려는데\n어찌해야하나요?	15
15	카드갱신하여 결제를 바꿔야하는데\n그 이용권목록 들어가면 자동납부 해지만 나옵니다.\n결제수단변경이 안떠요	15
15	카드결제 변경요청	15
15	카드결제 변경할려는데 0원이라뜨고 유효기간 만료카드라떠서 변경이 안되네요 내일이 결제일인데	15
15	카드납부 변경	15
15	카드를 변경하려면 어떻게	15
15	카드를 새로 발급 받았어요\n변경할  방법이 없네요\n너무 불편합니다\nApp을 통해 구매내역으로 들어가니 \nApp에서 구매한 내역만 변경 가능하다는\n엉뚱한 이야기맛 하고\n방법 좀 알려주세요	15
15	카드를 재발급하여 번호가바뀐 카드로 결제를 변경하고 싶습니다.	15
15	카드를바궈서 결제카드 번경해야하는데 변경할수가없네요	15
15	카드를변경하고싶은데 어떻게 해야하는지 아무리찾아봐도 없습니다	15
15	카드마그네틱손상으로 카드번호변경 해야함	15
15	카드만기가 되어 자동이체카드를\n변경하려고합니다\n방법 알려주세요!	15
15	카드번호 변경	15
15	카드번호변경	15
15	카드변경문의	15
15	카드변경하고싶습니다 빨리 연락주세요	15
15	카드변경하려하빈다	15
15	카드분실로\n새카드발급	15
15	카드비밀번호변경으로 결제가 되지않고 있습니다 다른결제방법을 알려주세요	15
15	카드자동이체인데 카드를 변경할려면\n어떻게 하면 될까요?	15
15	카드재발급으로 결제카드변경 어떻게 하나요?	15
15	카드재발급으로 인한 자동결제카드 변경	15
15	카드해지로 변경하고 싶은데 결제수단 변경방법을 못찾겠어요	15
15	카카오페이결재에서 신용카드로 변경요청	15
15	카카오페이로 결제 중인데 일반 신용카드로 결제수단 변경하고 싶어요	15
15	카카오페이로 자동결제가 되고있는데 다른은행계좌로 결제 수단을 변경하고 싶습니다.\n구독권 관리 칸은 앱으로 구독한경우에만 할 수있다며 아예 안열리는데 방법이 있을까요?	15
15	쿠팡 사태로 카드 번호 재발급 후 결제 수단을 변경하려 했는데\n기존처럼 네이버페이로 결제를 하고 싶은데\n결제수단 변경에 네이버페이 변경이 아닌 신용카드로만 되게 되어있는데\n어떻게 네이버페이로 바꿀수 있나요?	15
15	통신사를옮겨서 결제변경하고싶은데\n변경할수가없네요\n어떻게해야되나요	15
15	폰 자동결제 오류로 오늘 신용카드로 변경했는데요\n할인가 오늘 자동결제되나요?\n할인가 얼마로 결제되나요?	15
15	핸드폰으로자동결제로하고싶은데방법이없나여?	15
15	현재 9500원 티빙 더블요금제 사용중인데, 없어진거 같더라고요\n결제 카드 변경하고 싶은데 어떻게해야하나요?	15
15	현재 결제하고 있는 신용카드를 다른 신용카드로 변경하고자 합니다.	15
15	현재 등록된 카드 뒷자리 3594가 맞나요?\n\n다음 결제일에 결제될 금액도 확인해주세요	15
15	현재 등록된 카드번호 변경요청	15
15	현재 이용권을 카드 자동이체로 납부하고 있는데 결제정보를 변경하여 다른 카드로 결제하고 싶습니다.\n어떻게 변경하면 되는지 자세한 설명 문의합니다.	15
15	현재 자동결제 이용중이고\n결제 신용카드를 변경하려고 합니다.\n변경 방법 알려주세요	15
15	현재 정기 결제중인 카드를 다른 카드로 변경하고 싶은데\n결제수단 변경을 아무리 찾아도 안보이네요.\n결제수단 변경 안내 부탁드립니다.	15
15	현재 카드로 구독중인데 다른 카드로 구독하려 합니다\n결제수단 변경하는 방법을 알려주세요	15
15	현재 카카오페이로 매달 자동결제중인데 계좌만 바꾸고싶습니다 방법을 좀 알려주셨으먼 합니다	15
15	현재 휴대폰 결제수단으로 되어있는데\n카드결제로 변경 원합니다. 어떻게 해야하나요?	15
15	현제 매달마다 결제되고있는 체크카드에서 다른 신용카드로 자동결제 되게 변경하고싶은데요.어떻게. 해야지 될까요?	15
15	현제사용중인 이용권현황이 알고싶어요(요금제)\n또한 현재결제방법을 알고슾고 결제방법을 변경하고싶어요	15
15	혹시 결제수단 변경 어떻게 하나요?	15
15	홈페이지에서 결제카드를 변경하려고합니다 어디서 어떻게 해야하나요?	15
15	휴대폰 자동 결제 중이었는데. 이번 달에 부과된 요금 취소할 수 있는지요.\n자동 결제는 휴대폰에서 카드결제로 방금 변경했습니다	15
15	결제카드 유효기간 만료로 결제수단을 변경하려 했으나 앱 상에서 변경할 수 없어 문의남깁니다.	15
15	안녕하세요 네이버페이 연동된 카드로 결제했는데 분실때문에 재발급 받아서 결제수단을 그냥 일반 카드로 변경하고 싶은데요 변경이 안되서요 어디서 변경해야할까요?	15
16	 자동 결재 방식으로 되어있는데 결재가 안되어지는지요\n 몇년동안문제가없엇는데 결재어떠한 방식으로 해야하나요	16
16	10월달 요금결제가 자동으로 안되었는데 기록도 사라져서 어떤상품 이용했는지 알수있을까요	16
16	11번가에서 1년권을 구매했는데\n기존 광고형 이용권을 취소해도 등럭이 안되어 문의드립니다. 정기결재만 취소된것 같아요. 그냥 바로 1년권등럭을 희망합니다	16
16	1년이용이 끝나고 결제를 안했는데 10월31일22시02분에 결제가 이루어져서\n1년이용권이 다시 구매되었습니다.\n조만간 다시 이용할 생각이어서 구매된것은 괜찮지만 혹시 해킹이 아닌가하는 걱정이 됩니다.\n이용권 구매한 디바이스가 확인가능한가요?\n부모님이 보시다가 누르신거면 다행이지만 아니면 많이 불안합니다.	16
16	99,000원에.정기결제 해놨는데 카드승인이.안된듯합니다 위금액으로 연장처리 부탁드립니다	16
16	결재카드가 변경으로 결재가 승인거절 되고 있습니다\n결재수단 변경 하려하는데\n결재수단 변경 버튼 부재로 변경 못하고 있어서 방법 문의드립니다	16
16	결제내역도 다 있고 애플계정을 통해 결제했는데 이용권 보유 현황이 업데이트가 안되서 계속 시\n청을 못하고 있슺니다 빠른 해결 부탁드립니다	16
16	결제일에 결제가 안됐는데, 재결제 가능할까요??	16
16	계좌인증이 계속실패하는데 저도 이유를 모르겠네요ㅜ	16
16	더블슬림권 이용중에 어제 계좌 잔액부족으로 해지되었는데 오늘 자동결재 후 복구 가능한지요?	16
16	돈이 안빠져나갔는데\n언제 다시출금되는건가요	16
16	등록되어있는 카드로 결제 안되고 자꾸 계좌에서 결제 실패됩니다	16
16	안녕하세요! \n정기결제 수단을 체크카드로 해 두었는데, 잔액부족으로 결제가 되지 않았어요. \n잔액은 채워놓았는데,\n다시 결제시도가 되나요?\n아니면 정기결제가 취소되어, 다시 신청해야하나요?	16
16	안녕하세요! \n정기결제 수단을 체크카드로 해 두었는데, 잔액부족으로 결제가 되지 않았어요. \n잔액은 채워놓았는데,\n다시 결제시도가 되나요?\n아니면 정기결제가 취소되어, 다시 신청해야하나요?	16
16	오늘 웨이브를 보려고 했는데\n등록된 이용권이 없어졌어요.\n자동결제 카드가 변경되었는데\n그걸 놓친거 같습니다.\n기존대로 사용할 수 있도록 도움을 주시기 바랍니다.\n빠른결제 카드에 새 카드는 등록해놨습니다.\n전화 가능하면 전화로 연락 부탁드립니다.	15
16	오늘 웨이브를 보려고 했는데\n등록된 이용권이 없어졌어요.\n자동결제 카드가 변경되었는데\n그걸 놓친거 같습니다.\n기존대로 사용할 수 있도록 도움을 주시기 바랍니다.\n빠른결제 카드에 새 카드는 등록해놨습니다.\n전화 가능하면 전화로 연락 부탁드립니다.	15
16	요금이 결제되지않아 중단되었습니다.  웨이브 다시 볼수 있도록 요금 결제방법 가르쳐주세요. 상담원님과 통화 원합니다.	16
16	원래 베이직 12개월권 이벤트가로 5만원대에 구독중이었고 12/22일이 새로운 결제일이었습니다. 그런데 얼마전에 팝업으로 12개월권을 다시 이벤트가로 구독할 수 있다는 창이 떠서 동의버튼을 눌렀는데 결제되는 체크카드에 결제할 수 있는 금액이 없어서 결제실패된 것 같습니다. 이 경우에는 다시 그 이벤트가로 구독할 수 없는건가요?	16
16	이벤트 알림으로 정기결제 다시하면 41프로 할인해준다해서\n 결제 설정했는데 결제 안됐어요!	16
16	이용권 구매해서 사용하고 있었는데 갑자기 모든 영상이 다 1분보기만 되어서요. 결제 내역을 보자니 휴대폰으로 빠져나가는거라 내역 찾기가 힘들어서요 이용권 구매내역 보고 싶은데 어떻게 찾아야하나요? 이용권이 중지된건지 아니면 요금이 빠져나가지 않아서 해지된건지 확인하고 싶어요	16
16	이용권 자동결제 99000원으로 안내되어 모바일상에서 신청을 했는데 2025년에 사용하던 이용권 만료일 12월18일 24시가 지나자마자 이용권 연장 재결제가 안되어있는데 언제 다시 이용이 가능할까요 \n\n프러그램 보다가 다음회차를 보고싶픈데 못보고 있네요	16
16	이용권을 구매했는데 \n이용권을 다시 구매하라고 하는데요\n이본달 결제가 된거 같은데	16
16	이용권을 정기결재하여 계속 사용중이었는데, 아무런 공지 없이 갑자기 이용권 구매 내역이 없다고 뜨는데, 왜그런건지 이유를 알고 싶어서요.\n매달 13일에 13,900원씩 빠져나가고 있었는데, 12월에는 결재가 되지도 않았구요... 이유를 알고 싶어서 문의 남깁니다.!	16
16	이용권이 월마다 자동결제 되고 있었는데 오늘 들어왔더니 이용권이 결제되어 있지 않고 미리보기로 봐지네요 왜 이렇게 된거죠 ? 카드정보가 변경되어 결제가 안됐으면 보통 갱신하라고 안내를 해주지 않나요 ? 이유가 뭔지 문의드립니다	16
16	자동 결재 방식으로 되어있는데 결재가 안되어지는지요\n 몇년동안문제가없엇는데 결재어떠한 방식으로 해야하나요	16
16	자동이체로 지정된 카드가 연휴 때 분실되어 재발급 진행 중인데 결재가 안되어 기존의 이용권이 없어져 이용이 불가능합니다\n다른 카드로 자동이체 하려고 하는데 기존 이용권으로 사용이 가능한지 문의 드립니다	16
16	정기결제 실패되었는 데 신용카드 분실로 인한 변경은 어디서 하죠?	16
16	정기결제했던 정보를 알고싶네요 카드가 바뀐건지..결제다 안되서요 \n	16
16	제가 결재 날에 계좌에 돈이 부족해서 결재 취소가 되었습니다. 그래서 다시 결재를 하고싶은데, 혹시 어디서 다시 결재를 해야하는지와 아니면 자동 결재를 다시 할수있는지 알고싶어요,	16
16	지동결제가 안되어서 이용권 구매하라고 하는데\n카드 승인이 계속 들어가고 있어요	16
16	결제가왜해지되었을까요?	18
16	카드 교체로인한 전지로 결제가 되지않습니다. 결제카드 교체원합니다.	15
16	등록되어있는 카드로 결제 안되고 자꾸 계좌에서 결제 실패됩니다	16
16	카드비번오류로 승인불가라고 떠서 결제가  안되어서  이용이  안되는데  빨리  해결 좀 해주세요	16
16	이용중 카드변경(재발급)을 하려는데 변경방법을 모르던중 자동결제가 안되어 이용이 끊긴듯 하여 다시 신규카드로 티빙웨이브 더블 스탠다드 결제 했습니다. 헌데 모바일은 시청이 안되고(VOD) 티비는 되네요? 뭔지 모르겠는데 또 계속 기존정지된 카드로 계속 결제는 시도를 하고 있습니다. 어찌해야 하는건지 모르겠네요?	16
16	자동결제가  비밀번호 오류로 결제가 안되어 이렇게 문의합니다\n결제카드가 롯데카드로 이번개인정보 유출사태 때문에  비밀번호를 변경하였는데 이게 결제할때 영향을 주는줄 몰랐네요 어떻게 해야 하나요	16
16	비밀번호 오류로 구독결제가 계속안된다는데 바꿔도 안되눈건 어떻게 해야되나요.	16
16	결재카드 유효기간 만료로 자동결재가 안됐어요변경 어디서 하나요	16
16	사용중인 롯데카드에서 비번오류로 결제승인이 거부됨	16
16	카드자동결제인데 비밀번호 오류로 인한 승인불가라고 카톡메시지가 왔습니다. 어떻게 하면 되나요? 	16
16	이용 요금 결제 카드의 이용 기간 만료로 카드 번호가 변경되었습니다. 결제카드 변경이 필요하다면 어떻게 해야 하나요?	15
16	비밀번호 오류로 wavve결제가 안돼서 문의드립니다.	16
16	정기결제 수단을 체크카드로 해 두었는데, 잔액부족으로 결제가 되지 않았어요. \n잔액은 채워놓았는데,\n다시 결제시도가 되나요?\n아니면 정기결제가 취소되어, 다시 신청해야하나요?	16
16	이때까지 자동결제가 된것 같은데 결재가 안된 이유와\n무슨 카드로 결제거 되건지 알고 싶음\n그리고 무슨 카드로 얼마 가격인지도\n영수증 이메일로 안 날라옴	20
16	금이 12개월 이용권 결제가되는 날이었는데 결제가 되지않고 이용권없음으로 되어있어서 어떤문제때문에 결제가안된건지 알고싶습니다.\n그리고 예정된금액이 109000원 이었는데 지금 결제해야하는거는 12만원이상이던데  이벤트할인이 끝나서결제가안된건지 궁금합니다	16
16	결제카드 비밀번호 변경되서 이번달꺼 결제가 안되시는거같아요	16
16	스탠다드 이용권 자동결제로 이용중이었는데\n지난 10월 27일 결제가 자동으로 되지 않고 이용권 해지가 되어버렸습니다\n27일에 해외여행 중이었는데 혹시 그것 때문일까요?\n왜 해지 된 건지 다시 이용권을 구독해야 하는 건지 문의드립니다.	16
16	결제일에 결제가 안됐는데, 재결제 가능할까요??	16
16	제가 정기결제로 구독을 하고  있었는데 11월1일자로 강제해지가 된 것 같습니다.\n어떤 상황인지 궁금합니다.	16
16	더블이용권 이용중이었는데 카드를 재발급하는바람에 해지가 된거 같아요.원래 하던 이용권 이용하려면 어떻게 해야하나요?	16
16	결제카드 문제로 자동결제가 되지않았습니다. 카드 변경하려고 했는데 이용권이 없다고 나와서 카드 변경이 힘드네요. 분명 고객센터 공지에는 +10일 내에 변경하면 된다고  나와있는데. 어떻게 해야하나요	16
16	자동결제 동의해놨는데 결제가 안되어서 이용권이 종료되었습니다.\n웨이브 카카오문의했을때도 결제예정이라고하셨는데\n[회원님의 경우 가격 변경에 동의하시어 자동 결제 유지 시 다음 결제일에 할인 적용된 동일한 금액인 99,000원으로 결제 예정입니다.] \n확인부탁드립니다.	16
16	작년 이맘때 스탠다드 1년 구독을 했고 어제로 종료가 되었습니다\n얼마전 팝업으로 기존 1년 구독자는 기존 혜택 그대로 1년 연장이 가능하다는걸 본거 같은데 어떻게 신청해야할까요?\n작년에 10만원 미만으로 구독했던걸로 기억하는데 지금 웨이브에서 구독 신청하려면 스탠다드 1년 구독료가 \125,000으로 나옵니다 	16
16	이전 이용권 가격변동 동의했는데 자동으로 연장이 안되었는데요.\n전에 문의 드려서 99,000원으로 이용권 연장된다고 답변 받았었습니다.\n어떻게 된건지 확인부탁드려요.	16
16	1년 구독권을 이용하고 있는데요 오늘 자동 결제인데 제가 결제 카드 비밀번호를 변경하면서 자동 결제 비밀번호가 3번 이상 틀려서 카드 이용이 정지 되서 다른 카드를 변경 했는데, 혹시 언제쯤 변경된 카드로 이용권이 결제 될까요?\n결제 금액은 77,000원 맞나요?	16
16	웨이브 결재가 안 되었네요.\n문의 남깁니다. 	16
16	오늘보니 갑자기 이용권이 해지되어있는데\n이유가 무엇인가요?\n원래 스탠다드 월10900원 자동결제로 이용하고있었는데 같은 조건으로 계속 구독되나요?	16
16	결제 카드를 변경해야하는데 고지도 없이 이용권이 바로 끊기나요? 오늘 돈 내는날인데 사라졌네요	15
16	시청 중에 이용료가 미납이 되어 문의 문의드립니다.\n미납이 되면 언제 빠져 나가나요	16
16	카드변경으로 인하여 작년과 동일하게 결제 완료하였던 부분이 결제가 안된거 같아요\n2회선 77,000원에 결제했었는데요..\n만료일전에 이전금액으로 결제한다고 확인을 누렀었는데..카드가 변경된거 잊고있다가 이제 확인했네요..\n이벤트 내용대로 이전금액으로 결제할수 있도록 확인 부탁드립니다.	16
16	카드가 갱신돼서 결제방법 변경하려고하는데 사용중인 이용권에 들어가서 변경하라고 되있더라구요 근데 제가 사용중인 이용권이 없다고 나오는데 어떻게 변경하나요? 매월 결제가 되고 있었는데 왜 이용권이 없다고 나오는지 모르겠습니다	15
16	제가 카드를 재발급을 받아가지고 28일날 자동결제날인데 카드를 재발급 바꾼걸 까먹어가지고 자동결제 당일날 저녁 쯤애 결제수단을 바꿨어요(재발급 받은 카드로) 그러고 자동결제가 안되가지고 다음날 정시에 확인하니 이용권이 없어졌는데 제가 쓰는 이용권 프리미엄 13900원은 없더라고요 제가 2년전 혜택으로 한달 100원으로 보고 그 뒤부터 13900원으로 봤거든요	16
17	10900원이매달이중으로결제돼요	17
17	11월7일\n11월11일 결제가 두번되었는데 왜그런건가요	17
17	17일 22일 10월부터 2번씨결제된사항	17
17	1회선으로보다가 딸이 본다고해서 2회선으로 바꿨어요\n몇일전 요금이 나갔는데 회선변경하고 오늘또 결제됐는데 이게 맞는건가요?\n10일결제됐거든요 회선변경하면  이중으로 요금이나가는건가요???	17
17	2025년12월2일화요일오후12시19분에 샀습니다 그런데 이용권이 없어요 	17
17	24년7월부터 25년 10월까지 한달만에 돈 내맀는데 벌써 카톡의 탈퇴했는데 그래도 회원(카톡없음)에 돈을 어떻게 내렸어요?\n\n24년7월부터 25년10월까지 있지만 환불에 가능해요?\n\n그래서 카톡에 벌써 탈퇴했어서 로그인은 들어도 못해서 어려운 것을 같습니다.\n\n사진(캡쳐)에 보내주고 싶은데, 여긴 못 보내지 못하지만 메일으로 보내주면 좋은 거를 같아요.	17
17	2중으로 결제가 된 것 같은데 확인 부탁드립니다	17
17	5500원짜리 이중결재중 1개취소	17
17	가입시 이중으로 결제되었다고 해서 무자보내니 수정해주기바람	17
17	가입한적이 없는데 요금이 빠져나가고 있습니다	17
17	가입확인해주세요 계속 결제가 되고 있어요 	17
17	가입후, 다른 안드로이드폰으로 로그인하려하다 계정확인도 안되어 찾아보기했지만 동일계정으로 로그인시도해도 안되어 아이디가 두개인것 같아 계정탈퇴를 했더니 결제한 이력이 삭제되었습니다.\n\n그럼 10900원은 돌려받지도 못하게 되는건가요?	17
17	갑자기 로그인이 안되더니 직접로그인해서\n들어갔더니 이용권을 구매하라고\n떠있네요\n어처구니가 없어서\n 아이디를 찾을 수가 없어요 당장 해결해주세요	17
17	갑자기 이용불가\n이용권 구매도 불가.. \n왜이러나여	17
17	결제 중복 확인바람	17
17	결제 햇는데  않되네요	17
17	결제가 두번 되었어요	17
17	결제가 이중으로 됐어요\n어떻게 된건지는 모르겠는데 분명 같은 아이디로 결제했는데 안되었다고 해서 또 했거든요\n근데 카드내역보면 결제가 두번되었습니다\n결제 하나는 환불 부탁드려요	17
17	결제가 중복이 되어서 해지하려고요	17
17	결제내용 알고싶습니다.	17
17	결제는 매달되는데 구매이용권이 없다고 나와서 시청을 못 하고 있습니다	17
17	결제되는 되고 있는 데, 서비스 이용이 안 되네요~ㅠ 아이디 찾기가 안되요 	17
17	결제를 이미 완료한 상태에서 너의 이름은을 보려고 들어가면 구독권을 결제하라고 떠서 못 보는 상태입니다	17
17	결제했는데 이용권없다고함	17
17	계속해서 이중결제가 됐습니다.\n확인 후에 환불부탁드려요	17
17	구독신청한적이 없는데 정기구독으로 11월22일12800원 이 카드결제로 되어 있는데 확인 부탁드립니다	17
17	구독을 하지않았는데 카카오페이로 13900원 결제되었어요	17
17	기기변경후 이용권구매가뜨는데 구매하면 요금이부과되나요  폰요금은  프리이엄요금입니다	17
17	기존 회원권 해지 후 티빙과 함께 더블 회원권 등록하고 싶습니다. 어떻게 처리할 수 있을까요? 현재 회원권은 해지해 두었으나, 계속하여 사용 중인 이용권이 있는 계정이라고 오류가 발생합니다. 만기일까지 기다렸다가 등록해야 하나요? 이용요금이 이중으로 발생하여 아깝습니다	17
17	늘 이용했는데 로그아웃했다가 다시 들어가려하는데 이용권이없다고 나와요\n다른아이디가 있는지 찾기 해봐도\n안나와요	17
17	답변 주신 내용 잘 이해하지 못했습니다\n요금이 계속해서 이중 부과 되고 있어요\n전화 상담은 안 되나요?	17
17	더블슬림 결제했는데 기존 10,900원짜리가 계속 이중결제되는데 햐지하는곳을 못찾았습니다 환불해주세요...	17
17	더블이용권 구매하였는데 카드 결재내역 확인해보니 웨이브 1번, 티빙 1번  7천원씩 총 14000원 결재 되어있습니다   확인부탁드려요.	17
17	두 번째 문의. 또 문제 오류입니다. \n카드 결제 내용 다 확인했는데도 웨이브에서 로긴을 해도 구매내역이 없다고 나옵니다.	17
17	등록한 아이디 와 비번이 생각이 안나는데? 다른 방법으로 아이디 찾을 수 있나요? 	17
17	로그아웃 후\n다시 로그인 했는데\n(아이디 찾기에서 네이버로 회원 가입 했다고 해서\n네이버로 로그인)\n\n이용권이 없다고 합니다.\n회사 복지몰에서 연간권을 결제해서\n2026년 1월까지 아직 남아 있는데\n없다고 확인 됩니다.	17
17	로그인 아이디 비번이\n기억이 안나요	17
17	로그인이 계속되지않아 아이디가 두개인가 해서 탈퇴를 했는데, 10900원은 사라지는건가요?	17
17	로그인했는데 왜 자꾸결제하라고 뜨는거죠?	17
17	매달 국민카드. 농협카드에서 각각 10900원씩 정기결제가 중복으로 되고있는걸 알게됐어요\n왜이런상황이 발생한건지\n제가쏘는계정은 뭔지문으드리고\n제한사람 명의로 중복결제가 되고있었던\n안쓰는계정에대한 환불을 요청합니다\n그리고안쓰는계정 바로 정기결제 중지시켜주세요\n무슨일이죠?	17
17	매월자동 결제가되는데 왜 어제 갑자기 이용권을 구매하라고 뜨는건가요?	17
17	무로시청이 가능했었는데 어제 로그아옷 후 다시 로그인하니 결제하라고 뜨는데 어떤 이유일까요? 해겔방법 알려주세요.	17
17	문의하기에 글을 남겼는데, 아직 답변을 받지 못해서 이렇게 로그인을 하고 다시 남깁니다.\n\n처음 Wavve를 이용할 때, 어머니가 이용권 결제하여 가족이 사용하였습니다.\n당시 어머니의 휴대폰이 제 명의로 되어 있어서 제 명의로 이용권 결제로 사용한 것으로 기억합니다만,\n중간에 어머니의 휴대폰 명의를 어머니 명의로 변경하면서 그 로그인 정보가 사라졌습니다.\n계속 이용권 결제는 되는데 사용하지 못하고 있습니다.\n하여 해지를 요청하려고 하는데, 로그인 정보를 찾지 못해서 결제만 하고 있네요.\n\n상담을 ai 상담사로만 가능하게 해 두어서 이럴 경우 상담도 못하고, \n1:1로 남기라 하여 연락처와 함께 남겨두었는데 한마디 피드백도 받지 못했습니다.\n\n조금 성가시네요.\n\n확인하고 빨리 연락 주세요!!!!!!!!!!!	17
17	분명 결제를 해서 돈도 다 빠져나갔는데 계속 이용권 구매하기로만 뜨네요ㅠ 그래서 이용권 구매하기 눌러서 선택하면 이미 구독중이라고는 하고…로그아웃도 해보고 했는데 어떻게 해야하죠??	17
17	새폰변경후 미리보기만 나오고 one스토어 결재도 클릭이안됨 아이디를 찾을 수가 없어요 	17
17	시스템상 이용권이 보이지 않아 구독을 하지 않는 것으로 인지하고 있었으나,\n결제 내역이 존재하는 것을 방금(251125 00:10) 확인하였습니다.\n이전 결제 내역을 살펴보니 25.5.23 부터 매 달 정기적으로 7회 결제가 된 상태입니다.\n제 기억 상으로 5월달에 결제를 진행하였으나 어플 상에서 이용권이 확인되지 않아 \n오류라고 생각하였고, 결제 또한 진행되지 않았을 거라고 생각하고 있었습니다.\n\n요청하신다면 결제 내역과 이용권이 확인되지 않는 점 입증할 수 있는 자료 보내드리겠습니다.\n\n5월 이후로는 플랫폼을 이용하지 않은 것으로 기억하고 있습니다만, \n제 wavve 이용 내역을 살펴보시고 빠른 환불처리 부탁드립니다.	17
17	아니 앱에서는 해지됐다는데 어디서 해지하는지 정도는 안내해줘야지 \n1년 가까이 헛돈만 쓰잖아요 보지도않는거\n진짜 너무하네.. 어디 경로에서 해지해야되는거예요 대체!!!!!	17
17	아무리 찾아도 아이디가 없어요 결제내역 확인해주세요 	17
17	아무리 찾아도 회원이 안 나와여 분명 허ㅣ원잇는데….\n분명 회원가입햇는데… 결제도 햇는데 ㅜㅜㅜㅜㅜ	17
17	아이디가 2개인데 pooq요금제 관련한 계정이 어떤것인지 확인 후 해지를 하려고 합니다.	17
17	아이디찾기해도 안되서 다시 가입했는데 기존아이디가 조회도안되는데 이중결제가 되고 있습니다.\n확인부탁드립니다. 	17
17	안녕하세요 저는 휴대폰 어플 헤제 했는데요 \nTV아직 계속 요금 빠져 나와 있어요	17
17	안녕하세요\n10월15일에워이브티빙더블광고형스탠다드가입신청했는데오늘18일이용권가입해야한다고해서\n티빙에가서더블광고형스탠다드가입했거든요\n이중으로가입된것이면해지하려고합니다	17
17	안녕하세요! 구독을 취소를 한지  제법 오래된거 같은데 제 계좌에서 계속 요금이 빠져나가서요. 단순 오류일까요? 아니면 뭐가 잘못된걸까요??	17
17	안녕하세요,\n웨이브를 이용권울 구독하고 있지 않는데\n왜 매달 7,900원 결제가 되고 있을까요?\n확인부탁드리며, 환불 진행해주세요.\n\n웨이브_푹TV_자동 - 웨이브(푹TV)\n7,900원	17
17	안녕하세요. 자동결재를 취소했는데 결제 메시지가 왔습니다. 확인부탁드립니다	17
17	안녕하세요. 현재 네이버 계정으로 회원가입은 되어있습니다. 네이버 가입 이전에는 월5,500원으로 이용을 하였고 11월에 갑자기 로그아웃이 되어 로그인을 하려고 하니 회원가입이 되어있지 않다고 오류가 납니다. 돈은 이체 되었고 처음 가입경로는 기억나지 않아 문의드립니다.	17
17	안녕하세요.\n웨이브 회원 탈퇴 후 자동결제 지속발생되고 있어서 문의드립니다.\n확인 후 답변 부탁드립니다.	17
17	안녕하세요? 제가 그동안 티빙더블슬림이용권을 구매해서 6월부터 사용하고있었는데 확인해보니 다른 이용료가 웨이브에서 부과되고있었고 그 이후 이용권을 해지했더니 웨이브를 사용할수가 없네요?\n더블슬림이용권을 결제하면 웨이브 티빙 둘다 이용할수 있는거 맞죠? 왜 사용이 안되는지 확인부탁드립니다. 이중 부과된게 맞다면 환불도 가능하신가요?	17
17	안녕하세요?\n제가 사용하는 이용권이 이중으로 결재가 되어서\n문의 드립니다.\n스탠다드 정기 이용권과 더블이용귄이 이중으로\n결재되어 정기이용권은 자동결재 해지를 한 상태\n입니다.\n정기 이용권은 남은 기간을 환산하여 포인트로 준다고 알고 있는데요, 헌재 진행 상황이 궁금합니다.\n빠른 답변 부탁드립니다.\n감사합니다.	17
17	안녕하세요~여쭤볼게 있는데 제가 알고보니 skt상품이랑 웨이브 개별구매로 이중부과를 하고 있었더라구요ㅠㅠ21년도부터요ㅠㅠ\n어차피 제 과오라 결제된 건 어쩔 수 없는데 혹시 \n지금 결제되어있는 12개월요금제 취소후 skt로 연결해서 보려면 어떻게 해야하는건지 알려주세요ㅠ.ㅠ\n그리고 12개월요금제는 어느정도 환불이 되는건지도 알려주세요	17
17	안녕하세요\n가입경로가 기억이 나지않지만 올해 3월 1년 구독을 했고, 몇달 전 해지를 해서 내년 3월까지는 이용이 가능한 상태입니다. 그러던중 로그아웃이 되었는데 어떤 방법으로도 로그인을 해도 기존에 이용하던 계정이 보이지 않아요ㅠㅠ 아직 이용 가능한 기간이 남았는데 이용 가능할 수 있게 절차를 안내 부탁드립니다. 1년 구독에 대한 증빙도 가능합니다	17
17	어떤아이디로 결제가 되는지 알수가 없습니다	17
17	요금이 계속해서 이중 부과 되고 있어요\n전화 상담은 안 되나요?	17
17	요금이 이중으로 빠져나가요	17
17	웨이브 구독을 티월드에러 햇는데 계정연결이 안되는건지 계속 이용권이 없다고 나오네요	13
17	웨이브 구독하다가 티빙 웨이브 더블 이용권으로 구동중인데 이중결제가 되고 있어요 어떻게 하면 될까요?	17
17	웨이브 구독하다가 티빙 웨이브 더블 이용권으로 구동중인데 이중결제가 되고 있어요 어떻게 하면 될까요?\n\n	17
17	유료가입결제중인데 로그인을 할수가없네요 아이디계정 비번 도저히 생각이 안나네요	17
17	유지하는데 왜자꾸 이중으로 돈나가는지모르겟네요?\n이럼 너도 웨이브 못쓰겟네요	17
17	이중결재 사항의 관한 문의\n16일 결제가 되었는데 17일에되 결제가 된 사항	17
17	이중결제	17
17	이중결제가 되고잇던거같아서 문의드립니당	17
17	이중으로 결제가 됨	17
17	이중으로 구글에서 결재 되었습니다 \n환불요청합니다	23
17	이중창구 중입니다	17
17	잘못 알고 가입된 2건의 취소 및 환불을 요청드립니다.연락이 닿지않아서 답답합니다\n 이 내용관련 통화를 하고 싶습니다. 전화번호를 제 핸드폰 문자메세지로 보내주시면 연락드리겠습니다.\n조속한  취소및 환불을 요청합니다.	17
17	전에 가입한 아이디 알고 싶어요	17
17	정리를 해서 1번으로 결제해야하는데 2번 나가는것같아요	17
17	제 계정은 자동결제가 안되어 있는데 계속 자동결제가 이뤄지고 있습니다.	23
17	제 요금제가 지금 결제되어있는지 아닌지 어떻게알수있나요? 혹시 등록되어있다면 끊어주세요	17
17	제가 사용하는 아이디는 이용권 결제가 되지 않았으나 제가 사용하는 계좌에서 돈이 빠져나갔습니다.	17
17	제가 사용하는 핸드폰 서비스 내용중 웨이브시청 무료가있는데 따로 웨이브에서도 결재가 진행되는것같아서요.확인부탁드립니다.	17
17	제가 쓰던 계정을 잃아버려서 현제 이용권헤지를 못하고 있습니다\n혹시 헤지할 방법이 있을까요??	14
17	제가 예전에 웨이브 결제한적이 있는데요. 현재 계정에 관련 이력이 없는 것 같아서요. 최근에도 여전히 결제가 되고 있는지 확인하고 싶습니다. 정확하게 어떤 계정인지 모르겠어서요.	17
17	제가 지금 제 이름,  계좌로 이용권 구매하지않은것같습니다.  그런데 11월17일 오전10시47분에 7900원 결제가되었다고 문자가왔습니다. 해지하고싶어요..	17
17	제가여태몰랐다가 핸폰에서 보게댔는대  이중결제가 대고있더라고요	17
17	제발 누가 제 명의로 뭔가 하고 있다면 밝혀주세요 모르는 결제가 되고 있어요 	17
17	젠틀맨 이중경제됐습니다. 환불 부탁드려요	17
17	중보결제 확인 \n\n네이버페이로 이중결제되었응	17
17	중복해서 결제가 되는것 같은데 확인 좀 부탁드립니다~~	17
17	티빙 웨이브 결제 했는데\n7000원이 2번 나갔어요	46
17	티빙에서 웨이브 더블 이용권을 구매했는데 이전 이용권 때문에 등록이 안됩니다.\n현재 정기결제는 취소한 상태인데 어떻게 등록해야하나요	17
17	티빙이랑 웨이브 동시 결제로 이용권 변경했는데\n이중결제가 된것 같습니다 \n하나 해지부탁드립니다	17
17	폰 교체 또는 유심칩교체후 미리보기 만 시청가능	17
17	프로그램보려고 하는데 이용권을 구매하라고 해서 보니까 이미 구독중이라는데 어떡하라는거죠 \n지금 컨텐츠 못봐요 1분 미리보기만 되는데 갱신은 12월 10일 이에요	17
17	프로그램에서 갑자기 로그아웃 되어서 다시\n로그인 하려고 했는데 고객정보가 없다고 합니다.\n 지금 구독도 진행 하고 있어서 어떻게 찾나요 ? \n있는 거 없는 거 다 해봤는데 새로 가입하는 \n방법만 뜨네요 확인 부탁드립니다.	17
17	프로필 2개중 프로필2에 구독중인데 프로필1에 모르고중복 가입했어요	17
17	한달에 두번결제가 되었어요	17
17	핸드폰교체로  기존구매이력이 확인되지 않습니다.고객센타 연락바랍니다	17
17	핸드폰을 새로 구입하면서 아이디와 패스워드를 기억하지 못합니다	17
17	현재 웨이브 매월 2회씩 동일 아이디로 결제가 되고 있으며,\n로그인시에도 이용권이 나오지 않아 시청이 계속 불가한 상황입니다.\n\n두 결제 계좌 다 해지 부탁드리며, 환불 조치조 부탁드립니다.	17
17	확인좀요 무슨 아이디인지 모르겠네요	2
17	회원탈퇴한상태입니다 자동결재를 해약 해야되는데 어찌해야 될까요	17
17	휴대폰 결제 웨이브 30만원 상당 결제가 되 었습니다\n정확한 사용기록이 알고 싶어요	17
17	휴대폰 요금에서 7900원 자동 결제가 되고있는데 이용권이 없다고 뜨네요 그래서 시청이 안됩니다	17
17	휴대폰 요금제 바꾸면서 탈퇴하고 핸드폰 자동결재로 계속 결재된 듯 합니다. 오늘  웨이브 사이트에 들어가서 확인도 했고 이용권은 없던데 탈퇴도 진행했습니다. \n종료 여부 확인과 그동안 납부한 비용, 환급 여부 확인 부탁 드립니다.	17
17	휴대폰은 되는데\n테블릿이 연결이 안되네요\n방법좀 알려주시고\n이용권이 5월까진데  \n모르고 또 결재한것같은데 확인 부탁합니다.	17
17	베이직 자동결제 해지했는데 이용료가 계속 빠져나가고 있습니다,,	18
17	보고싶던 콘텐츠가 한가지 있어서 가입했다가 매번  또 결제를해야하는것 같아서 가격부담으로 분명 티비쪽으로 해지했었는데 카드내역 확인해보니 어제까지 계속 돈이 인출되고 있었음.	17
17	사용 안하고 해지한지 오래 됐는데 결제가 되서 요청드려요	17
18	1. 현재 웨이브를 구독중입니다.\n2026년 5월6일이 구독 종료인데 그때까지 티빙이랑 같이 구독할수있는 방법이 없을가요??\n2. 현 상태에서 티빙에대한 추가요금을 더 내던가....\n아니면 웨이브를 구독취소하고 두채널 구독을 다시 가입했을때 어느방법이  덜 손해일지....	18
18	10월 20일 새벽에 이용 예정이라 20일까지 사용 처리 후 해지 부탁 드립니다\n20일 오후 다시 결제할 꺼라 오전 중 해지 해주세요	18
18	11월 15일까지 이용 가능한 이용권 해지 바랍니다\n우ㅐ이븡하 더블이용권을 이용하는데 문제가 있어서 지난주부터 기다라고 있는데 날짜를 못맞춘건디 자꼬 안되네용 일단 이계정으로 가입되있는 모든걸 다 해지해주시면 감사하겠습니다 ㅠㅠ	18
18	11월 30일자로 계약을 해지하려는데 어떻게 해야 하나요?	18
18	12개월 연간이용권 사용중입니다. 해지를 하고 싶습니다.	18
18	1년 이용권 구매해서 적용하고자함\n기존 이용중인 이용권 해지요청	18
18	1년 해지하려고 합니다  티빙에서  웨이브 결합요금으로 하려고 1년 결제 해지 부탁합니다	18
18	1년구독 해지 후 이용권을 변경하려 했으나 자동결재를 해지하지 못함.	18
18	1년구매했는데 sbs는 안된다해서 해지 원합니다	18
18	1년권이라 26년 2월꺼지인데 해지시 해당기간꺼지 이용가능한가요\n해덩기건꺼지 이용가능하면 해지 해주세요	18
18	1년이용권을 해지하고싶은데 어떻게 진행하나요?	18
18	1년짜리 구독하고 다음 연장 안하려고 해서 카톡문의에 자동연장되는건지, 맞다면 구독취소해달라했는데 정상적으로 접수되지 않아서 원하지않는 구독연장되었음.	18
18	2025년 10월 2일자로 해지 요청 드립니다.\n티빙과 함께 더블이용권 신청 예정 입니다.	18
18	25.04.30에 월정액 이용권해지완료 문자도 받았는데 10.23에 자동결제가 되었습니다.\n확인 부탁드립니다.	18
18	25/12/20부로 이용권 해지 요청하였으나 아직 진행이 되지않고 있습니다\n해지 확인 부탁드립니다	18
18	3pack 서비스 신청위해 기존 ott해지요청	18
18	3PACK 신청을 위해 기존의 웨이브 연간 결제 해지 요청	18
18	3사 더블 이용권 구매 후 바로 이용하고싶어서\n현재 사용 중인 이용권 바로 해지해주실 수 있나요	18
18	3사통합권이용변경으로 기존이용권 해지요청	18
18	3팩 구매예정으로 해지원함	18
18	3팩으로 변경해서 해지요청합니다	18
18	9/22일 결제이용권 해지해주세요	18
18	CJ임직원으로 웨이브 임직원 혜택으로 무료시청이 가능해졌습니다\n이에 이용권 해지하려고 하는데 방법 알려주세요	18
18	CU87HP\n해지 진행 부탁드려요~	18
18	sbs 다시보기가 안돼서 해지하고 싶어요	18
18	SBS 때문에 웨이브 1년 구독 신청했는데 갑자기 SBS 나가고 정말 볼 것이 너무 없습니다.\n\n계약해지 원합니다.	18
18	SBS 시청 불가로 인해 더블 이용권으로 변경하려고 합니다. 현재 이용권을 조속히 해지 바랍니다.	18
18	TVING 으로 구매한 더블 이용권을 연결해서 사용하려고 합니다.\n현재 이용중인 이용권을 해지해주세요	18
18	tving과 프로모션한 이용권으로 바꾸기 위해서 해지 신청합니다. 빠른 해지 부탁드립니다.	18
18	가격이 비싸서 해지합니다.	18
18	결합 상품 이용을 위해 1년권 구독을 완전 해지 하고 싶습니다.	18
18	결합상품 재가입을 위한 해지신청	18
18	결핮상품으로 인해  지금 정기 구독권 해지원합니다	18
18	계속 구글플레이앱에서 해라고만뜨고 그쪽으로해도\n해지신청이 안됩니다\n너무 상담이 느려 불편합니다 빠른 답변부탁드립니다	18
18	광고 포함 요금제에서는 pip 모드가 안돼요. 그래서 베이직 요금제로 바꾸려는데 안되네요.\n구글로 결제해서 그런가요. \n해지했다가 다시 신청하려합니다.	18
18	광고형 스탠다드 이용권을 해지하고 싶어요	18
18	광고형 어제 샀는데, 못 보겠어서 이용권 업그레이드 위해 기존 거 해지 부탁드려요!!!	18
18	광고형 해지문의-해지 하고싶어요	18
18	광고형으로 구매 했는데 해지 하고 싶어요	18
18	광고형해지시켜주세요	18
18	구글에서 정기결제 해지하라고 하셨는데 계속 해봐도 안뜨네요 ㅠㅠ 해지 부탁드립니다.	18
18	구독 취소 아닌 이용권 해지를\n원합니다	18
18	구독 취소 원합니다.	18
18	구독 취소를 신청합니다.	18
18	구독 취소를 하려고해도 구글에서도 확인이 안되는데 돈이 빠져나가네요.\n구독 취소 하고 싶습니다.	18
18	구독 해지 부탁드립니다	18
18	구독 해지 원합니다	18
18	구독 해지 처리 해 주세요	18
18	구독 해지 하고 싶은데 어떻게 하면 되나요?	18
18	구독해지 방법을 몰라 해지가 늦었습니다.\n이번 달 자동결재가 된 줄 몰랐는데 돈이 나갔네요.\n지난 달 딸이 보고싶은 만화보고 더 이상 이용하지 않았습니다. 선처를 부탁드립니다.	18
18	구독해지하고 싶은데 회원탈퇴를 했습니다\n구독해지가 되는건가요?	18
18	구독해지할려고하는데 안되네요\n해지요청바랍니다	18
18	그거신청할려면 해지해야하네요 해지부탁드려요	18
18	그냥 해지부탁드립니다	18
18	금액 확인하였고 해지 처리 부탁드립니다.	18
18	금일 결제된 이용권 아직 이용하지 않았습니다. 해지 요청 드립니다.	18
18	금일 결제한 연간구독 해지 요청합니다.	18
18	기간이 남았는데 더블 결제로 전환해서 바로 해지 신청하려고 합니다.	18
18	기존 계정은 카카오톡을 통해 가입되었습니다\n이 계정을 해지하고 아이디 비번으로 새로 가입하고 싶습니다\n회원 탈퇴 및 기존 자동 충전 이용권 해지를 해주시면 좋겠습니다\n새로운 아이디로 다시 자동 충전을 하고 싶습니다	18
18	기존 웨이브 요금으로 인해 티빙 연결이 안됩니다\n요금 해지해주세요	18
18	기존에 구매이력이 있어서 연결이 안되어 해지 요청합니다	18
18	기존이용권 해지하고 티빙+웨이브로 바꾸고싶어요	18
18	내용 확인하였습니다\n해지 진행 부탁드립니다.	18
18	넷플릭스 디즈니 구독해서 티비로 시청중이구요 \n쿠팡플레이도 시청합니다 \n웨이브랑 티빙 10/28 구독했는데 웨이브로 시청할때마다 자꾸 버퍼링이 걸려서 시청하는데 불편합니다 \n다른 ott 도 구독 시청중인데 안그렇거든요 ㅜㅜ\n인터넷의 문제라 하기엔 다른ott 시청핳때는 그런일이 없었어요\n혹시 지금 구독 해지하면 요금 정산은 어떻게 되나요? 시청에 불편해서 구독 해지 하고 싶어요ㅠ	18
18	다른 ott는 괜찮은데 웨이브만 시청했다하면 어떤 방송이든 끊김으로 인해서 방송을 볼 수가 없네요 \n이용권 해지하고싶어요\n1년정기권으로 했는데..	18
18	다른 ott로 옮겨서 해지하려고 합니다	18
18	다른 OTT서비스와 합쳐서 이용하기 위해 해지합니다	18
18	다른 사이트에서 해당 계정으로 연결하려고 하는데 이미 이 계정이 이용권 이용중이라서 연결이 어렵다고 합니다. 12월 15일까지 인데 지금 해지 가능할까요?	18
18	다른 요금제 연결을 위해 해지요청	18
18	다른 요금제로 변경했습니다 해지해주세요	18
18	다른 이용권 구매 원하는데 구독 중이라 구매가 안됨 오늘 바로 구독해지 요청 합니다.	18
18	다른 이용권 구매위해 해지신청	18
18	다른 이용권 등록을 위한 현재 이용권 해지 부탁드립니다\n구글 플레이에서는 해지했습니다	18
18	다른 이용권으로 변경 위해 중도해지 부탁드립니다.	23
18	다른 이용권으로 변경위해 해지신청합니다.	18
18	다른 이용권으로 변경을 할려고 중도 해지를 원합니다.	18
18	다른 이용권으로 변경하려고 해지 신청합니다	14
18	다른 이용권으로 새로 구매하고 싶어서 현재 사용 중인 이용권을 중도해지하고싶습니다.	18
18	다른 이용권으로 이용하고자 해지신청합니다.	18
18	다른 이용권을 사용해야해서 광고형 해지\n해주세요	18
18	다른곳을 이용하게되어 해지합니다	18
18	다른이용권을 구입하려고 하는데 해지가 안되서 이용권구입이 안되고있습니다. 빠른처리부탁드립니다	18
18	다음 더블 이용권 자동결제 해지하고 싶습니다.	18
18	답 잘 받았습니다.\n저는 광고형 스탠다드 구독을 중도해지(부분해지)허길 요청합니다. 바로 정리 부탁드립니다.	18
18	답변 잘 받았습니다.\n제가 5일인가에 웨이브 요금제 연장일이라 환불보다는 이번엔 이용일까지 쓰고 이번달부터는 연장안하면 될 것 같은데 세 가지가 더 궁금해서 남깁니다.\n1. 웨이브 요금제 카도로 자동결제 서비스 이용했는데 연장일 전날 해지하면 될까요? 그리고 카드 해지방법 좀 알려주시면 감사하겠습니다\n2. 이후 티빙과 웨이브 연동 방법 좀 자세히 알려주세요. 이달부터 티빙 웨이브 같이 볼 수 있는 만오천원 정도 요금제 티빙에서 신청했습니다 \n3. 웨이브 회원탈퇴하면 안되는걸로 이해했는데 맞는건가요?\n\n다시 답변부탁드립니다	18
18	더블 광고형 스탠다드를 구입하여 웨이브 기존 이용권 해지 시청합니다.	18
18	더블 이용권 중도 해지 부탁 드립니다.	18
18	더블 이용권 해지 요청입니다.	18
18	더블 이용권 해지하고 싶어요 해지해주세요	18
18	더블 프리미엄 이용권 해지	18
18	더블스탠다드 이용권으로 변경하기 위해 해지요청합니다.	18
18	더블이용권 구매로 해지원합니다	1
18	더블이용권 구매해서 웨이브 정기결제 해지하고 연결하려하니 안됩니다.	18
18	더블이용권 사용 예정으로 \n계정 등록을 위해 해지 신청합니다.\n이용권 해지 바랍니다.	18
18	더블이용권 사용중인데 티빙의 3pack 혜택으로 갈아타려고 합니다. 근데 웨이브에서 더블이용권 구독중인데 이걸 해지를 해야 티빙의 3pack 구독을 할 수 있는건가요? 일단 자동결제 해지신청은 헤두었는데 구독해지 해야 티빙의 3pack을 구독할 수 있다면 해지 부탁드립니다.	18
18	더블이용권 위해서 이용권 바로 해지하고싶다고 10월 6일에 문의했는데 아직도 답변이 없고 해지도 안됐네요? 일처리가 원래 이렇게 늦나요? 된다 안된다 답변이라도 주셔야되는거 아니에요?	18
18	더블이용권 중도해지 요청 합니다.	18
18	더블이용권 해지 요청합니다.	18
18	더블이용권으로 재신청하고싶습니다.\n바로해지안되나요??	18
18	더블이용권으로 해지	18
18	더블이용권을 이용하는데 왜 웨이브 이용권 돈이 또 나가는거죠??????\n더블이용권이용하면 자동으로 해지해줘야하는거 아닌가요???????\n뭐하는짓이죠>?	18
18	더블이용귄을 구매를 해서 전에있던 스탠다드12개월 이용권 해지하고 싶은데 어떻게 하나요?	18
18	등록된 구글페이 아이디 확인부탁드립니다.해지하고 싶어요	18
18	런닝맨 매니아인데 시청불가라서 해지하고 싶어요	18
18	로그인을 애플 계정이 아니라 카톡이나 이메일로 해야하는데 잘못 설정해서 다시 재구매하고 싶습니다.\n1초도 시청하지 않았고 바로 자동결제 해지 했습니다.	18
18	만기일까지 기다려야 해지됩니까?\n이번달까지만보고 다음달부터 해지하고싶어요	18
18	멤버쉽 해지 요청합니다.	18
18	몆일전 즉시해지 신청했는데 처리가 안되고 있습니다.\n빠른처리 부탁드려요	18
18	미리 해지하는 것을 까먹어서 해지 요청드립니다.	18
18	바로 해지 부탁드립니다.	18
18	바로 해지하고 싶은데 어디어서 신청하나요?\n답변 부탁드립니다. 또는 연락 주세요.	18
18	방송VOD이용권(모바일+PC전용) 이용중인데\n티빙에서 더블스탠다드 이용권 구매하여 현재 이용권 해지하려고 합니다	18
18	보고싶은 콘텐츠 다 봐서 해지요청합니다.	18
18	부모님댁 티비에 연결해드리려고 했는데 지원하지 않는 기기래요\n해지해주세요\n콘텐츠 안봤어요	33
18	사용권해지 신청합니다	18
18	사용빈도가 낮아 해지하고 싶습니다.	18
18	사용빈도가 너무 낮아서 해지 하려고 합니다.	18
18	사용빈도가 적어 해지를 원해요	18
18	사용빈도수가 낮아서 해지하고싶어요	18
18	사용빈도적어 해지합니다	18
18	서비스해지 요청합니다	18
18	소액결제로 되어 있는데 서비스 해지해주세여	18
18	스마트티비 사용 불가능 및 사용빈도 낮음으로 해지요청합니다	18
18	스탠다드 이용권 구독 중이며, TVING 더블 이용권 구매를 하게 되어서 구독 및 자동결제 해지 신청했습니다.	18
18	스탠다드 이용권 해지요청	18
18	스탠다드 장기이용권_12개월 해지	18
18	시청빈도가 낮아서 해지신청합니다.	18
18	시청중인 정기결제 해지하고싶어요	18
18	시청할 때, 자동으로 중지 화면이 규칙적(약 1분 간격)으로 실행되어 보기에 매우 불편합니다. 서비스 해지 방법을 알려주세요	18
18	실수로 가입함. 해지하고싶음.	18
18	아니 티빙이랑 웨이브랑 같이 병합하면 신인감독 김연경 볼 수 있는 줄 알았는데 다르걸 다시 결제해야한다니 이게 무슨 일인지 원.... 구독하면 다 보여줘야지 부분으로 할거면 왜 컨텐츠에 올라오는지 이해가 안됩니다. 해지해주세요.	18
18	아용권 변경 재구매 예정이니 해지를 요청함	18
18	아이에게 tv로 보여주려고 가입했는데 휴대폰으로만 이용가능해서 해지하려고 하는데 자동결제만 해지가 되어서 1개월 이용 해지 부탁드려요	18
18	아이패드로는 해리포터를 볼수없나요\n해지부탁드립니다	18
18	안녕하세요. Wavve 고객센터 담당자님.\n\n웨이브 서비스를 더 이상 이용하지 않아,\n제 명의로 활성화된 모든 웨이브 정기결제(이용권)에 대해\n확인 후 전체 해지 요청드립니다.\n\n현재 사용 중인 계정 정보는 아래와 같습니다.\n- 로그인 방식: 카카오 로그인\n- 카카오 ID: goajrnrn14 (kakao_1125148044)\n\n과거(2021년) 다른 계정으로 이용한 이력이 있어,\n제 명의로 등록된 계정이 여러 개일 가능성이 있습니다.\n\n확인용 휴대폰 번호: 010-****-3805\n\n휴대폰 번호 및 명의 기준으로\n현재 활성화된 웨이브 이용권이 있다면\n모두 해지 처리 부탁드립니다.\n\n해지 완료 여부와\n향후 추가 결제가 발생하지 않음을\n회신으로 안내해 주시면 감사하겠습니다.\n\n감사합니다.	18
18	안녕하세요. 현재 이용하고 있는 연간 이용권 해지하려고 합니다.	18
18	안녕하세요.\n4인으로 가입한 플랜의 인원을 이달부터 채울 수 없어 해지하고자 합니다.	18
18	안녕하세요.\n정기결제는 취소했는데 이용권 해지는 어떻게 해야할지 몰라 문의드립니다.	19
18	언제쯤 해지 완료 될까요.?	18
18	언제해지되나요? 휴대폰 문자로 알려주세요	18
18	연 결제 했으나 해지합니다.	18
18	연간 결제 되어있는데 빠른 해지를 요청합니다.	18
18	연간 이용권 구독중 기간이 남았으나 구독취소하고자 합니다.	18
18	연간 이용권 해지 하려고 합니다.	18
18	연간 이용권 해지하려고 해요	18
18	연간구독권 이용중인데 다른 구독권으로 변경 희망하므로 해지 부탁드립니다.	18
18	연간구독권 회원탈퇴없이 해지하려고 합니다	18
18	연간구독으로 끊었는데, 해지하려고 합니다	18
18	연간이용권 구매한것 해지 요청함	18
18	연간이용권 해지 부탁드립니다.	18
18	연간이용권 해지 하고 싶습니다.	18
18	연간이용권해지신청합니다	18
18	연간회원으로 결재되었는데 더이상 사용하지 않아 해지하고 싶은데 방법이 없나요?	18
18	오늘 79000원 결제 됬던데 해지 부탁드립니당 ㅠㅠ	18
18	오늘 결제하고 아예 안봤어요 구독 해지 해주세요	18
18	오늘 돈 빠져나갔는데 더는 안봅니다 ㅠㅠ\n해지하는 걸 까먹었어요ㅠㅠ	18
18	오늘 오전에 다음달 결제가 진행되었는데 아직 이용하기 전으로 해지부탁드립니다.	18
18	오늘(25년 12월 22일)까지 SK제휴로 무료로 사용중이였으나\n요금제 변경으로 프로모션이 없어져\n이용권 해지 요청드립니다.	18
18	오늘까지만 이용할 수 있도록 이용권 해지 부탁드립니다.	18
18	요금제 변경으로 해지요청합니다.	18
18	요금제결핮상품 가입으로 기존구독해지	18
18	원래정기결재 컨덴츠 이용중에 잘못눌러 광고뜨는 상품으로 가입되어서 구글에서 취소하고 재가입하려는데 계속 이용중인 정기결재 해지후 가능하다 합니다 방법알려 주세요	18
18	원하는 컨텐츠가 없어 이용권 해지 부탁드립니다.	18
18	원하는 콘텐츠를 볼 수 없어 이용권 해지 신청합니다.	18
18	웨이브 앱을 잘 이용하지않아 해지신청합니다	18
18	웨이브 이용권 해지 요청드립니다. 감사합니다.	18
18	웨이브 티빙 더블 스탠다드 요금으로 변경하려고하면\n구글에서 이용권 해지먼저 하라고 하는데\n해지도 안되고 변경도 안되고\n도와주세요	18
18	웨이브 티빙 더블결제 해지 하고싶어서 연락 드립니다!	18
18	웨이브 티빙 디즈니 3개 한꺼번에 되는 요금제 사용해서 이전 이용권 해지 해주세요~~	18
18	웨이브 프리미엄 이용권 해지 부탁드립니다	18
18	웨이브, 티빙 결합으로 사용중인데 해지문의드립니다	18
18	웨이브, 티빙 더블이용권 사용중인데 해지하고 티빙에서 다른 이용권으로 변경하려고 하는데 바로 해지가 되지 않아서 이용권 결제가 불가능 합니다. 해지 부탁드립니다.	18
18	웨이브+티빙+디즈니 이용권으로 변경위해 중도 해지 요청드립니다.	18
18	웨이브x티빙  더블이용권 구매 위한 기존이용권 해지	18
18	웨이브X티빙 더블 이용권 구매를 위한 웨이브 이용권 해지부탁드립니다	18
18	이용권 변경 위한 해지 부탁드립니다	14
18	이용권 변경예정 해지 요청	18
18	이용권 변경으로 바로 해지 부탁드립니다.	14
18	이용권 변경으로 인한 해지 요청	14
18	이용권 변경으로 해지 요청드립니다	18
18	이용권 변경하려고 정기결제 해지요청합니다	18
18	이용권 중도 해지 부탁드립니다!	18
18	이용권 해지 바랍니다	18
18	이용권 해지 신청을 접수했는데 연락이 없네요\n확인하시고 빠른 처리 요청드립니다.	18
18	이용권 해지 신청합니다	18
18	이용권 해지 요청드립니다.	18
18	이용권 해지 하고 싶습니다.	18
18	이용권 해지관련 상담 요청	18
18	이용권 해지는 도대체 어디서 하나요??  이용권 해지요청드립니다.	18
18	이용권 해지는 어떻게 하나요	18
18	이용권 해지를 원합니다	18
18	이용권 해지를 하고 싶은데\n안되네요..	18
18	이용권 해지신청합니다	18
18	이용권 해지요청합니다.	18
18	이용권 해지하고 싶어요	18
18	이용권 해지하는 걸 까먹고 자동결제가 됏네요...	18
18	이용권 해지하려고 했는데 깜빡해서 자동결제가 됐어요	18
18	이용권 해지해주세요.	18
18	이용권변경등록위해 해지요청합니다.	18
18	이용권변경으로 인한 해지 부탁드립니다	14
18	이용권을 구매하려는 계정을 잘못 선택해서 구매하였습니다. 해지 부탁드립니다!! ㅜㅜ	18
18	이용권을 바꾸기 위해서 자동결제를 해지한다는걸 깜빡하고 미처 하지못해서 자동결제가 되어버렸습니다. 가능하다면 이용권 자동결제 해지 부탁드립니다.	18
18	이용권을 새로 결제하여 기존이용권 해지요청 드립니다	18
18	이용권을 해지 한다는걸 깜빡했네요	18
18	이용권을 해지하고 싶습니다.	18
18	이용권을 해지하고싶어서 헤지 하려고 합니다	18
18	이용권이 더이상 필요하지 않아 해지요청합니다.	18
18	이용권즉시해지신청합니다	18
18	이용권해지방법 부탁드립니다	18
18	이용권해지좀부탁드려요	18
18	이용을 안하였는데 자동결제되어 해지하고자 합니다.\n\n현재 이용을 안하고있습니다.	18
18	이용중인 구매권이 있어 더블시청구매권 해지하고 싶은데 결제는되었는데 구매권에서 확인안되네요 해지 알려주세요	18
18	이용하고있는 구독형 서비스 해지 요구	18
18	입금확인예정금액 확인했습니다\n해지요청드립니다.	18
18	자동 결제 해지 해주세요 	18
18	자동결제 됐는데 해지하고 싶습니다	18
18	자동결제 해지 부탁합니다.	18
18	자동결제 해지 안해서 방금 결제됐습니다...\n취소 부탁드리겠습니다..\n감사합니다	18
18	자동결제 해지는 해놨는데 1년 채운 후 해지되더라고요. 과거 요금제 이용자도 모르게 자동 갱신된 건데 중도 해지 원합니다. 요금제도 비싸고 해지는 까다롭게 해놓고 정말 별로네요.	18
18	자동결제 해지를 못해서 10월 분이 결제되었는데 이용권 결제 후 미사용 상태입니다. 해지요청합니다.	18
18	자동결제 해지를 하고 싶습니다.\n연락부탁드립니다.	18
18	자동결제 해지를 하지 않아 요금이 나가버렸습니다.\n해지 부탁드립니다.	18
18	자동결제 해지하려고 하는데 민료일이 26년 4월입니다\n지금 자동결제 해지 신청을 하면 어떤 방식으로 처리가 되나요?\n만료일까지 남은 기간을 계산해서 환블받을 수 있나요?	18
18	자동결제 해지했는데 11월 12일 만료라고 뜨네요 그냥 지금 만료로 해주세요 이거 때문에 티빙 이용권만 따로 가입이 안되네요	18
18	자동결제 해지했는데 결제됨	18
18	자동결제 해지했습니다.\n이용권 중도(바로)해지 부탁드립니다.	18
18	자동결제가 더ㅣ어 해지를 신청하려합니다.\n최근 OTT를 자주 시청하지않아 해지하려했지만 결제가 되고나서야 알게되었습니다.	18
18	자동결제가 자동으로 등록되는건가요?\n아니면 제가 어디서 신청해야되는건가요?\n\n자동결제가 자동으로 등록되는거면 해지하는 방법은 무엇인가요?	18
18	자동결제는 해지 시켰어요	18
18	자동결제된 금액 취소해주시고 이용권 해지 부탁드려요	18
18	자동결제로 새로 갱신된 1년 구독권을 해지 하고 싶습니다.	18
18	자동결제일 변경을 위해서 이용권 해지 후 재가입 하려고 합니다.	18
18	자동결제해지좀 해주세요	18
18	자동으로 연간구독권이 결제되어 해지 요청드립니다	18
18	자동정기구독이 되어있어서 오늘자 정기구독결재가 되었습니다.\n현재 웨이브를 이용횟수가 잦아서 해지 요청합니다.	18
18	자동해지로 결제가 나갔더라구요\n7일이내로 철회된다고해서 지금 꼭 부탁드립니다\n웨이브랑 티빙 통합되어서 새로 이용권 결제하려구요	18
18	장기이용권 사용중 보던 프로그램들이 반절이상 서비스가 되지않아 해지 가능여부 확인 부탁드립니다.	18
18	전혀 사용한게 없었는데 그동안 계속 다달이 13500원씩 금액결제가 되고있었어요.\n해지도 하고싶어요.	18
18	정기 이용권 바로 해지 하는 방법 알려주세요	18
18	정기결제를 해지하고 싶어요	18
18	정기구독 해지신청 햇는데 사용기간이 있어서 바로 해지가 안되더라구요.\n바로 다른 상품하고 계정연결 해야하는데 바로 해지할 수 있는 방법이 있을까요.	18
18	정기권 중간해지 가능한가요?	18
18	정기권 해지요청합니다	18
18	정기이용권을 해지하고 싶습니다	18
18	제가 3pack으로 다시 결제를 했는데 전에 쓰던거를 자동결제 해지를 못했어요 12월28일 결제가 된 걸 보고 제가 바로 해지를 했거든요 부탁드립니다	18
18	제가 결제를 했는데요.\n찾는 프로그램이 없는것으로 보여 해지 요청합니다.	18
18	제가 다른 계정으로 프리미엄 이용권을 구매해서 이 이용권을 해지하고 싶습니다.	18
18	제목 확인바랍니다.\n티빙 더블 광고형 스텐다드 이용으로 기존 웨이브 이용권 해지 바랍니다.	18
18	즐겨보는 방송이 중지되었고, 해지 요청합니다	18
18	지금 사용중인 광고형 스탠다드 즉시 해지 요청	18
18	지금 사용하고있는 이용권의 중도 해지가 가능한지 문의드립니다.\n가능한 경우 해지 부탁드립니다~	18
18	지금 해지하고 싶은데 어떻게 해야하나요?,	18
18	지금가입된 상품을 해지해주세요	18
18	지금사용하고있는 이용권이 모바일과 pc에서만 가능하여 해지후 다른 이용권으로 재구매 하려는데 해지하는 절차 및 방법을 알고싶습니다	18
18	지금시점 해지부탁드려요.	18
18	지금쓰는 이용권 해지하고 싶습니다	18
18	지난달에 구독취소했던거같은데 왜 또 결제되어있는지.. 구독취소좀 해주세요	18
18	진작 구독한 날 1분도 안되서 바로 구독취소하였는데 구독 취소도 안되고 좀 이상하네요.. 구독 취소 해주세요 	18
18	집에서 이용권결제후 로그인시도해도 계속 먹통 안됨\n해지문의	18
18	카드결재했는데, sbs 때문에 웨이브 구독했는데 콘텐츠가 빠지면서 구독 해지하고 싶습니다.	18
18	카카오로 로그인해야해서 불편하며\n전 자동결제 안해놨는데 1년후 알아서 자동결제됨\n해지해주세요	18
18	카카오페이 결제가 됐는데 아직 아무것도 안봤어요,, 해지 가능할까요	18
18	콘텐츠가 많이 없어서 해지할려고 합니다.	18
18	타상품 결합 이용권 구매 해지요청	18
18	탈퇴하고 싶어요 계약 해지해주세요	18
18	티빙 3pack 가입했어요 기존 이용권 해지해주세요	18
18	티빙 결합상품이 있어서 7.900원 77월7일 방금 결재가 되어 있네요\n상품 이용권 해지 해주세요	18
18	티빙 더블 요금제 가입을 위하여 기존 요금제 해지를 요청합니다.	18
18	티빙 더블용권 구매로 웨이브 기존 베이직 이용권을 해지하고 싶어요	18
18	티빙 더블이용권 결재해서 웨이브로 연결시 기존이용권으로 인하여\n연결이 안됩니다. 구글 자동결제였는데\n구글 자동결재는 해지 하였습니다.	18
18	티빙 더블이용권 등록을 위한 기존 이용권 해지	18
18	티빙 웨이브 결재로 웨이브 이용권해지 바랍니다	18
18	티빙 웨이브 결합 상품 구매했는데\n연결을위해 연간구매건 해지 처리 부탁드립니다.	18
18	티빙 웨이브 결합상품가입을 위해 해지 하려구요	18
18	티빙 웨이브 더블 광고형 스탠다드 가입해서 웨이브 해지하려고 합니다	18
18	티빙 웨이브 더블 이용권 사용을 위해 현재 웨이브에서 사용하는 이용권 해지 요청드립니다.	18
18	티빙 웨이브 연동을 구매해서 해지 원합니다	18
18	티빙 중복 가입으로 해지 요청	18
18	티빙 통합 이용권으로 변경하기 위해 해지합니다	18
18	티빙&웨이브 더블 이용권 등록하려고하는데 베이직 이용권 해지 후에도 결제 기한까지 이용권이 남아있어 계정 등록이 불가능하여 즉시 이용권 해지 부탁드립니다.	18
18	티빙*웨이브 더블이용권 구매로인한 기존 이용권해지	18
18	티빙+웨이브로 이용권을 변경하고싶어서 구독취소하고 다시하려고 하는데 기본구독권이 28일까지여서 새로 구독이안되는데 혹시 바로 티빙+웨이브껄로 바꾸고싶은데 방법이있을까요?	18
18	티빙x웨이브 결합요금제를 결제했는데, 현재 이용중인 웨이브 구독 건 때문에 결합요금제에 웨이브 계정을 등록할 수 없다고 합니다. 계정 등록을 위해 해지 요청드립니다.	18
18	티빙결합 요금제로 변경위해 해지신청함	18
18	티빙결합요금제를 가입하려고 합니다 \n그래서 기존 요금제 해지를 원해요 \n절차 안냐 부탁드립니다	18
18	티빙과 결합 상품을 구독하기 위한 해지. 요청입니다	18
18	티빙과 웨이브결합상품으로 이용하려고 합니다. 연간결제가 이미되어있어서 해지가 안되더라고요.	18
18	티빙과 중복결제되었음 해지후 다시 이용권 가입할 예정	18
18	티빙과 중복으로 해지 신청해요	18
18	티빙에서 구매한 더블이용권 보유중이고 이걸로 더블이용건 사용하고 싶어서 아이폰 구매이용건 해지신청합니다	18
18	티빙에서 더블 이용권 구독 예정으로 연간이용권 해지 부탁드립니다. 감사합니다.	18
18	티빙에서 더블 이용권 구매하려고 해지합니다	18
18	티빙에서 더블 이용권 구매하여 등록을 위해 프리미엄 이용권 해지 요청	18
18	티빙에서 더블 이용권으로 사용하려고 해서 바로 해지 했는데 아직 이용권 사용기간이 남았다고 안되네요 바로 해지 부탁드립니다	18
18	티빙에서 더블 이용권을 구매해서 현재 사용중인 이용권을 해지 하고싶어요	18
18	티빙에서 더블 이용권이 있어서 해지요청합니다.	18
18	티빙에서 더블이용권 결제해 해지요청합니다\n웨이브 스탠다드 해지부탁드려요	18
18	티빙에서 더블이용권 구매로 해지 요청	18
18	티빙에서 실시하고있는 3개채널 신규가입으로 현재 단독으로 결재되는부분해지	18
18	티빙에서 웨이브x티빙 더블 이용권 구매후 등록하려는데 기존 웨이브 이용권이 있어서 중복으로 등록이 안됩니다.웨이브 이용권 해지 부탁드립니다.	18
18	티빙에서 티빙, 웨이브 더블이용권을 결제하여 기존 웨이브 이용권을 해지하고자합니다	18
18	티빙연결가입으로 중도해지 요청합니다.\n기존 서비스 때문에 연결이 안돼요.	18
18	티빙이랑 결합상품으로 나온걸로 바꾸려고 해요. 기존 이용권 해지해주세요	18
18	티빙쪽으로 더블이용권 가입하여 연결하기 위해 id를 새로 생성하였습니다.\n해지 요청드립니다.	18
18	플레이스토어에 들어가도 wavve 정기구독이 나오지 않아요.\n정기결제는 카카오페이로 되어 있는데 구글에서도 구독이 확인되지 않아 취소가 안됩니다\n\nsbs보려고 가입한건데 구독 취소하고 싶어요	18
18	필요할 때 또 결제하겠습니다.\n자동결제 해지 부탁드립니다.	18
18	하루 사용 후 불만족으로 해지 요청	18
18	한달간사용할것은 자동 납부된것같은데\n해지하려고하면 어떻게하는지오?방법을알려주세요^^	18
18	해당부분에 있어 안내주신 내용 인지하여 \n\n해당금액으로 해지 요청드립니아	18
18	해지 문의를 했었는데, 계좌정보를 등록해달라고 해서\n내용 적습니다.	18
18	해지 및 다시 웨이브 티빙 같이 하는 결재하기	18
18	해지 부탁드려요 !!	18
18	해지 부탁드려요 3pack으로 재결제 하고싶어요	18
18	해지 시 얼마를  환급받을 수 있나요?	18
18	해지 원함. 티빙서 재가입	18
18	해지 처리해주세요 티빙이랑 묶어서 보게요	18
18	해지 하려면 어떻게 해야 하나요?	18
18	해지 했는데 선불로 카드결제했을경우 어떻게 되는지요???	18
18	해지 확정 부탁드립니다	18
18	해지, 결제해지, 효과모름, 인지불가	18
18	해지가 바로 안됩니다.\n바로 해지부탁드립니다.	18
18	해지가 안된줄 몰랐음	18
18	해지는 어디서 하고 \n환급은 어떻게 되는지 알려 주세요	18
18	해지도 안되고 태블릿에서 로그인도 안되는데 이유가뭡니까	18
18	해지를 못 해서 잘못 빠져나갔습니다	18
18	해지를 하고 싶어요	18
18	해지를 희망했으나 자동결제가되었습니다. 실시청시간은 0시간입니다.	18
18	해지를하고싶은데 안되네요	18
18	해지문의 드립니다.	18
18	해지신청은 했는데 바로 해지가능한가요?	18
18	해지신청을 했는데 아직 접수상태에 안내도 없고 \n어떻게 되가는건가요?	18
18	해지신청합니다.\n티빙에서 디즈니 포함된 이용권 구매하려합니다.	18
18	해지신청했고 이용권 결제후 한번도 사용안했어요	18
18	해지요청 드립니다 새로운 3사 요금제 가입위해서 요청드립니다	18
18	해지요청 합니다. 웨이브 시청하지 않고 있어요.	18
18	해지요청\n3팩 결제로 해지요청	18
18	해지요청으로 재문의 합니다.	18
18	해지일 이메일이 날라오지 않아서\n신용결제로 되어서 해지하고 싶습니다\n신속히 해결 부탁드립니다.	18
18	해지절차가 궁금합니다 일단 절차만 안내 부탁 드립니다\n해지 진행은 말구요	18
18	해지좀해주세요제발 ㅡㅡ	18
18	해지하고 다른 상품을 구입하고자 합니다. 그런데 안 되네요.	18
18	해지하고 다른상품구마	18
18	해지하고 베이직 1년 요금제로 변경	18
18	해지하고 싶습니다.	18
18	해지하고 싶습니다.\n중복 결제 되고 있습니다.	18
18	해지하고 웨이브 티빙 디즈니 3개 묶인 상ㅂ굼으로 갈아타고 싶어요	18
18	해지하고 티빙이랑 같이 되는거로 결제하고 싶음	18
18	해지하고싶습니ㅏㄷ.	46
18	해지하고자 하는 이용권 : [스탠다드 장기이용권_12개월]	18
18	해지하려구요 재문의 드립니다	18
18	해지해주세요 결제돌려주시구요	18
18	해지해주세요 자동결제도 해지해주세요	18
18	해지해주세요.\n보안코드 : XX78TE	18
18	핸드폰 소액결제 해지합니다	18
18	핸드폰 요금제로 다른 이용권 가입을 위해 현재 1년권을 해지하려고 함	18
18	현 사용중인 제품 해지 요청	18
18	현재 12개월 장기 이용권을 이용중인데\n중도 해지를 하고 싶어서 문의 드립니다!	18
18	현재 1년권 이용하고 있는데 해지를 희망합니다	18
18	현재 구독중인인 이용권 해지 후 다른 이용권 구매예정	18
18	현재 사용 중인 이용권을 해지하고 통합이용권으로 등록하려고 하니 이용 중으로 나옵니다.\n해지 후 바로 이용권 등록이 불가한가요??	18
18	현재 사용중인 요금제 금액을 해지요청드립니다.	18
18	현재 사용하고 있는 구독권 해지 후 티빙 웨이브 합병한 이용권으로 변경하고 싶습니다.	18
18	현재 아용권 해지후 등록해야된다고 하네요 해지해주세요	18
18	현재 연간이용권으로 26년 2월까지\n이용중인데 티빙 프리미엄 더블 이용권으로 변경 가능한지 해지하면 환급금은 얼마인지문의드립니더	18
18	현재 웨이브 스탠다드 요금제 사용 중인데 티빙 결합 요금제로 변경하려고 합니다. 기존 요금제 구독 취소하고 새 요금제로 결제 시도하니, 현재 apple 앱 내 구매 이용권을 사용중이라고 apple 기기에서 구독 해지하시어 만료 이후 이용권을 새로 구매하시거나 apple 기기에서 이용권 변경 구매해달라는 팝업이 뜨더라고요. 구독 취소는 완료했는데 구독 만료일인 10/26까지 기다린 후에 티빙 결합 요금제를 구매할 수 있는 것일지 문의드립니다.	18
18	현재 웨이브(드라마 위주)와 티빙(야구위주)을 따로 보고 있는데 웨이브든 티빙이든  한군데서 두개 보면 금액이 자렴한거 같은데 기존의꺼 해지하고 다시 가입해서 보면 되나요?\n\n저렴한거 (광고 적은걸로) 어떤게 있는지요?	18
18	현재 이용권 해지후에 새 이용권 구매가 가능하다는데 현재 이용권 자동결제는 해지했는데 이용권 해지를 어디서 해야할지 모르겠어요	18
18	현재 이용권해지요망	18
18	현재 이용중인 12개월 이용권을 해지하고 싶습니다.	18
18	현재 이용중인 구독권이 있는데요\n3패키지로 티빙 결제 한 후 연결하려고 하니\n기존 구독권이 있어 연결할 수 없다합니다\n기존 구독권 해지 희망합니다	18
18	현재 이용중인 이용권 해지 요청합니다.	18
18	현재 이용중인 이용권 해지요청	18
19	**입금 동의를 위한 [재문의] *\n\n\nwavve & tving 결합상품 결재로 기존 wavve 결재 부분 승인취소 요청합니다.	19
19	10,900원 이용권으로 사용하다가 광고형 스탠다드 7000원으로 결제했다가 1500로 재결\n\n하여 차액인 6100원이 코인으로 적립되었습니다. \n\n저는 코인을 잘 사용하지 않아 7000원 카드결제를 취소하고 적립된 6100원 코인을 차감하\n\n고 싶습니다.\n\n또한 나머지 코인도 환불받고 싶은데 가능한지요?	19
19	10/26일 결재후 바로 해지신청했습니다. 결재후 7일이내에는 사용안하면 청약철회가 가능하다고 알고있습니다. 아직 요금환불이 안된거 같은데 확인바랍니다.	19
19	10/28일에 자동결제 되었고 미사용 상태이므로 결제 취소 요청드립니다.	19
19	10/6 결제 되었고, 아직 컨텐츠 시청 전입니다. 청약 철회 부탁드립니다.	19
19	10900원 결제취소	19
19	10시 5분 경 결제된 금액 결제 취소	19
19	10월 10일 결제한 이용권 청약철회	19
19	10월 14일에 결제된 내역 아직 시청전이므로 환불 부탁드립니다 (결제취소)	19
19	10월6일날 자동결제를 취소했어야되는데 실수로 못해서 결제가 되버렸어요 \n바로 문의 남겼었는데 답이 없네요	19
19	11/1 휴대폰결제로 10,900 자동 결제 되었는데 해지 누르니 바로 취소가 안되던데 왜 그런거죠? 모든 프로필 들어가서 확인했을때 11/1 시청 기록 전혀 없으며 10월 시청 기록밖에 없는데 10,900원 결제 취소해주세요\n\n찝찝해서 일단 취소 요청 후 광고형으로 새로 결제했으니 코인으로 9천얼마 취소되었던데 10,900원 전부 취소든 환불해주세요.\n\n시청 이력이있으면 이해를 하겠는데 시청 이력이 없으면 바로 전체 금액을 환불해주셔야죠	19
19	11/5 자동결제된 내역에 대해 청약철회	19
19	11/6일 자동결제 진행 되어서 결제 취소하고 싶습니다.	19
19	11월 15일 결제건 취소 부탁드립니다\n\n티빙에서 3픽 결제 했습니다	19
19	11월 2일 10:36 쯤 결제 되었고 당일 10:50 쯤 자동결제 취소하였습니다. 해당 앱의 사용이력은 없습니다. 따라서, 전체 취소 요청드립니다.	19
19	11월 2일 결제된 1년 이용권 취소요청합니다	19
19	11월 2일 자동결제 후 사용하지 않았습니다. 결제 취소 희망합니다.	19
19	11월 자동결제 건 취소 및 사용하지 않은 기간에 대하여 취소요청드립니다.	19
19	11월7일까지만 사용할려고 1개월이용을 끊었는데\n이번달 구독요금이 결제되었습니다\n1개월을 끊었는데 왜 정기결제식으로 바뀌는거죠?\n해지할려해도 정기결제가 아니라서 해지도못하고있습니다\n결제취소부탁드립니다	19
19	12/17 결제건 취소  부탁드립니다	19
19	12/2 결제한 연간 회원권에 대한 청약철회 요청합니다.	19
19	12/20 자동결제가 됬는데 결제 취소요청 드립니다	19
19	12/27  자동결제된 월정액이용권 1년분에 \n대해 취소요청 합니다	19
19	12/7결제가 되었으나 더이상 구독을 희망하지 않고 시청도 하지 않아 결제 취소 부탁드립니다!	19
19	12/8에 이용권 1년이 더 결제 되었는데 \n연장을 원하지 않아 금일 결제 내역 환불 부탁드립니다. \n카드 결제 취소 부탁드립니다.	19
19	12500원 요금제로 다시 결제하려고 합니다 기존에 결제했던 요금제 청약철회 신청합니다.	19
19	12개월 결제하였으나 이미 사용 후 한달만 시청하고자 11개월 결제분 취소요청 드립니다.	19
19	12개월 정기결제 취소 희망합니다	19
19	12개월치 이용권이 어제 결제됐습니다.\n3개사 결합된 이용권 이용예정으로 결제 취소요청드립니다.	19
19	12월 27일 자동결제된 10900원 이용권과\n같은날 티빙웨이브 더블이용권 7000원 이용권 모두 결제 취소 하고 싶어요	19
19	12월 2일에 진행한 해지는 결제 취소를 위한 해지였는데\n1월 예약해지?만 가능하더라구요\n\n결제 취소 부탁드립니다.	19
19	12월21일 더블슬림 결제 취소하고 싶어요	19
19	15000원 결제한 건 환불이 안 되었는데 카드결제 취소를 하신건가요?	19
19	15000짜리 결제햇는데 TV에서 안된다는데 결제 취소하고 다른걸로 바꿀수는 없나요?	19
19	16일 자동결제 이후  7일이 경과 되지 않았으며 콘텐츠를 사용하지 않아서 청약 철회 또는 환불을 원합니다.	19
19	16일에 결제취소라고하고 2~3일안에 돈들어온다길래 기다렸는데 지금 무려 5일이나 지났는데 돈이 안들어왔어요.. 빨리 처리 부탁드려요	19
19	1년 구독 취소 요청드립니다	19
19	1년 구독권 청약 철회 하고싶어요	19
19	1년 이용권 결제취소 부탁드려요\n결제 해지일 전에 자동결제해지신청을 까먹었는데 아직 콘텐츠는 보지않았어요\n결제취소,환불부탁드립니다	19
19	1년치 구독하기 결제 취소 원합니다	19
19	2025년 12월 26일 10:41 이용권 결제 건에 관한 청약철회 요청드립니다.	19
19	2025년 12월 30일 오전 10시 45분에 결제된\n'광고형 스탠다드' 월 정기결제 5,500원에 대해서\n청약철회 요청드립니다.	19
19	2025년 12월13일 10시14분 결제건 취소요청해요	19
19	25.10.17.에 신청한 정기결제 취소 요청드립니다.	19
19	25년 12월 25일 10시에 자동결제되었는데\n취소했는데\n결제취소가 안되서요	19
19	25일결제했습니다.\n바로취소요청드려서 죄송합니다.	19
19	9/30일 연간결제 취소후 슬림결제하였는데. 슬림구매를 아예취소하고 연간결제취소번복가능한지 문의드립니다 슬림은. 아예 사용하고 싶지 않아서요	19
19	CJ 임직원 이용권으로 변경하기 위해 취소 요청드립니다.	19
19	Tving과 결합상품을 결제하여 해당 계정의 정기결제를 취소하고 싶습니다.	19
19	TV로 보고싶어서 구독제 변경하려는데 환불하지않으면 구독제 변경이 되지 않네요.\n\n정기 결제 취소 시 1만 코인 지급하는 프로모션도 참여했는데 해지해야만 요금제 변경이 가능하다고 떠서 이것도 포기하게 되었습니다.\n\n해지 후 바로 스탠다드 가입 예정이니 가능하면 1만코인 지급 프로모션 복구 부탁드립니다.	19
19	Waave에 잇는 영화를 보려고 가입했는데 이건 따로 비용지급해야하는군요. 철회요청합니다.	19
19	Wavve 이용권 자동결제 취소요청드립니다.	19
19	가격이 부담이 되고 사용횟수가 적음\n11일 자동결제된 부분 결제 취소 요청	19
19	개별구매로 롱레그스 영화를 구매했는데\n재생이 안됩니다... ㅠㅠ 결제 취소 부탁드려요	19
19	결제 변경으로 결제 금액이 코인으로 들어왔는데 코인을 환불 받고싶습니다 \n부분 결제 취소도 좋습니다.	19
19	결제 차액분 코인으로 들어온거 환불?결제취소? 부탁드립니다!	19
19	결제 취소 부탁드립니다.	19
19	결제 취소 부탁드립니다. 통합 상품으로 바꿀려 합니다.	19
19	결제 취소 요청	19
19	결제 취소 요청\nWAVVE 구독하였으나 사용하지 않았으며 취소를 요청함	19
19	결제 취소 요청이요	19
19	결제 취소 요청합니다.	19
19	결제 취소 하고 싶습니다	19
19	결제 취소, 해지 완료 되었는데 계좌로 금액 환불이 안 들어왔습니다	19
19	결제 취소는 햇는데 환불 되나요?	19
19	결제 취소요청	19
19	결제 취소요청드려요 7,900원이요 \n2025년 12월 16일 화요일 오후15:12 경에 결재한 내용을 취소해주세요! 요청드려요!!	19
19	결제 취소하고 환불	19
19	결제 취소해주시고 남은기간 환불 부탁드립니다.	19
19	결제 환불 요청합니다\n금일 자동 결제 진행되었으니 결제 취소 부탁드립니다	19
19	결제 후 한시간도 안되었고, 사용하지 않았습니다. 결제취소요청드립니다.	19
19	결제를 취소하고 결제방식을 변경하려고 합니다	19
19	결제를 취소했어야되는데 자동결제가 됐어요\n10월6일날 문의를 했었는데 답이 없네요	19
19	결제실수. 이용하지 않았음. 결제취소해주세요	19
19	결제일 25일이나 티빙 웨이브 통합권으로 변경하려합니다 10월 결제건 취소 부탁드립니다	19
19	결제창에 라이브 되는 걸로 나오는데\n안되는 거면 수정 했어야죠.\n결제 취소 해 주세요.	19
19	결제취소 및 환불 부탁드립니다\n자동결제 해지했고\n결제 오늘됐는데 이용안했습니다! 	19
19	결제취소 부탁드립니다	19
19	결제취소 요청드립니다	19
19	결제취소 요청합니다	19
19	결제취소 원해요	19
19	결제취소 할게요.	19
19	결제취소로 요청합니다	19
19	결제취소부탁드립니다	19
19	결제취소요청합니다.	19
19	결제취소해주세요	19
19	결제취소후 다시결제	19
19	결제하고 원하는 콘텐츠를 검색하니 개별구매상품이었습니다. 결제 취원합니다.	35
19	계속 자동 결제 하다가\n통신사를 바꾸게됐는데\n티빙이 무료인줄모르고  패키지를 다시 결제했어요\n환불원해요 다른 패키지가있길래 비교하고 다시 결제하고싶어요~~\n\n정기결제 취소해주세요오	19
19	광고형이라 티비 연결이 안되어서 결제취소후 다른상품으로 재결제 원합니다	19
19	구글에서 연간 이용권 결제 후 사용중이었는데 콘텐츠 불만족으로 이용권 중도 해지 신청 및 환불 요청합니다. \n구글로는 정기결제 취소 해 두었습니다.	19
19	구글에서는 정기결제취소해놨습니다.	19
19	구글플레이에서 결제를 하였으나 바로 환불요청으로 진행했고 결과적으로는 개발자와 연락하라는 답변을 받았습니다.\n정기결제를 취소한 이유는 스탠다드말고 다른부분으로 결제하려해서 취소한건데 취소할수 있을까요?	19
19	구독 계정 변경을 위한 취소 요청	19
19	구독중인 이용권 결제취소하고 \n잔액 환불 요청해주세요	19
19	구독취소요청합니다	19
19	구독해지를 하고싶어요 구글결제는 결제취소신청 완료 상태입니다	19
19	구매 후 7일 이내 미사용시 청약철회 가능하다는데 사용 안한거같은데 확인해보시고 안했으면 환불 해주세요	19
19	구매 후 7일 이내이고, 미사용입니다 청약 철회 부탁드립니다	19
19	구매일 7일 이내 컨텐츠 미사용으로 청약철회, 환불 요청 드립니다	19
19	구매취소요청드려요	19
19	구매한 이용권 해지를 원합니다 카드 결제 취소 부탁드립니다.	19
19	구매했는데 이용권이 1시간넘게 뜨지않아 결국 다른가족아이디로 재구매했습니다\n결제취소해주세요	19
19	금일 결제된 연간 이용권, 카드 자동결제 취소요청	19
19	금일 구독권 결제되었는데 미이용했으니 청약 철회 요청 드립다. 감사합니다.	19
19	금일 이용권 결제 하였습니다만,   보고 싶었던 방송 VOD 제공이 중지 된 걸 지금 알게 되어 이용권 결제 취소요청 합니다.	19
19	금일 자동결제 된 금액의 결제 취소를 요청합니다	19
19	기존이용권 사용으로 계정연결이 안되어 취소요청	19
19	남아있는 이용권 취소요청합니다	19
19	네이버로 로그인 되는 이 아이디를 결제취소 해주세요.\n\n다른 결합상품으로 구독했습니다.	19
19	다른 ott 추가 재 구독 예정으로 취소 요청드립니다	19
19	다른 ott가 만료될 때까지 기다려야 하는데 \n자동 결제 취소가 안되어있어서 나가버렸습니다	19
19	다른 내역과 중복이라고 하셨는데\n중복이 아니라 제가 두 아이디로 신청한 것이고, 다른 하나는 환불 받았으나 아직 이 아이디로는 취소가 안된 상황입니다\n티비와 연결해서 보려는데 네이버와 연결된 계정이라 로그인이 잘 안돼서 다른 아이디로 새로 가입했습니다 \n이후 제가 시청하려던 영화가 개별구매라는 사실을 인지하여 다른 아이디로도 취소 요청 드렸습니다\n번거롭게 해드려 죄송합니다	19
19	다른 상품권으로 변경하기 위해 취소요청 드립니다.	19
19	다른 상품의 이용권 구매 예정입니다 현 이용권 청약 철회 요청합니다	19
19	다른 이용권으로 바꾸어 결제하려고 하는데 결제 취소 및 환불 처리 가능할까요?\n로그인만 했고 콘텐츠 시청 없습니다	19
19	다른아이디로 결제하려고 합니다	17
19	다른이용권 연결할거라 이번달 자동결제취소 한거 취소 원합니다 가능할까요?	19
19	다른타제품 결제 완료 \n11월26일 결제취소	19
19	답변하신 사항을 이해했고, 신용카드 부분 승인취소 요청합니다.	19
19	답변해주신 내용 늦게 확인했습니다.\n어쨌든 해지신청 해주시고 카드결제라 부분승인취소 해주세요.	19
19	당일 광고형 더블 이용권을 결제하였는데 광고형 스탠다드로 이용권 변경을 원합니다.\n이용권이 제대로 결제되었는지 티빙 프로그램 하나를 눌러 잠시 재생 하였는데 이때문에 환불이 불가한건지 궁금합니다.\n코인환불이 아닌 결제 취소를 원합니다.	19
19	더 이상 구독을 원하지 않아서 2025년 11월 25일자로 청약철회를 신청합니다.	19
19	더블 광고형 스탠다드\n이용권 구매 후 콘텐츠 미사용 청약 철회 환불 부탁드립니다.	19
19	더블 스탠다드 15000원 구독을 했으나 \n바로 탈퇴를 하고 서다시 재가입해서 다른걸로 다시 구독해서\n더블 스탠다드 결제를 취소해서 환불 접수합니다.	19
19	더블 이용권을 티빙 쪽에서 가입했는데 웨이브 연결 하려니까 이용권 기간이 남아 있어서 청약 철회 하려고요	19
19	더블스림 이용권 결제 취소 진행해주세요.\n\n앞에 문의 드린사항 진행하려고 합니다.. 다른 이용권 결제 하려고요.	19
19	더블이용권에 대해 취소요청	19
19	동거인이 2025.10.14까지 추가 시청하여 금일기준으로 재산정하여  신용카드 부분취소 요청드립니다.	19
19	디즈니+를 통해 3개 결합 번들 상품을 구입했습니다.\n\n10월달에 1년권 결제하던 것을 자동결제 취소하고 기다렸는데, 환불 신청을 따로 해야하는 듯 싶어 다시 문의드립니다.	19
19	디즈니플러스+티빙+웨이브 결합상품이 있는걸 알게 되었습니다. 사용중인 구독권 취소했는데 이용한 기간만큼만 결제금액 지불하고 나머지는 환불처리나 결제 취소 가능할까해서요.	19
19	디즈니플러스에서 번들로 결제할거라서  며칠전에 연간 자동재결제된거 신용카드부분승인취소요청합니다.	19
19	로그인이 원활하게 되지 않아 간편로그인 말고 웨이브 자체 계정을 만들려고 합니다. 따라서 당일 구입한 월결제를 취소해주세요.	19
19	미사용 청약철회 부탁드립니다.	19
19	방금 재결제가 되었는데 더이상 이용하지 않을것이기 때문에 환불 부탁드립니다(자동결제 취소했습니다)	19
19	번들이용권으로 변경희망하여 기존 이용권 환불 및 취소 요청	19
19	베이직 구독 환불 및 자동결제취소 해주세요	19
19	베이직에서 스텐다드ott로 변경하려고 정기결제 취소했는데 구글에서는 정기결제 취소가 됐는데도 바로 이용권구매가 되질않죠?\n티비를 못보고있어요	19
19	"베이직으로 연간회원권을 구매해서 보는데 tv로도 볼 수 있는 스탠다드 상품으로 업그레이드를 하고 싶은데 방법이 없어 문의드려요\n구글에서 결제 했었고 결제는 이미 예전에 취소가 되었는데 스탠다드 상품으로 연간결제를 시도해봐도 ""이용권이 확인되어 새로 결제가 되지 않는다""는 문구만 나오고 결제는 되지 않아서 문의남깁니다 \n\n어떻게 해야되나요?\n\n구글플레이에서 결제 취소가 확인되는데 밑에 정기결제가 2026년 9월 1일에 종료된다는 문구가 적혀있는데\n9월 1일까지 이 이용권으로 계속 봐야하는건가요?????????????????????????????????????????????"	19
19	베이직으로 이용하고 있는데ㅡ 정기결제를 취소하고 다른 이용권으로 갈아타고 싶어서요	19
19	베이직이 TV시청 안되게 바뀐걸모르고 결제했는데 TV시청가능한이용권 구매하려고하니 구글정기결제취소해도 종료기간이 지나지않아 바로 다른 이용권구매가 안되니 매우 답답하고 불편합니다.	19
19	베이직이용권해지 및 정기결제취소	19
19	보고싶은 영화가 wavve에 있다고 들어서 이용권 결제했는데 막상 결제하고 검색하고 보려고 하니 없어서 결제한 이용권 철회하고자 합니다	19
19	보고싶은 영화가 있어 웨이브를 구매했는데 그 영화가 개별 구매라 정기결제를 취소 하고싶습니다.	19
19	보안 코드: CU87HP\n\n안녕하세요, 지난 문의에 대한 답변 확인 후 연락 드립니다.\n구글 플레이스토어에서 정기 결제 취소하였으며, 원활한 환불 도와주시면 감사하겠습니다.	19
19	본론: 스탠다드 12개월권 새롭게 결제했는데 기존의 정기결제하던 스탠다드 1개월이 자동결제 됐네요. 스탠다드 1개월 쪽을 환불 부탁드리고 싶습니다.\n\n사족: 스탠다드 1개월권 정기결제 취소하고 싶었는데 어딨는지 안 보여서 못하던 와중, 결제수단에 돈이 없어서 계속 취소되길래 괜찮겠지 싶어 방치했다가 결국 결제됐네요. 취소는 대체 어디서 할 수 있는 건가요?ㅜㅜ	19
19	부분 승인취소에 필요한 정보가 있다면 연락처로 문의부탁드립니다. 바로 전달드리겠습니다	19
19	부분 환불은 어떤 것에 적용되는 건가요\n다른 결합 요금제 사용하려고 정기 결제 취소했고 아직 다음 결제일이 한참 남았는데 그럼 이중결제로 그냥 사용하라는 건가요	19
19	비행기에서 보려고 컨텐츠를 영구소장 구매했는데 안되는줄 몰랐네요.. 시청 개시한 하나 빼고 결제취소 부탁드립니다	19
19	사용빈도가 낮은 관계로 청약요청합니다.	19
19	사용안함으로 결제건 취소바랍니다	19
19	사용을 안하고 취소했는데 청약 철받고 싶어요.	19
19	사용하지 않았으며 결제 후 즉시 취소요청입니다.\n사유는 영화를 개별구매해야 하는 건입니다.	19
19	사용하지 않은 이용권에 대해 청약 철회 및 결제 취소 부탁 드립니다.	19
19	선결제 이용권 구매 후 미사용 상태이므로 청약철회요청합니다	19
19	스탠다드요금제변경으로 취소요청합니다	19
19	승인카드 부분 취소 요청	19
19	승인카드 부분승인 취소 요망합니다.	19
19	시청을 잘안햐는데 정기결제가 자동으로됐습니자동결제 취소해주세요	19
19	신용카드 부분 승인취소	19
19	신용카드 부분 승인취소 요청	19
19	신용카드 부분 승인취소 요청 드립니다. 혹시 모르니 계좌도 남기겠습니다.	19
19	신용카드 부분 승인취소 요청\n입금 동의	19
19	신용카드 부분 승인취소 요청합니다.	19
19	신용카드 부분 승인취소 요청합니다.\n\n또 뭐 재문의하라고 하지마시고 그냥 빨해주세요.	19
19	신용카드 부분승인 취소 요청	19
19	신용카드 부분승인취소 요청(입금 동의를 위한 재문의)	19
19	신용카드로 결제했으니 부분승인취소로 처리 해주세요	19
19	신청 당일 취소 요청하여 즉시  요청 드립니다	19
19	실수로 자동결제 취소를 안했어요  부탁드려요	19
19	아니 12/1에 바로 해지신청했는데 왜 26/12/1까지 이용가능이에요? 당장 취소요청을 한건데요 ㅠ\n취소 부탁드립니다	19
19	안그래도 구글에서 해지하여고보니까 구글에 결제내역이 없더라구요\n어디서 어떻게 결제가 된건지..\n대리 취소부탁드려요	19
19	안내받은대로  정기결제 취소 했는데 보내주신 보안번호는 어디에 사용하나요?\n제대로 결제취소 되었는지 알려 주세요~ 감사합니다.	19
19	안내해주신 환불 금액 14,630원 확인하였습니다.\n\n해당 금액으로 환불 진행에 동의하며,\n신용카드 부분 승인취소로 환불 요청드립니다.\n\n확인 후 처리 일정 안내 부탁드립니다.	19
19	안녕하세요 \n이용권 변경을 원하야 \n지금 결제한 1년 이용권 취소 요청드립니다	19
19	안녕하세요 더이상 웨이브를 시청하지 않으려 하오니 자동결제를 취소해주십시오	19
19	안녕하세요. 정기결제취소했고 1월 3일까지 이용가능하다고 하는데\n나머지도 부분취소되나요?	19
19	안녕하세요. 현재 25년 6월~26년 6월로 12개월 년간 이용권을 이용중입니다.\n\n3팩(티빙/디즈니)으로 이용권을 변경하고 싶은데요.\n\n기존 년간 이용권 결제금액 중 남은 6개월 금액은 부분환불/결제 취소될 수 있는지 문의드립니다.	19
19	안녕하세요.\n\n기존 POOQ 이용권에서 더블 스탠다드(웨이브 + 티빙 이용권)으로 변경 했는데\n\n이용권 취소(청약철회 or 부분환불) 진행 요청 드립니다. (12/20, 이용권 변경)	19
19	안녕하세요.\n\n작년에 12개월 이용권을 구매하면서 자동결제를 등록했었습니다.\n사용중인 이용권 만료 이후 연장하지 않으려고 했습니다.\n금일 중 자동결제를 취소하면 될줄 알았는데, 이미 결제가 진행되었어요.\n\n혹시 취소 및 환불이 가능할지 문의드립니다.	19
19	안녕하세요.\n\n환불 관련 문의드립니다.\n\n구글 정기 결제 이용중이고 11월1일에 결제되었습니다.\n\n11월 10일 정기 결제를 취소한 상태입니다.\n\n이용권을 변경하고싶은데 환불이 가능한지 궁금합니다.\n\n만약 가능하다면 처리 부탁드립니다.\n\n감사합니다.	19
19	안녕하세요.\n11번가 사이트를 통해서 /웨이브 [11번가 그랜드십일절] 스탠다드 12개월 이용권/을 구매한 후 쿠폰등록을 했습니다.\n\n지금 사용하고 있는 이용권이 11월 9일까지라서 쿠폰만 등록해 놓고 사용하기는 아직 누르지 않았습니다.\n\n9일 이후에 등록만 한 스탠다드 12개월 이용권쿠폰 말고 다른 이용권(티빙+웨이브통합이용권)을 이용할려고 합니다.\n\n11번가에서 결제취소가 되는줄 알았는데 제가 이미 쿠폰을 등록해서 결제취소가 따로 안되더라고요.\n아직 이용전인데 쿠폰등록 취소 및 환불이 가능할까요?	19
19	안녕하세요.\n금일 웨이브 이용권을 결제했으나 결제 후 약 10분 내 바로 해지하였고, 서비스 이용(시청/다운로드) 이력도 전혀 없습니다.\n전자상거래법에 따른 청약철회(전액 환불) 요청드립니다.\n확인 후 환불 처리 부탁드립니다.\n\n감사합니다.	19
19	안녕하세요.\n금일 이용권 1년치가 결제되어 바로 구독 결제 취소를 눌렀는데 금일 이용한 내역이 없다면 전액 환불 되는게 맞을까요? \n환불은 언제 되는지 궁금합니다	19
19	안녕하세요.\n벌써 1년이 지난지 모르고 제가 자동 결제 취소를 못 한 상태여서 조금 전에 다시 1년 짜리 프리미엄이 자동 결제가 진행됐는데 취소 및 전액 환불 부탁드립니다. 국민카드로 결제가 진행됐습니다.	19
19	안녕하세요.\n정기결제 취소를 못 해서 이번 달에 또 결제되었습니다.\n오늘 결제되었고 사용하지 않았습니다. 부탁드립니다.	19
19	안녕하세요.\n최근 웨이브와 티빙의 합병 관련 안내를 보고, 웨이브·티빙 더블이용권을 새로 결제하여 사용 중이었습니다.\n\n그러나 사용해보니 타 OTT에서는 SBS 프로그램 업데이트가 느려 불편함이 있어, 더블이용권을 해지하고 웨이브와 티빙을 각각 프리미엄 요금제로 다시 결제하였습니다.\n\n하지만 오늘 확인해보니, 2025년 9월 30일부터 SBS 실시간 및 VOD 서비스가 종료되었다는 사실을 결제 이전에는 명확히 안내받지 못했습니다.\n\n따라서 저는 결제의 주요 목적이었던 SBS 콘텐츠 시청이 불가능해진 상황이므로,\n본 결제 건에 대한 환불 또는 결제 취소를 요청드립니다.\n\n확인 후 빠른 조치 부탁드립니다. 감사합니다	19
19	안녕하세요?\n\n실수로 구글로 결제를 처리했는데,\n구글로도 환불 요청 처리를 진행했습니다.\n\n여기로도 결제 취소 요청을 남깁니다.\n\n그럼, 감사합니다.	19
19	안녕하세요\n\n제가 실수로 결제를 잘못하여 환불 및 구독 취소 요청을 드립니다.\n\n스트리밍 서비스는 1초도 이용하지 않았습니다.\n\n감사합니다.	19
19	안드로이드 구글 결제했으나\n정기결제 취소만뜨지, 이용권 변경 기능은 안됩니ㅏ.	19
19	앱 실행 후 티비(캐스팅연결)연결이 되지않아 취소 요청 합니딘	19
19	앱에서 정기결제 취소가 안되는데 취소좀 해주세요	19
19	어제 구독한 이용권 해지하고 결제 취소 원합니다. 이용한 날 차감하여 남은 금액 환불 해주세요	19
19	언제나 고생하십니다. 11월 26일 구매한 이용권의 중도 해지 및 환불을 요청합니다.\n전자상거래법에 의해 소비자로서 보호받을 수 있는 기간인 구매일로부터 7일로, 이 외 남은 기간의 중도 해지 및 환불 신청을 부탁드립니다.\n\n본 내용 확인하여 중도 해지 관련 사항 안내 및 결제 취소 금액 등을 명확히 확인하여 회신 부탁드립니다.\n또한 해당 과정에서 대한민국 전자상거래법을 위반하거나 소비자에게 불리한 약관을 적용하는 등의 불미스러운 계산이 있지 않도록 부탁드립니다.\n\n감사합니다.	19
19	연 자동결제에 대한 정기결제를 취소했습니다. \n정기결제가 취소 후 남은 일자 만큼 환불에 대한 문의드립니다. 환불에 대한 문구가 없어서요.\n\n남은 기간만큼 환불이 되는건지 정기구독 만료 일자까지 사용하는 구조인건지 궁금해요.\n\n저는 남은 기간만큼의 금액에 대해서 환불을 원합니다.\n감사합니다!	19
19	연간 회원권 1인권을 구매후에tv에서 구동불가로\n다른 회원권 구매후에 최초 구매분 취소 요청을 했는데 \n처리 여부가 궁금합니다 \n어머니 명의로 되어있어서 확인이 어려워서 \n부탁드립니다	19
19	연동된 아이디 변경을위해 이용권을 변경했고 다시 통합으로 변경을 위한 이용권 청약철회요청	19
19	오늘 1년치 결제됐는데, 결제 취소 부탁드려요!	19
19	오늘 결제되었으며, 결제이후 웨이브 사용하지 않아 자동결제취문의 드립니다	19
19	오늘 결제된 이용권1년권 청약철회요청합니	19
19	오늘 결제된 정기결제 취소해주세요	19
19	오늘 결제했는데 사용을 안할거 같아서 취소요청드립니다.	19
19	오늘 날짜로 결제했는데 구독취소만 되고 결제취소가 안되네	19
19	오늘(11월 5일) 연간프리미엄 회원권 결재하고 아직 재생하지 않았습니다. \n구독 취소하고 카드결재 최소해주세요.	19
19	오늘(12월 14일) 의도치 않게 12개월 이용권(79,000원)이 결제되었습니다. 콘텐츠를 전혀 시청하지 않았으며, 앞으로도 이용 계획이 없습니다. 결제 취소 및 전액 환불 부탁드립니다.	19
19	오늘결제햇는데 19500 짜리로변경하고싶은데 오늘결제취소하고 변경가능할까요?	19
19	오늘자동결제되써요ㅠ사용안하고있는데\n청약철회.환불처리부탁드려요\n2건으로보여져요\n둘다 청약철요청드려요	19
19	요금제 변경 - 카드결제 취소 부탁드립니다	19
19	요금제 변경을위해 멤버십 결제 취소요청 했습니다	19
19	요금제 변경할거라 자동결제 취소부탁드립니다	19
19	요금제변경을하려고 환불 결제취소를 한거라 빠른이용을 원해서 처리가 하루라도 빨리되었음합니다~ \n티비로 웨이브 얼른 이용할수있게 환불또는 결제취소처리 도와주세욥!!	19
19	원하는 콘텐츠가 없어서\n카드결제 취요구합니다.	19
19	월 스트리트 보려고 가입했는데 왜 개별구매를 해야 볼 수 있는 건가요? 청약철 요청합니다.	19
19	웨이브 결제했는데 자꾸 다시 결제하라고 나옵니다 일단 환불해주세요 다른 걸로 결제해보려합니다 정기결제취소가 아닌 그냥 환불이요 그리고 계좌말고 카드취소되면 더 좋겠습니다	19
19	웨이브 안봅니다 결제취소해주시고 해지해주세요	19
19	웨이브 자동결제 시기가 보통 말일 30~31일인데 이번에 안되길래 \n티빙+웨이브 프리미엄을 티빙으로 결제한 상태인데 \n다음날인 11월1일에 웨이브가 자동 결제가\n되더군요 전액 환불 바랍니다\n결제 취소나 계좌로 환불 바랍니다.\n어제 썼던 환불 내용을 잘못 눌러서 삭제해서 다시 작성합니다.	19
19	웨이브결제한게 더블이용권이 아니라 취소하고 더블로 변경하려고 했으나 안되어 티빙에서 더블요금제 결제했으니 이전 웨이브 결제건 취소부탁드립니다	19
19	웨이브를 이용할 시간적 여유가 없어 자동결제 및 12/07 일자 결제 내역 취소 요청 합니다.	19
19	웨이브와 티빙 같이 사용할수 있는 것으로 알고 결재했는데 웨이브만 가능하네요. 결제 취소하고 다시 결제하려합니다. 결제 취소 가능한가요?	19
19	위약금이야 어쨌든 계약했던거 환불부탁합니다\n저희가보는게 거의sbs거였어서 \n환불과 자동결제취소까지 해주세요 위약금이있어도 볼게없어서요	19
19	이번년도까지만 이용하려고했는데 자동결재 됐네요. 결제취해주세요	19
19	이번달 이용권 청약철회 가능한지 문의드립니다	19
19	이번달 취소하려했는데 벌써 결제가 되었네요. 이용 의사가 없어 취소 요청드립니다.	19
19	이번달부터 웨이브 구독 취소 요청합니다.	19
19	이번달사용 안할예정이라 결제취소부탁드립니다	19
19	이용권 결제 취소 요청합니다\n컨텐츠 이용하지 않았습니다	19
19	이용권 결제 후 아무 콘텐츠도 시청하지 않은 상태입니다\n결제 취소 요청드립니다	19
19	이용권 결제를 잘못해서 두번 결제됐습니다,\n79000원 카드취소 요청합니다.	19
19	이용권 결제취소 환불부탁드립니다	19
19	이용권 구매(25년 12월 3일 오후 10시) 후 콘텐츠 미사용했습니다.\n청약 철회 신청합니다	19
19	이용권 구매취소하고, 카드 결제 취소 부탁드립니다	19
19	이용권 및 결제카드 실수로 인한 취소 요청	19
19	이용권 변경 재구매 의사없습니다\n결제 취소해주세요	19
19	이용권 변경, 결제를 취소하고싶습니다	19
19	이용권 변경을 하려고\n취소요청드립니다 5분전 이용권구매했습니다	19
19	이용권 변경하려고 정기결제 취소했는데 변경이안되요	19
19	이용권 변경하려고 하니 오늘 25일 자동결제가 되었습니다. 결제취소부탁드립니다.	19
19	이용권 자동 종료라고하더니 \n오늘 결제됐어요\n결제취소해주세요	19
19	이용권 자동결재 내역에 대한 환불 및 자동결제 취소해주시기 바랍니다	19
19	이용권 자동결제되어 취소 요청드립니다	19
19	이용권 중복 구매로 인하여 더블스탠다드 이용권 자동결재 취소 요청.	19
19	이용권 청약철회를 원합니다.	19
19	이용권 취소요청합니다 결제 취소부탁드려요	19
19	이용권 해지 및 정기결제 취소해주세요	19
19	이용권 해지 요청 드립니다 \n자동결제 취소 하였습니다	19
19	이용권에 대한 이해 부족으로 구독을 즉시 취소 요청합니다.	19
19	이용권을 더블로 하려고 했는데 자동으로 1년 결제가 되었습니다 취소 해주세요	19
19	이용권을 변경하여 기존 이용권 금액 코인으로 환불되었는데 10/24 이용권 갱신 결제일에 변경한 것인데 왜 부분환불로 진행되며 코인으로 지급하는 것인가요? 갱신 결제된 건을 결제 취소 진행하고 싶습니다	19
19	이용권해지 및 자동결제 취소요청드립니다.	19
19	이용권해지 카드부분 승인취소 바랍니다\n회원탈퇴를 지금해도 되나요?	19
19	이용안한지 꽤 되어서 자동결제 해지해놨었는데 오늘 결제됐어요. 결제 취소해주세요. 사용안합니다.	19
19	이전 문의 답변에 대해 동의하니 부분 환불 부탁드립니다. 카드 결제이므로 부분승인취소 부탁드립니다.	19
19	이전 문의에 대한 답변을 확인했고, 환불금액 및 신용카드 부분 승인취소 요청에 동의합니다.	19
19	자돈결제 이후 사용하지않은 이용권 청약철회 부탁드립니다	19
19	자동 결제 되었네요. \n볼 만한게 없습니다. 11월8일 결제 취소 요청드립니다!!!!!!!!!!!	19
19	자동 결제 취소	19
19	자동 결제 취소요청후 탈퇴요청합니다	19
19	자동 결제 취소하는 것을 잊고 있어 결제가 되었습니다 환불 가능할까요?	19
19	자동결재가 되어 결재취소 요청합니다.	19
19	자동결제 되어 청약 철회 후 다른 이용권으로 변경하려고 합니다\n자동결제 후 시청하지 않아 환불 부탁드립니다	19
19	자동결제 문자보고 문의남깁니다\n결제후 7일 이내 청약 철회 된다는데 카드 취소나 아래 계좌로 환불 부탁드립니다	19
19	자동결제 신청되어 있는걸 잊었습니다\n환불 혹은 결제취소 후 3사 결합 이용권 결제를 원합니다	19
19	자동결제 신청하지 않았는데 오늘 자동결제 됐습니다. \n다음달 결제 취소 부탁드립니다	19
19	자동결제 이용 중이였는데 어제가 자동결제일인줄 모르고 지동결제 취소를 못했습니다.  부분 이용료를 제외하고 구독을 취소하고 싶습니다.	19
19	자동결제 취소	19
19	자동결제 취소 = 구독 취소인줄 알고 결제 당일에 바로 자동결제 취소 신청을 하고 환불 대기중이었습니다. 근데 아직 환불이 되지 않아 문의드려요. 취소 이후에 전혀 이용하지 않았고 이용권 취소 및 환불 받기를 원합니다.	19
19	자동결제 취소 바로 부탁드립니다	19
19	자동결제 취소 방법 뭔가요? 계속 카드로 빠져나가기 시도 됩니다	19
19	자동결제 취소 안해서 결제가 넘어갔는데 환불받고 싶습니다\n어제 결제됐고 사용하지 않았습니다!	19
19	자동결제 취소 화면을 찾지못하겠어요	19
19	자동결제 취소 환불 부탁드립니다	19
19	자동결제 취소를 못해서 결제가 됐는대 취소부탁드립니다.	19
19	자동결제 취소를 안해서 사용안하는데 해지를 못하고 결제되었숩니다	19
19	자동결제 취소를 이미 했던 것으로 기억하는데.. 또 연장되었네요..\n티빙결합제품으로 변경예정이라.. 해지처리 바랍니다	19
19	자동결제 취소를 했는데 결제가 됬습니다	19
19	자동결제 취소해주시고 환불요청드립니다.	19
19	자동결제 해지 신청한게 제대로 반영이 안되어\n오늘 10월 자동결제가 되었습니다\n한번도 안보고 바로 취소 요청합니다\n바로 환불 부탁드립니다	19
19	자동결제 해지를 깜빡 잊었습니다.\n사용이력이 없는데 환불 가능할까요?\n\n만약 가능하다면 카드 결제 취소로 부탁드립니다	19
19	자동결제 해지했었는데 다시 결제가 되서 환불 부탁드립니다. \n\n결제취소가 안되길래 한달짜리로 변경했더니 코인으로 받고 환불은 안되고 추가 결제가 되서 지금 한달짜리 결제하고 코인으로 받았는데 코인으로 받은거  결제좀 취소해주세요 \n\n빠른 처리좀 부탁드립니다.	19
19	자동결제가 10월 9일 이루어질지 알았는데 10월 8일 139,000원이 결제 되었네요. 8일 만료 후 티빙과 결합 상품 구매코자 하는데 휴일이라 연락할 길이 이 뿐이네요.\n현재 웨이브 프리미엄으로 가족들과 나눠 쓰고 있는데 오늘 카드 결제 취소 해주시면 감사하겠습니다	19
19	자동결제가 되버렸는데 이용권 변경을 하고 싶어 자동결제는 해지했으며 결제되고 이용하지않았는데 환불 가능할까요\n결제 취소를 원합니다.	19
19	자동결제로 결제가 되어버렸는데 결제 취소 하고 싶습니다. 결제 취소가 안 보여서 이렇게 직접 문의 드리게 되었습니다. 감사합니다.	19
19	자동결제를 해지한 줄 알았는데 아닌가보네요. 휴대폰 결제로 결제되었으니 결제취소해주세요.	19
19	자동결제신청이 되어있더라고요.\n12월 21일 결제되었는데,\n더이상 시청할 의사가 없어서 취소요청합니다.	19
19	자주 사용하지 않고 다른ott결합으로 취소요청	19
19	작년 wavve 일년 장기이용권 결제하여 사용 기간이 25.12.2 23:59까지라 오늘 오후에 이용권 해지 후 wavve와 티빙 구독권으로 변경하려고 했는데 웨이브 일년 장기이용권이 미리 결제 되어 결제 취소 문의드립니다!	19
19	잘못결제 했습니다 재결제할게요 취소부탁드립니다	19
19	잘못결제해 청약철회 신청합니다	19
19	장기결제취소방법	19
19	재가 원래 9500원 더블슬림을 사용 중이었고 결제일(11월 1일)이 돼서 돈이 빠져나갔어요. 근데 사전 고지없이 쓰전 이용권이 바뀌었나 사라졌나 해서 결제 취소가 됐더라구요. 결국 티빙에서 7000원짜리 이용권으로 바꿔서 사용 중인데 취소된 건 환불이 안 됐네요. 환불은 어떻게 되는 걸까요?	19
19	저 지금 티비는 안되는 요금제로 1년치 결제했는데 스마트티비를 사서요 티비 포함된 요금제로 변경되나요? 변경하면 그 전에 7월에 1년치 결제금 90000만원은 결제 취소되고 티비 되는 요금제로 1년치 결제 바뀌나요?	19
19	저번에 구독 취소때문에 문의남겼는데 결제취소 및 환불 원해서 다시 문의드립니다.	19
19	저번에도 광고형으로 결제하는바람에 미드를못봤는데  이번달은 잘 결제 한단고 한걸 tv가 안되는걸로했네요  이거결제 취소안되나요 티비 되는 2회선으로 다시결제하고싶은데  구글결제는 정기 결제만 관리되고 다른건안되요	19
19	정기 결제 취소를 해는데 계속해서 결재가 됨	19
19	정기결제 취소 부탁드립니다	19
19	정기결제 취소 후 다른 이용권 등록하려니 등록이 안됩니다\n즉시 해지 후 이용권 등록 할 수 있게 도와주세요	19
19	정기결제 취소하고 싶습니다	19
19	정기결제 취소환불후 통합요금제 가입희망	19
19	정기결제를 취소를 했는데 지금 바로 아예 해지를 하고 싶습니다	19
19	정기결제취소 철회쫌 부탁드립니다	19
19	정기결제해지를 신청했는데 정기결제만 취소됬습니다 11월24일 가입했는데 내년 11월 24일 정기결제취소라하더라구요 저는 증도해지 환불신청을 합니다  다른이용권 사용을 진행 예정입니다	19
19	정기구독 기간내 미사용으로 취소요청드립니다 가능할까요?	19
19	정기구독결제 취소 환불요청했는데 아직도 안되서요	19
19	제 명의로 저기결제가 2건이 이루어지고 있습니다\n28일 정기결제 취소하였고\n3일 정기결제 취소하고싶습니다.	19
19	제가 1년 정기권을 구매하고 있었는데요.\n광고형으로 변경하고 싶어서 해당 결제 건에 대해 결제 취소를 요청드립니다.\n결제된 지 조금 시일이 지나서 이 부분 가능한지 문의드리고,\n가능하다면 진행 부탁드립니다.	19
19	제가 곧 시험이라 결제를 취소하고 싶은데 자동결제가 됐네요	19
19	제가 최근에 웨이브 이용권이 끝난줄알고 티빙 웨이브 팩으로 결제를 했는데 아직 웨이브 이용기간이 남았더라구요 혹시 결제 취소가 안된다면 이번에 구매한 이용권으로 한달만 변경 가능할까요	19
19	제가 취소 신청을 했었는데\n보니까 내년 자동결제 취소만 한거였더라구요\n\n해지하려고 합니다	19
19	좀전에 결제했는데 티빙 다른 이용권 기간이 아직 남아있어서 더블이용권 결제를 취소하고 싶습니다.\n환불처리 부탁드리고, 카드결제 취소로 진행해 주십시오.\n감사합니다.	19
19	중복결제에 대한 \n삼성카드 승인취소 요청	19
19	지금 전체 결제 취소하면 부분 환불이 가능한가요?	19
19	지난번에 정기구독 취소했는데 아직도 결제가 되네요. 결제 취소해주세요	19
19	첫 구매시 3개월 50프로 할인 이래서\n스탠다드 결제 했는대 12500원이네요\n다음달 부터 50프로 3개월 할인 인가요?\n아니면 청약 철회 해 주세요	19
19	청약 철회 부탁드립니다.\n오늘 일자로 새로운 이용권 결제를 위해서 문의 드립니다.	19
19	청약 철회, 환불 부탁드립니다	19
19	청약 철회, 환불요청에 대한 답신 요청 드립니다.	19
19	청약철회 부탁드립니다.	19
19	청약철회 신청	19
19	청약철회 해주세요 이용권구매하고 이용안했습니다	19
19	청약철회 해지 요청	19
19	청약철회 희망합니다.\n생각했던 영화인 줄 알고 구독했다가 재생과 동시에 다름을 인지함\n\n환불 및 구독권 즉시정지 요청합니다	19
19	청약철회(전체환불) 요청	19
19	청약철회합니다	19
19	취소요청드립니다. 처리 부탁드려요.	19
19	취소해주시고 부분환불 해주시라고요\n구글에선 정기결제 취소만 된다구요\n결제는쉽고 취소는 이리 어려워서야	19
19	카드 결제 취소 요청했는데 그 전에 결제가 되서요.\n사용일 빼고 환불 요청합니다.	19
19	카드 결제후 부분 승인취소만 가능하다는데 그냥 차액 계좌입금이 가능한지\n가능하면 그걸로 부탁드립니다.\n꼭 계좌환불만 요청합니다	19
19	카드 부분 승인취소로 환불요청드려요	19
19	카드 자동결제 취소요청	19
19	카드 취소 요청	19
19	카드결제 취소\n이용한 컨텐츠 없음	19
19	카드결제로 진행해서 신용카드 부분 승인취소 요청드립니다$	19
19	컨텐츠 미사용 / 타 계정으로 재결제함	19
19	코인 환불 동의합니다.\n\n추가로 12. 5. 15,000원 웨이브(푹TV)자동\n으로 결제되었는데 이중 결제되었나봅니다.\n15,000원 결제건 결제취소 부탁드립니다.	19
19	코인은 환불이 안되나요 ??\n그리고 자동결제를 취소하고 싶은데 구독이 자동으로 되어 있는지 아닌지 어떻게 알수 있을까요 ?	19
19	콘텐츠 미사용 청약철회 	19
19	콘텐츠 미사용 청약철회요청	19
19	콘텐츠 이용안했는데 환불이 안되고 정기결제 취소만 되었습니다	19
19	타 계정에서 멤버쉽을 이용하기위해 컨텐츠미사용한 구독제 청약철회신청합니다	19
19	티빙 결제해둔게 있어서\n더블형이 합리적이지 않음\n웨이브 단독 구독만 할거라 취소요청 바람	19
19	티빙 결합 상품 연결희망으로 인한 취소요청	19
19	티빙 웨이브 디즈니 통합 구독 신청해서 지금 이용중인걸 정기결제취소 했는데 해지가 안되서 통합을 이용 할 수가 없어요  해지 좀 해주세요	19
19	티빙,웨이브 합병 이용권을 결제를 했는데 티빙은 됐는데 웨이브 자동결제를 취소했는데 원래 쓰던 이용권이 있다고 연결이 안 돼요...	19
19	티빙x웨이브 더블이용권 구매하기 위해서 지금 사용하고 있는 이용권 취소 요청합니다.	19
19	티빙X웨이브 합병 이용권으로 변경하고 싶어서 연간 결제 된 걸 부분취소 요청드립니다	19
19	티빙에서 더블권 구매하였음으로 취소 요청함,	19
19	티빙에서 더블요금제를 사용중이라서 연동을 해야하는것을 모르고\n당일, 웨이브에서 추가로 더블요금제를 또 결제를 해버렸습니다.\n바로 취소요청부탁드립니다.	19
19	티빙에서 더블이용권. 구매했는데 웨이브 이용권이 아직 안끝나서 등록이 안되요.\n구글에서는. 정기결제 취소했는데..	19
19	티빙하고 함께본다고 베이지결제 12개월했는데. 잘못된 결제 여서결제 취소했습니다.\n환불언제되나요?티빙에서 다시 더블이용권결제했는데 취소가 아직 안되어서\n웨이브랑 연결을 못하고있어요 언제취소될까요?	19
19	펀치드렁크러브를 보려고 이용권을 구매했는데\n이용권으로 볼 수 있는 상품이 아니어서 철회 신청합니다	19
19	프로그램을 하나 보려고 하다가 12개월 이용권을 잘못 결제해 버렸어요 청약철회 부탁드립니다~!	19
19	한달 결제 취소를 잊어 자동결제 되었습니다. 	19
19	해리포터 개별문의인지 모르고 \n광고형, 더블베이직 두번 결제함\n둘다 취소요청\n포인트로 해주는말고 다 취소요청합니다	19
19	해리포터 불의잔 4 TV로 시청하려고 결제하였으나 연동되지 않아 취소 요청함.	19
19	해리포터가 개별구매로 볼 수 있는 상품인줄 몰랐어요. 결제 취소 요청합니다.	19
19	해외시리즈를 보려고 했는데 광고형은 별도로 또 이용권을 구매해야 해서 \n\n청약철회 환불하려 합니다. \n\n아직 아무것도 시청하지 않았습니다. \n\n환불 진행 부탁드리기에 적의 조치 요망드립니다.\n\n즐거운 추석 보내세요.	19
19	해지 : 사용을 잠시 중단\n환불 : 중복 결제& 연동된 페이스북 탈퇴예정\n취소 : 10월 22일 결제 취소	19
19	해지 후 재구매 밖에 방법이 없을까요?\n만약 그렇다면 이용권 취소 부탁드립니다.	19
19	해지 후 환불 문의 답변 확인하였습니다.\n신용카드 부붘 승안취소 요청 드립니다	19
19	해지하고 다른거 신청하고 싶은데 연간이라 1년 기다려야되네요.. 혹시 지금 결제취소안되나요? 3일전에 자동재결제된것같아요	19
19	현재 10월달에 연간 결제가 되어 있습니다. 이걸 취소하고 3pack으로 넘어가려 하는데요. 현재 결제 되어있는 연간 결제를 취소 하려면 어떻게 되나요? 남은 기간껄 환불 받나요?	19
19	현재 구글 웨이브 1년 이용권으로 시청 중인데 티빙도 같이 사용 예정이여서 요금제를 더블 요금제로 사용하고 싶습니다. 그런데 7월에 이미 1년 이용권이 결제가 된 상태라서 더블 요금제로 변경이 안되더라구요.\n\n기존 사용 요금제 부분 취소 요청 드립니다.	19
19	현재 사용중인 이용권 청약 철회해주세요 자동해지는 완료인데 청약철회는 안되었네요	19
19	현재 사용중인 이용권 청약철회	19
19	현재 연간결제 후 프리미엄 요금제 이용 중입니다.\n만약, 연간결제 취소 후 환불을 진행할 경우, 최종 환불액은 얼마이며 취소 후 연간 이용권(11번가 구매) 등록 및 이용 이어서 가능한지 궁금합니다.	19
19	현재 웨이브에서 이용중인 광고형 스탠다드 구독권 정기결제를 취소하고, 티빙에서 티빙 웨이브 더블 이용권을 구매했습니다.\n그런데 현재 웨이브 계정에 구독권이 있어서 연결이 안되더라구요.\n더블 이용권에 이 계정을 등록하고 싶습니다.\n그리고 현재 구독중인 광고형 스탠다드는 부분 환불 받고 싶습니다.	19
19	현재 이용중인 정기결제 취소 요청.	19
19	현재 저는 기존에 사용하던 더블슬림 이용권은 그대로 유지하여 사용하고 싶습니다.\n최근에 실수로 13,500원 이용권을 추가로 결제했는데, 해당 이용권은 사용할 의사가 없어 **결제 취소(환불)**를 요청드립니다.\n ? 결제 상품: 13,500원 이용권\n ? 결제일: 11월28일 오전 12시45분\n ? 요청 내용: 더블슬림 이용권은 유지, 13,500원 상품만 환불 요청\n\n확인 후 환불 처리 부탁드립니다.\n감사합니다.	19
20	10월 23일(목) \n장화홍련 구입 영수증 요청	20
20	10월 31일 개별구매로 슈렉3 을 카드로 구매하였습니다.\n결제 영수증과 결제내역이 필요합니다.\n\n감사합니다~	20
20	10월 결제한 영수증 발행 부탁해요. 회사 증빙 자료 제출용\n이걸 매달 건마다 요청해야 할까요?ㅠ	20
20	10월에 결제한 내역에 대한 영수증 을 받고싶어요	20
20	11월 17일 소울 영화 구매영수증 발급 부탁드려요.	20
20	11월 5일자 주토피아 구매영수증 발급 부탁드려요. 어디서 하는지 모르겠네요..	20
20	12월 20일에 구매한 영화와 12월 21일에 결제한 이용권의 결제영수증 부탁드립니다.\n이 영수증을 개인적으로 확인할 수 있는 방법 또한 여쭤봅니다.\n\n감사합니다.	20
20	2025년 4월 15일 월-e 영화 구매한 건에 대한 영수증을 받고 싶습니다.	20
20	2025년 9월 26일 트롤\n2025년 11월 10일 로렉스\n\n구매내역 및 영수증을 받고싶습니다.	20
20	2025년 내 결제 영수증을 발급받고 싶습니다.	20
20	25.12.09 구매한 영화(영구소장) <벼랑 위의 포뇨>\n구매내역에 대한 영수증이 필요합니다.\n영화 제목 및 가격이 명시되어 있어야 합니다.\n영수증 출력 버튼이 아무리 찾아도 보이지 않아 문의글 남깁니다.\n\n만약 출력이 불가능한 상황이라면,\n아직 시청하지 않은 영화에 대해\n환불 요청 드립니다.	20
20	Wavve 결제 영수증은 어디서 출력할 수 있나요?	20
20	가장 최근 구독권 결제 영수증 어디서 다운 받나요\n본 사이트에서 확인이 되지 않는 것 같은데 매달 이런식으로 일대일 요청을 해야하는 걸까요\n확인 경로 안내 혹은 메일로 발송 부탁드립니다	20
20	겨울왕국 1.2. 구매 영수증 받고싶습니다.	20
20	결재내역 증빙자료를 어디서 확인할 수 있나요? 카드번호가 포함된 영수증을 받아보고 싶습니다.	20
20	과거 결제했던 전체 내역이 필요한데 홈페이지에서는 이력이 조회가 되지 않습니다. 어떻게 해야하나요?	20
20	구매 내역이 확인 가능한 카드 영수증이 필요한데 받을 수 있나요?\n미니언즈(4000원)입니다.	20
20	구입한 영화 영수증 발급 방법 부탁드립니다.\n카드 결제 시 카드영수증 온라인 발급 가능한가요?	20
20	국제 시장 법인 카드로 결제해서 영수증을 제출해야 하는데\n영수증 출력 방법 알려주세요	20
20	기관에서 교육용으로 영화를 구매했습니다.\n10/24(금) 구매완료하였고 기관 카드로 구매하여 영수처리가 필요합니다.\n\n카드번호와 가격이 나온 영수증발급을 요청드립니다.	20
20	나홀로집에 영구소장 샀는데\n결제영수증 어디서 출력하나요?\n거래명세서, 카드전표가 필요합니다.	20
20	네 환불해주시고\n\n제가 왜 결제 대행 수수료를 내야하능지 모르겠어요\n\n양 당사자가 계약을 했는데,\n\n일방의 귀책(컨텐츠 제공자 축소)이 발생하여 계약해지를 요청하는건데 말입니다.\n\n귀사 약관에도 판매자의 귀책에 의한 경우 10퍼센트를 가산해서 환불한다고 되어있습니다.\n\n일단 해지해주시고, 계산서 및 근기 담긴 영수증?같은거 주세요\n\n해당문제는 추후 공정위 및 관계기관에 문의를 통해 차액은 알아서 조정받을테니, 금일 기준으로 환불 바랍니다	20
20	로렉스 영화 구매 거래명세서를 받고싶어요. 품목 및 단가 나오는 거래명세서 받을 수 있나요?	20
20	상품 이름이랑 가격, 사용한 카드가 같이 있는 정보가 필요한데, 여기는 확인할 수 있는데가 없네요.\n카드 영수증이라도 확인하고 싶어요. 회사에 결제올려야되는디..\n매달 고객센터로 연락해야하나요 ?	20
20	안녕하세요 4월에 구입한 볼케이노 영화의 영수증이 필요합니다. (법인 카드로 구매해서 증빙해야해서요.)\n영수증 어디서 받을 수 있을까요?	20
20	안녕하세요 현재 웨이브 자동결제 이용중입니다. 제목그대로 월별 자동결제내역 관련 증빙자료 받을 수 있을까요?	20
20	안녕하세요. 콘텐츠 구매내역과 카드 영수증이 필요합니다. 어디서 발급 받을 수 있을까요?	20
20	안녕하세요.\n영화 개별 구매 건에 대해 카드 결제 영수증 발급이 가능한지 문의드립니다.\n증빙자료로 사용하려고 합니다.\n확인 부탁드립니다. 감사합니다.	20
20	안녕하세요? 11월에 어벤져스 엔드게임을 구입했는데 구매한 영화 콘텐츠의 결제 내역 또는 영수증 발급 방법이 궁금합니다. 어디에서 출력할 수 있는지 알려주시면 좋겠습니다.	20
20	영화 2건을 결제했는데 영수증을 제출이 필요합니다. 혹시 어디서 출력할 수 있는지 알려주시기 부탁드립니다.	20
20	영화 개별구매의 영수증을 발급받고 싶습니다.	20
20	영화 구매한 영수증을 받고싶습니다\n11.19일자에 구매한 고장난 론 입니다	20
20	영화 구입 영수증이 필요합니다.\n-구매일: 2025. 04. 30.\n-구매금액: 7,150원\n-내용: 인사이드 아웃2 패키지	20
20	영화(로렉스)를 영구소장으로 4000원 카드결제를 했습니다. 해당 결제 내용에 대한 구매증빙서류(카드전표 또는 구매영수증)를 받고 싶습니다.	20
20	영화구매후 영수증 발급 방법 알려주세요	20
20	영화를 5500원에 결재했습니다. 결재 영수증은 어디서 찾나요?	20
20	영화를 7일 대여하는 상품을 구매했습니다.\n관련된 영수증을 발급받고 싶은데 어떻게 하면 될까요\n영화 제목과 금액, 상호가 포함되어야 합니다.	20
20	"오늘 구매한 "" 지오스톰 "" 이라는 영화에 대한 회사에 구매해서 이용했다는 지출해야되는 구매 지출증빙이 필요해서 그런데 혹시 어떻게 하면 받을수 있을까요"	20
20	오늘 슈퍼배드2를 개별 구입했습니다. \n\n구매 영수증을 발급받고 싶은데 어떻게 받을 수 있을까요?	20
20	오늘 아더크리스마스 영화를 구매하였습니다.\n구매영수증을 어디서 출력할 수 있을까요?\n영수증이 꼭 필요합니다.	20
20	이때까지 자동결제가 된것 같은데 결재가 안된 이유와\n무슨 카드로 결제거 되건지 알고 싶음\n그리고 무슨 카드로 얼마 가격인지도\n영수증 이메일로 안 날라옴	20
20	이용권 구매에 대한 카드 영수증 발행 부탁드립니다.\n메일로 보내주세요.	20
20	이용권을 구매하고 카드 결재한 것 영수증을 발급받고 싶은데, 어떻게 해야 할까요?	20
20	이용권을 새로 바꿨는데 적용이 안되요	20
20	이전 구매내역 확인이 왜 안될까요?\n구독기간이 명시된 구매내역 필요합ㄴㅣ다\n25년 8월 3일에 결제한 구매내역 확인이나 답변으로 캡ㅊㅕ 부탁드립니다.	20
20	제가 영화 her그녀, 빅히어로 11/7 구매했는데 구매내역을 제가 따로 제출해야 해서 혹시 어디서 찾을 수 있나요	20
20	최근 결제 1건 영수증 부탁드립니다.	20
20	카드로 영화 구매를 하였고 이와 관련된 영수증을 회사에 제출해야 하는데 어떻게 발급받을 수 있을까요?	20
20	코코 영화 구매했는데 증빙 할 수 있는 영수증과 거래 명세서를 받아볼 수 있을까요?	20
20	해당 콘텐츠 구매 내역 영수증이 필요하여 문의드립니다 <컨저링: 마지막 의식>	20
21	2025. 3. 31. OTT이용권 \n\n2025. 4. 1. 영화 월E 영구 관람권\n\n구매 영수증 혹은 매출전표 혹은 현금영수증 발급하고 싶습니다.	21
21	기존 요청에 추가합니다.\n\n- 소득 증빙 or 지출 증빙 여부 : 소득 증빙\n\n으로 요청드립니다.	21
21	지금 사용중인 이용권을 2024년 11월에 11번가에서 1년권 쿠폰을 카카오페이머니로 구매해서 2025년 1월에 등록해 지금 사용중인데, 그 금액에대해 현금영수증 발행이 가능한가요?	21
21	기존 요청에 추가합니다. - 소득 증빙 or 지출 증빙 여부 : 소득 증빙 으로 요청드립니다.	21
21	현금영수증 발행해주세요.	21
21	현금영수증 제문의요.	21
21	현금영수증 제요청이요.	21
21	현금영수증 부탁드려요	21
21	현금영수증 발행 식별번호 ?	21
21	웨이브 이용권 현금영수증 발급 신청합니다.	21
21	[재문의] 현금영수증 요청	21
21	프리미엄 12개월 이용권 - 현금영수증 신청	21
21	현금영수증 발급 문의	21
21	안녕하세요, 11번가에서 구입한 이용권 등록을 완료하여 현금영수증 발급을 요청드리고자 합니다.	21
21	결제료 현금영수증 발행관련 문의 드립니다	21
21	영화 구매 내역 현금영수증 자료 신청합니다.	21
21	현금 결제가 되었는데요 결제료 관련 지출증빙용 현금영수증 발행 문의드립니다	21
21	안녕하세요 현재 11번가에서 할인 이벤트중인 프리미엄 12개월 이용권 구매하였고 (현금구매) 11번가 통해서 웨이브에 이용권 등록시에 현금영수증 정보 등록 가능할거같다는 답변을 받았는데 이용권 등록시 현금영수증 등록 가능한가요? 현금으로 구매했는니다.	21
21	현금영수증 지출증빙건으로 문의를 드립니다. 학교 행사로 이용권을 상품으로 드렸는데, 현금영수증 지출증빙이 필요하여 신청 양식에 맞게 드립니다	21
21	매달 결제 중인 이용 금액에 대해서 현금영수증 정보를 등록하고 싶은데, 방법을 모르겠으니 알려주시면 감사하겠습니다. 만약 현금영수증 등록이 불가하다면, 어떻게 세금 처리 할 수 있는 지 알려주세요. 기존에 돈 낸거는 증빙이 불가한가요? 카드 등록으로 결제수단 바꿔도 금액은 동일한가요? 빠른 답변 부탁합니다. 감사합니다.	21
21	네이버에서 웨이브 이용권을 구매하였습니다 이용권 등록 후 현금영수증을 웨이브측에 신청하라고 안내를 받아서요.	21
21	현금영수증 발급 문의	21
21	웨이브 모바일 이용권 현금영수증 발행	21
21	1년 이용권 등록했는데 현금영수증 등록부탁드립니다.	21
21	현금영수증 발행	21
21	현금영수증	21
21	현금영수증 해주세요	21
22	"**입금 동의를 위한 """"재문의""""**\n환불 금액 확인 했습니다  \n사용하지 않았고 문의 확인 후 입금일 안내 해주시길 바랍니다"	22
22	"**입금 동의를 위한 ""재문의""**를 해주시기 바랍니다.\n답변 시 입금일을 안내드리겠습니다.\n환불 금액 변동이 발생하지 않도록 미사용 상태로 ""재문의"" 바랍니다."	22
22	1년이용권구매하고 1년다되서 카카오페이로  돈 또빠져나가서이용권취소했는데\n언제 입금되나요?	22
22	9월 27일에 답변 주셔서 반영시까지 2~3영업일 소요 될수있다고 하셨는데 아직까지 입금이 되지 않았습니다 \n언제 입금 될까요?	22
22	계속되는 연휴로 해지신청이 잘 안되고있네요\n입금일문의 남깁니다. 빠른 해지부탁드리고 입금일 언제인가요\n지금이라도 해지바랍니다. 티빙도 여기서 문의드리라고 하던데 같이해지가안되네요 ㅠ\n부탁드려요~~	22
22	규정에 따른 환불금액 확인 후, 입금 동의를 위한 [재문의]드립니다.\n입금일안내 부탁드립니다.	22
22	답변 받았습니다.\n입금일 안내해주세요.	22
22	답변 해주신 환불 내용 입금 동의 합니다.\n언제쯤 입금 되나요?	22
22	"아래와 같이 답변 하시는데 재문의 라는 것이 무엇인가요????\n\n참 어렵게도 대응하시네요. \n==> \n\n위 환불 금액 확인 후 **입금 동의를 위한 ""재문의""**를 해주시기 바랍니다.\n\n답변 시 입금일을 안내드리겠습니다."	52
22	아래의 안내와 같이 환불 처리를 희망하여 신청합니다. 감사합니다!!\n\n다만, 해당 코인 사용을 원치 않으시는 경우\n환불 된 [ 86,330 코인 ] 은 고객님의 계좌로 환불 처리가 가능합니다.\n진행을 원하시는 경우 입금 동의를 위한 [ 재문의 ] 를 해주시기 바랍니다.\n답변 시 입금일을 안내드리겠습니다.\n환불 금액 변동이 발생하지 않도록\n미사용 상태로 [ 재문의 ] 바랍니다.	22
22	안녕하세요, 친절한 답변 감사합니다.\n\n이용 및 결제 대행 수수료를 제외한 4,290원 환불 가능하다는 내용 확인했으며\n제안해주신 내용에 따라 구글 플레이 구독취소 후 **입금 동의를 위한 재문의** 드립니다.\n\n환불 계좌는 하단에 기입했으며\n보안 코드는 APT9866 입니다.\n\n입금일 안내 부탁드립니다.	22
22	안녕하세요?\n\n2025년 12월 27일 환불 관련하여 문의드렸고 금액에 대해 안내받았습니다.\n\n입금일을 안내받기 위해 연락드립니다.\n\n감사합니다.	22
22	언제 입금가능한가요?	22
22	언제 입금되나요?	22
22	언제입금ㄷ늬는데요	22
22	웨이브 티빙 결합요금제로 다시 가입하고 싶어 웨이브 해지했는데요 해지환불금은 다시 입금되나요???	22
22	"위 환불 금액 확인 후 **입금 동의를 위한 """"""""재문의""""""""를 해주시기 바랍니다.\n\n답변 시 입금일을 안내드리겠습니다.\n\n-> 기존 답변 확인하였습니다."	52
22	"위 환불 금액 확인 후 **입금 동의를 위한 """"재문의""""**를 해주시기 바랍니다.\n\n답변 시 입금일을 안내드리겠습니다.\n\n\n\n환불 금액 변동이 발생하지 않도록 미사용 상태로 """"재문의"""" 바랍니다."	52
22	"위 환불 금액 확인 후 **입금 동의를 위한 """"재문의""""**를 해주시기 바랍니다.\n답변 시 입금일을 안내드리겠습니다."	52
22	위 환불 금액 확인 후 **입금 동의를 위한 [재문의]**를 해주시기 바랍니다.\n\n답변 시 입금일을 안내드리겠습니다.\n\n\n\n환불 금액 변동이 발생하지 않도록 미사용 상태로 [재문의] 바랍니다.	22
22	위 환불 금액 확인 후 **입금 동의를 위한 [재문의]**를 해주시기 바랍니다.\n\n답변 시 입금일을 안내드리겠습니다.\n\n=>\n환불해주세요\n오리지널은 시청이 안되어서 한단계 높은 요즘제로 재결제 하려고 합니다	52
22	위 환불 금액 확인 후 **입금 동의를 위한 [재문의]**를 해주시기 바랍니다.\n답변 시 입금일을 안내드리겠습니다.\n--> 환불 금액 확인하였습니다. 동의합니다. \n\n환불 금액 변동이 발생하지 않도록 미사용 상태로 [재문의] 바랍니다. \n--> 미사용상태로 재문의 합니다. \n\n\n앞으로 더욱 노력하는 Wavve(웨이브)가 되겠습니다. 감사합니다.	22
22	위 환불 금액 확인 후 **입금 동의를 위한 [재문의]**를 해주시기 바랍니다.\n답변 시 입금일을 안내드리겠습니다.\n환불 금액 변동이 발생하지 않도록 미사용 상태로 [재문의] 바랍니다.\n\n\n확인했고, 진행부탁드립니다	22
22	이전 문의에 대한 답변 확인했습니다. 계좌로 환불되는 것에 대해 동의하니 입금일 안내해 주시면 감사하겠습니다 ??	22
22	입금 언제해주시나요 답변완료됫는데\n입금이 안되있네요	22
22	입금동의 했는데 언제 입금 되나요?	52
22	입금동의하오니 입금일 안내바랍니다.	22
22	입금동의합니다. 입금일을 안내해주세요.	22
22	입금일 안내바랍니다	22
22	입금일을 안내 요청드립니다.	22
22	자동으로 결제되서 바로 해지신청했는데 환불언제 되나요? 콘텐츠 미사용이거든요! 해지 신천 완료 됐는데 환불금액 언제 입금되나요!!	22
22	재문의\n입금일 안내	22
22	재산정된 금액 확인하였습니다.\n환불금 입금일 문의드립니다.	22
22	접수가 됐는지 답이 없어서 다시 확인합니다\n접수되면 바로 환불처리되나요? 며칠걸리나요?\n저한테 따로 연락쥬나요?	23
22	정기결제 되자마자 해지\n했습니다.   환불이 제가 결제한\n금액 그대로\n들어오는거겠죠 ?  언제\n입금되나요	22
22	지난 글에 대한 환불신청건 부분에 대해  궁금합니다.\n언제 입금되나요	22
22	환불 금액 입금일 알고싶어요	22
22	환불 금액 확인하였습니다. \n환불 진행 부탁드립니다. \n입금일 확인 부탁드립니다.	22
22	환불 금액 확인하였습니다. 입금일 안내 부탁드립니다.	22
22	환불 금액 확인했습니다. 환불 입금일 확인 부탁드립니다.	22
22	환불 문의 답변 받았는데요 언제 입금 되는데 알 수 있을까요?	22
22	환불 신청했는데, 통장에 언제 입금되나요?	22
22	환불 입금일 언제되는지 답변부탁드립니다.	22
22	환불관련 문의에 답변 확인 후 재문의 드립니다.\n환불 진행 부탁드립니다. 그리고 입금일 안내 부탁드립니다.\n추가로 전에 문의 시 입금 정보 드렸는데 따로 추가로 입력 안해도 될까요?	22
22	환불금 산정관련하여 재문의글 올리니 \n금액과 입금일 확인부탁드려요	22
22	환불금액 언제 입금되나요	22
22	환불금액 확인 했습니다. 입금일 안내 부탁드립니다!	22
22	환불금액 확인완료\n입금일 문의합니다	22
22	환불액확인및 동의합니다.입금일확인부탁드립니다.	22
22	환불요청했는데\n입금일알고싶습니다.	22
22	환불접수완료됐다고하는데 언제입금되는건가요?	22
23	(이전 문의 확인 부탁드립니다) 환불 진행해주세요~	23
23	10.11 결제 했는데요. 제가 이번에 티빙 웨이브 더블 할인권으로 이용권 변경해서 부분 환불 받으려구요!\n확인 후 연락주세요	23
23	10.13분에 결제되었는데 컨텐츠는 아직안본상황입니다 다른이용권구독을 하고싶은데 환불되나요?	23
23	10.2. 에 이용권 변경 결제 후 차액금이 코인으로 4750원 변경 처리되었습니다\n환불 원합니다	23
23	10/17일 자동결제 되었는데 환불신청합니다.	23
23	10/1에 베이직 이용권을 구매하였는데, 10/2에 스탠다드로 이용권을 변경하였습니다\n처음 구매한 베이직 이용권에 대한 요금은 환불이 자동으로 이루어지나요?	23
23	10월 21일 결제건 구독 해지했으니 환불해주세요	23
23	10월 27일 결제된 사실 확인하였으며, 이용권을 변경하고자 하기에 10월 27일 결제된 이용권의 환불을 요청합니다.	23
23	10월 6일에 결제되어 11월까지 이용할수 있는 이용권 환불요청드립니다.\n결제 후 시청기록없으니 확인 후 처리 부탁드려요	23
23	10월 6일에 결제된 요금 환불 요청합니다.	23
23	10월 결제된부분은 만료일이 오늘이어서 감수하나, 11월 18일 자동결제 된것은 18일에 티빙에서 티빙+디즈니플러스+웨이브 3pack상품으로 결제하여 환불요청합니다.	23
23	10월 자동결제 해지 및 환불 요청드립니다	23
23	10일날 기존 이용권을 변경하면서 더블 프리미엄 이용권 19500원을 결제하였으나 사용예정이 없어진 관계로 환불을 요청드립니다	23
23	11/03에 결제 된 더블 광고형 스탠다드 상품 환불 해주세요 사용안했어요	23
23	11/24 10:16에 자동결제된 금액 79,000원 환불 요청드립니다.	23
23	11/28 6,900원 결제가 돼서 환불부탁드릴게요	23
23	11/3 오전에 결제된 건 환불 요청	23
23	11/6-12/6까지 사용 가능한 구독권 취소 및 환불 부탁드립니다!!!\n~~11/6까지 사용 예정입니다!!	23
23	11번가에서 1년 이용권 구입 후 쿠폰 등록만 했고 사용은 안했습니다.\n이럴 경우 환불은 웨이브에 하라고 해서 환불 문의드립니다.	23
23	11번가에서 웨이브 구독권 결제해서 이용중인데, 더블이용권으로 변경하려면 이용기을 다 소비하거나 고객센터를 통해 해지 후 이용하라고 합니다.\n\n더블이용권 변경을 위한 환불을 하려면 어떻게 해야 하나요.	23
23	11월26일 오후 23시25분 경 결제하였는데 요금제를 변경하고싶어서 환불문의하려고 연락드렸습니다.	23
23	11월은 결제 안하려고 했는데 결제가 되서 환불요청드립니다!	23
23	12,100 코인 환불요청합니다.	23
23	12.10. 결제 후 미이용으로 환불 및 이용권 해지 바랍니다	23
23	12.15일 결제된 1년권 환불바랍니다	23
23	12/16 정기권 결제권 환불신청 합니다.\n금일 결제된 후 이용 안했습니다.	23
23	12/3 결제된 월정액이용권 환불요청	23
23	12개월 이용권 79000원 환불 부탁드립니다.	23
23	12개월 이용권을 결제했는데, 중도해지 하고싶습니다.	23
23	12개월 정기구독 신청한거 중간에 해지 하려 합니다. 해지신청은 완료 되었으나 아직 이용권 사용중이라고 떠서요! 언제쯤 이용권 해지가 될까요?	23
23	12개월 정액권 결제 됐는데, \n해지+환불 부탁드립니다.\n사용 안한지 오래됐습니다.	23
23	12개월결제했는데, 중간에 sbs서비스중단 사전안내도 못받았습니다. sbs서비스때문에 구독한건으로 중간해지하고싶습니다	23
23	12개월로 결재했는데 지금 해지하고 나머지 금액 환불받고 싶습니다.	23
23	12개월로 결제했다는걸 몰랐습니다 앞으로 이용할가능성이 낮아 남은개월은 환불해주었으면 합니다	23
23	12월 15일 오전 10시 7000원 결제건 환불바랍니다	23
23	12월 19일에 결제한 웨이브+티빙 결합 요금제를 이용기간만큼 제외하고 환불 받을 수 있을까요??	23
23	12월 1일 티빙에서 티빙x웨이브 더블 이용권 프리미엄 요금제를 개시하였고, 웨이브 계정 연결을 위해서는 기존 이용권의 해지/환불이 필요합니다.	23
23	12월 2일 금일자로 당장 해지하고 싶습니다 금일까지 사용한 금액 외 환불 부탁드립니다	23
23	12월 2일 오늘 자동결제가 되었는데 취소하고 환불 부탁드립니다.	23
23	13500원 계좌환불 안들어옴\n7700원은 들어왔으나 먼저 환불요청한 13500원은 안들어옴	23
23	13시경 결제한 12개월 이용권 환불 요청드립니다.	23
23	13일이 갱신이라 13일 오후에 자동결제 해지신청을 했는데 갱신이 되어버렸습니다.\n\n티빙 더블 이용권 이미 결제해놓은 상황이라 계정 등록을 위한 환불조치를 요청합니다.	23
23	14일에 12개월 이용권 결제된 것 환불 요청합니다.	23
23	15일결제일,\n\n이용권변경하려는데 남은일수만큼 환불가능한가요	23
23	1년 이용권 구매 후 거의 보지도 않았는데\n\n또 결제되서 취소하려고합니다. 환불 부탁드려요.	19
23	1년 이용권이 결제되어있네요.\n이용권 해지를 원합니다.\n부분환불 부탁드립니다.	23
23	1년 정기권 해지 후 환붕금액 문의	23
23	1년결제 중도 취소로 환불 원함	23
23	1년구독권 사용중인데\n\n번들로 갈아타고싶습니다 혹시 일할계산해서 환불 가능할까요	23
23	1년권 결제했는데 원하는 콘텐츠도없고 사용빈도가 낮아 환불요청합니다.	23
23	1년권 구독했는데, 중도해지 및 환불 요청드립니다.	23
23	1년금액 결제했는데\n\n부분환불요청합니다	23
23	1년짜리 구독을 까먹고 있다가 4시간전에 결제되었는데 사용 안했는데 환불 되나요	23
23	1년짜리 이용권 구매했으나, 이용권 변경으로 인해 부분 환불 신청합니다.	23
23	1년치 결제건 환불 부탁드립니다.	23
23	1년치결제됫는데 기간안채우고 증도해지가능한가요?	23
23	2001 슾이스 오디세이 영화를 대여하고 148분 중에 채 1분도 시청하지 않았습니다. 이 경우 환불 가능할까요? 가능하다면 환불하고 싶습니다.	23
23	2024년 9월 22일  이용권 변경으로 발생된 잔액 또한 환불 희망합니다\n잔여코인 4,100원 - 대행수수료 10퍼샌트 410원 = 3,690원	23
23	2025- 12-27 까지 사용가능한 정기권이랑 2025-11-17까지 사용가능한 정기권 둘다 중도해지부탁드립니다  결제실수로 이중결제가 되어버렸네요 ㅜ	23
23	2025.10.19 구매한 싱 스트리트 영화 환불을 원합니다! (시청 이력 없습니다.) 고객센터 연결이 안돼서 1:1 문의로 넣습니다. 감사합니다.	23
23	2025.12.10 결제된 연간이용권 환불 문의 드립니다.	23
23	2025년 12월 13일 구독이 종료되어야하는데,\n원치 않게 자동연장이 되서 이용되고 있던걸 이제야 알았습니다.\n\n어떠한 알림 없이 멋대로 15만원이 자동결제되었는데 너무 충격적이고 억울합니다.\n현재 구독권 금액보다도 비싸게 결제된걸 그대로 이용해야한다는건 더 끔찍하구요.\n\n해지 후 100% 환불 부탁드립니다. 너무 억울합니다.	23
23	2025년 12월 21일자로 자동 결제 되었고\n\n같은날 해지 신청을 했습니다.\n\n해당 결제 이용권으로는 일체 사용하지 않았기 때문에 전액 환불 요청 합니다.	23
23	2025년 1월 25일 웨이브 1년 결제 비용으로 109,000원을 결제 했고 종료 3개월 정도 남은 시점에 환불 신청을 했고 2025년 10월 31일 처리가 되어 8,830원을 환불 받는데 적절한 금액처럼 생각이 들지 않는데 설명 부탁드립니다.	23
23	2026년 5월달에 재갱신 예정인데 지금 사용하는 이용권을 변경하기위해 해지하고싶어요 \n연간 결제를 한 상태인데 지금 해지하면 사용안한만큼 환불이 되는건가요?	23
23	25.12.17 결제된 더블이용권 해지했습니다.\n환불부탁드립니다.	23
23	25년 12월 8일 결제된 연간이용권에 대해 환불 요청드립니다.	23
23	3pack 사용으로 기존 이용권 해지요청 및 부분환불요청	23
23	3PACK 요금제로 변경 했습니다.\n부분환불 요청합니다.	23
23	3pack 이용권 변경으로 인한 환불	23
23	3pack 이용권으로 변경하려고 합니다.\n중도해지 요청드립니다.	23
23	3PACK으로 이용권 변경해서 베이직 이용권은 해지하려구요.\n베이직 이용권 해지하고 부분환불 해주세요.	23
23	3pack을 티빙측에서 결제하고싶은데 미사용부분만 환불 부탁드립니드	23
23	3개월 중복 결제건에 대해 환불요청합니다\n2025.7.30~2025.9.30에대한 3개월분입니다	23
23	3번째 보냄\n사용 않하니 빠른 환불 원함	23
23	3사 ott 결합상품으로 교체하려고 합니다\n나머지 기간 부분 환불 부탁드립니다	23
23	3사 ott로 변경하게되어\n남은이용권 환불부탁드립니다	23
23	3사 이용조건으로 결제했는데 \n갑자기 sbs시청이 안된다구요?\n뭐 이런경우가... 장기권 결제했는데\n환불요청생각중입니다. \n이건 그쪽에서 일방적으로 선택한것이니\n환불절차 어떻게 되는지 확답주세요	23
23	3팩 이용하게 환불해주세요.	23
23	3팩구매했으므로 부분환불 요청	23
23	3팩이용권구매로 기존웨이브 이용권을 해지하려합니다 환불요청합니다	23
23	3픽(웨이브, 티빙, 디즈니) 이용권으로 변경하고싶습니다. 기존 이용권 부분 환불이나 이용권 변경 해주시면 추가결제하겠습니다.	23
23	3회차 환불요청드립니다	23
23	500일의 썸머를 보려고 처음 회원가입을 했습니다. 결제도 했고요. 근데 결제하고 시청하려고 하니, 개별구매 창이 나오고 5500원 추가 결제가 필요하다고 하네요. 저는 기본 시청권을 구매하면 당연히 무료로 해당 영화 시청이 가능할 줄 알았습니다. \n지금 가입한지 10분이 지나지 않았습니다. 환불 요청드립니다.\n\n번거롭게해드려 죄송하며, 부탁드립니다.\n\n감사합니다.	23
23	6개월이용권 두장을 사서 동시에 등록 가능한줄 알았는데 6개월 이용 끝나고 사용 가능하네요ㅠㅠ\n두장 다 쿠폰 사용기한이 11월 말이라 그 기한 안에 두장은 사용 불가해서 지금 등록된 이용권 환불 부탁드립니다.	23
23	79000원 정기 결제건 (휴대폰결제) \n환불 부탁드립니다	23
23	7일 이내 콘텐츠 미사용 환불 요청	23
23	8일에 자동결제 되었지만 이후로는 컨텐츠를 이용하지 않았습니다. 환불을 요청합니다.	23
23	9/19 10900원 결제하고\n9/22 다시 티빙웨이브통합으로 다시 결제했는데\n9/19 건은 환불이 되는건가요? \n환불이 된건지 궁금합니다.	23
23	9/28 구매한 이용권 환불요청 드립니다 티빙에서 결합으로 구매했어요	23
23	99000원 자동결제되어 해지 후 환불신청합니다\n감사합니다	23
23	9월 30일에 결제된거 이용안했는데 환불해주세요	23
23	9월 5일 더블 베이직 이용권 결제 후 바로 해지했습니다.(사유: 더블 프리미엄 이용권(4회선)으로 재결제) 그런데 환불이 되지 않았습니다. 환불 부탁드립니다.	23
23	9월에 연간 이용권으로 결제하였으나, 티빙-웨이브 통합 이용권(CJ임직원 전용)으로 변경하려 합니다.\n연간구독으로 하여 중간 해지가 불가하여 부분환불 요청드립니다.	23
23	9월환불 안내 받은걸 이제 본건데  해약햇다가. 다른 겅으로 결재한건에 왜 환불아 안되요, ? 환불 안내까지 받은건데? 월요일에 통호ㅏ로 상담 안되나요?	23
23	Ott 3사 정기결제해서 환불해주세요	23
23	OTT 요금제 변경을 위해 환불을 요청합니다.	23
23	ott이용권 변경으로 월이용권 결재 환불받고싶어요.	23
23	POOQ 요금제 사용 중인데 이벤트 참여하고자 합니다.\n중도해지를 해야 기간 내 요금제 전환이 가능하다고 하여 중도해지 요청드립니다.\n감사합니다.	23
23	pooq정기구매가 이루어져버렸습니다. 12/28일에 구매되었습니다.환불해주세요	23
23	Sbs 시청 안되는지 몰랐어요\n한편도 안봤습니다\n\n지금 구독하고있는 것들 다 환불해주세요 제발\n\n진빠 웨이브 양아치에 쓰레기입니다 진심으로\n답변도 느리고 양아치짓거리나하고	23
23	sk 할인 정보를 늦게 알았네요. 환불받고 다시 가입하려구요.	23
23	Standard 회원권을 구매한 직후, 티빙과 웨이브를 같이 사용할 수 있는 더블 standard를 발견해 이를 구매하여 중복구매를 하였습니다\n이에따라 standard 회원권을 환불하고싶습니다	23
23	TV 시청이 안된걸 모르고 잘못 구매했습니다. \n다른 이용권을 구입하겠습니다. \n환불해주세요.	23
23	TV 에서 시청가능한줄알고 결제했다가 바로 이용권 변경결제했는데 왜 금액이 코인으로 적립되나요? 그것도 6900포인트라뇨. 7900원 결제 후 당일 사용없이 취소하면 전액환불이 원칙이죠. 코인적립필요없으니 7900원 전액 환불처리해주세요.	23
23	TVING 계정으로 결제후 Wavve 계정을 연결하고자 하였으나\n이미 존재하는 Wavve 이용권 때문에 불능인 상태입니다.\nWavve 이용권 해지후 TVING으로 연결하고싶습니다.\n해지 및 환불 부탁드립니다.	23
23	Tving과 연계상품 구매했어요 환불해주세요	23
23	TVING에서 이용권 변경 하려면, WAVVE 이용권 변경하기가 필요하여 환불	23
23	TV에서 시청하고 싶어 이용권을 구매했는데\nBasic 을 구매해서 취소환불 받고 싶습니다. \n현재 배이직이랑 스탠더드 둘 다 구매되었습니다. 이용권 업그레이드인줄 알았는데 그냥 2개 다 구매되었습니다.\n\n베이직 이용권은 취소 환불 부탁드립니다	23
23	Tv에서 아바타 물의길을  웨이브앱으로 QR 결재를 했습니다. 카드도 7,150원 결재되었고요. 근데 볼수가 없었어요. 계속해서 개별구매하기가 떠 있네요.환불요청합니다	23
23	tv에서는 재생이 안되는 상품이네요\n\n환불부탁드립니다	23
23	Waave 구독권 취소 하고싶었는데 자동결제로 취소전에 결제되서 구독권 취소후에 구독권 금액 환불 요청 합니다	23
23	Wavve & tving 통합권으로 변경하고 싶어 현재 이용중인 1년 장기 이용권을 해지 할 경우 환불 금액 문의드립니다.\n\n추가로 장기 이용권 해지 후 웨이브&티빙 통합권 신규 구매의 경우와 이용권 변경으로 웨이브&티빙 통합권으로 변경하는 경우 금액 차이가 다른지 문의 드립니다	23
23	wavve, tving 더블 이용권을 위한 환불 요청	23
23	가격 부담으로 인한 해지 및 환불 요청합니다	23
23	가격부담으로 인해 환불 요청합니다 어제 결재가 되었더라구요 1년구독 입니다  날짜가 다가온지도 모르고 있다가 자동결제가 되어버렸습니다 그래서 환불요청 합니다	23
23	가격이 부담되어 환불 요청드립니다	23
23	가능하면 환불하고 싶습니다\n\n코인 내용:\n\n자동결제 비대상\n충전코인 지급\n충전2021-12-06 18:16\n만료2026-12-06 18:16\n잔여7,200\n결제수단-\n지급 사유이용권 변경으로 인한 부분환불	23
23	가족들과 같이 사용중인데,  중복 결제로 이용중이어서 부분 환불 요청드립니다	23
23	같은 월 이용권이 2번 국민카드, 카카오페이로 결제됐는데 하나 환불해주세요	23
23	같은금액을 결세했는데 시청하던 시리즈가 볼수가없네요 환불해주세요	23
23	개별 구매를 해야했는데 이용권을 잘못 샀습니다. 환불 받을 수 있을까요. (웨이브 광고형 스탠다드 이용권)	23
23	개별 구매한 영화 3편에 대한 환불 요청	23
23	개별구매 작품을 보려다 실수로 이용권을 끊어서 이용권은 환불해주시기 바랍니당	23
23	개별구매 콘텐츠만 시청하고 다른 콘텐츠는 보지 않아서 콘텐츠이용권 환불요청드립니다.	23
23	겨울왕국 구메한거 환불해주세요\n과제에 고화질 사진필요해서 영상말고 사진 캡쳐할려는데 캡쳐가안되고 화질도 고화질이 아니네요	23
23	결제 직후입니다. 미사용 환불요청합니다	23
23	결제 해지하려고 했는데 찾는 방법을 모르다가 바로 결제가 되었어요. 엡 사용을 안 한 상태라 온전히 환불 받고싶어요	23
23	결제되고 시청안했습니다 오늘 문자보고 빠져나간거 알았고 이번달 시청안합니다 환불헤주세요	23
23	결제되고 한번도 이용하지 않았는데 환불될까요?	23
23	결제된 55,500원 취소부탁드립니다. 컨텐츠이용 하지 않았습니다.	23
23	결제된 이용권 환불요청드립니다.	23
23	결제일에 스마트 tv안되는 것을 확인하고 해지요청 하였음 \n현재까지 환불진행 안되고 있음 \n\n빠른 환불 요청함	23
23	결제일이 내일인데 왜 오늘 결제가 된건진 모르겠으나 확인하시고 처리 부탁드리겠습니다.	23
23	결제하려했던것이 아닌데 자동결제가 됨 방금 결제됨	23
23	결제후 즉시 환불요청합니다	23
23	계속 사용하다보니 금액에 변동이 있는 것 같네요.. \n한번 결제 잘못해서 대행 수수료까지 전액 다 물어야 하다니.. \n티빙 요금제로 자동으로 변경은 안되는건가요? \n\n그리고 답변 달린것도 알림도 오지 않아서 계속 그냥 기다리고 있었네요.. \n전화라도좀 주시지... \n\n각설하고, 계속 보다보니, 그부분 무시하고 이 문의 글 보시는 시점에서 해지/환불 해주세요, 환불되면 티빙 이용권으로 결제 하려고 합니다. \n\n그럼 확인 부탁드립니다.	23
23	계정 혼동하여 잘못된 계정에 결제했어요. 서용전이니 환불해주세요.	23
23	광고나오는게 불편해서 요금제업그레이드를 하려고 하는데 추가분 결제를 하거나 환불 진행부탁드립니드.	23
23	광고없는 이용권 월12500원짜리로 변경하고싶은데..\n중간해지하고 싶어요	23
23	광고형 구독으로는 보고싶은 컨텐츠가 이용불가여서\n환불 받고 이용권 변경하려고 합니다	23
23	광고형 스탠다드 구독했다가 같은날에 일반 스탠다드로 업그레이드 했는데 광고형 스탠다드 구독 건은 환불 처리 해주세요	23
23	광고형 요금제로 잘못 결제해서 요금제 변경했는데, 코인으로 적립받은 금액을 현금으로 환불받고 싶어요	23
23	광고형스탠다드 이용권 환불해주세요\n잘못결제했습니다\n시청하나도안했고, 시청기록에 있는 건 개별구매해서 본 거에요\n빠른 환불 부탁드리겠습니다	23
23	광고형으로 사용중인데 PIP기능이 안되 요금제를 바꾸고 싶은데 11월11일까지라 다른 요금제 변경이 안되네요\n환불받고 다른요금제로 결제 가능한가뇨?	23
23	구글 결제 대리 환불 부탁드리겠습니다 양식은 밑에 기재했습니다	23
23	구글플레이 통해 충전후 남은 코인 중 수수료 제외한 1,150원 환불 부탁드립니다. 감사합니다.	23
23	구독 중도 해지 및 환불 요청합니다. 결제 후 7일 경과하여 고객센터로 접수하니 바로 처리 부탁드립니다.	23
23	구독 취소 및 환불 요청	23
23	구독 취소하고 부분환불 받고싶은대 어떻게 해야 하나요 ?	23
23	구독 해지 원하여 환불요청 드립니다	23
23	구독 해지 했으니 환불해주세요	23
23	구독권 중간 환불 요청드립니다	23
23	구독을 취소했는데 이번달 요금이 나갔어요. 환불해주세요	23
23	구독해지 했는데요, 나머지 일자 환불 부탁드립니다	23
23	구매를 오늘 했는데 보려는 드라마를 재생하려니까 화질이 너무 안 좋아서 보기 힘들 거 같아요 환불해주세요	23
23	구매한 대여상품을 환불하고 싶음	23
23	구매한 이용권 환불 신청합니다.\n감사합니다.	23
23	그냥 티빙만 결제하고 싶었는데 웨이브랑 티빙이랑 합쳐진 것을 구매하게 되었습니다. 환불 부탁드려요ㅠㅠㅠㅠ	23
23	그알 꼬꼬무 애청자인데 그게 다 없어졌네요ㅠㅠ 이용권 해지하고 환불처리 부탁드립니다. 셀프로 하려니 무슨 구글페이지에서 해야한다며 처리가 안돼서요. 고객센터에서 직접 해지 환불 부탁드려요ㅠㅠ	23
23	금액 확인 했습니다\n오늘로 해지부탁드립니다	23
23	금일 1년 이용권 자동결제 되었으나, 사용 의사 없으니 환불 바랍니다.	23
23	금일 결제된 이용권 해지 및 환불 요청합니다.	23
23	금일 구독한 이용권 미사용으로 환불요청	23
23	금일 자동결제된 건 환불요청드립니다	23
23	기본사용요금제해지했습니다\n웨이브티빙더블이용권으로 사용하려 하는데\n해지후이용이라고 안내가떠서요\n그리고 기존요금제 부분할부가 되는지요	23
23	기존 TVING, Wavve 동시 구독중이었는데, 11월 18일부로 TVING에서 TVING, Wavve더블이용권 구독신청함.\n이에 따라 Wavve 구독(최근 11월 12일 결재됨)을 취소하오니, 남은 기간에 대한 금액 환불을 요청함.	23
23	기존 이용권이 결제 되지 않아 25-10-11에 더블 스탠다드 이용권을 구매하였습니다. 그런데 금일 25-10-12 기존 이용권(스탠다드 iTunes) 추가 결제되어 해지 및 환불 바랍니다.	23
23	기존에 웨이브 요금을 1년 정기결제(1년에 125,000원)를 한 것이 있습니다. 환불해주세요.	23
23	깜빡하고 자동결제 해지를 못해서 어제 자동결제가 되었는데 환불하고 싶습니다.	23
23	나우 유 씨미 결제하려다가 코인 3,000원으로 잘 못 결제했습니다. 환불 요청 부탁드립니다.	23
23	나홀로집에 콘텐츠를 구매했으나\n더빙판이 아니어서 환불 요청 드립니다	23
23	난 구글에서 웨이브요금을 내는지  몰랐습니다\n어느날 웨이브에 전화를 해보니 내 계정이3계\n인지도 몰랐고 구글에 써비스에 핸드폰 요금이 항상냈는데 이에대해   1년이나 계정이3개라서  나는돈이 어디서  나가는줄도 몰랐습니다 환불해주십시요	23
23	남아있는 코인을 한불받고싶어요	42
23	남은 가간 부분환불 부탁드립니다	51
23	남은 기간 환불 요청	23
23	남은 기간 환불요청드립니다.	23
23	남은 기간 환불해주세요	51
23	남은 기간에 대한 부분 환불 부탁드립니다.	23
23	남은 시간에 대한 환불요청드립니다	23
23	남은기간 계산해서 환불해주세요	23
23	네이버에서 개별구매 했는데 재생안됨 환불요청\n\n네이버에서 네이버페이로 결제했는데\n어플에서는 개별구매 안되는 단말기라고 재생 안되어 환불요청함	23
23	네ㅡ 수수료제외 하고 환불해주세요	23
23	넷플릭스 패키지상품으로 신청했어요.\n중복이라서 부분환불 요청합니다.	23
23	넹 사용일만큼 차감하고 환불요청드립니다!!!!	23
23	다른 ott이용으로 환불 신청합니다	23
23	다른 오티티에서 결제해서 남은기간 부분환불 요청합니다	23
23	다른 요금제로 이용할 생각이니 환불해주세요	23
23	다른 이용권 사용을 위해 환불 요청합니다	23
23	다른 이용권으로 변경하고자 남은 기간에 대해 부분환불 요청합니다	52
23	다른 이용권을 사용하고 싶어 취소하니 환불해주세요	23
23	다른걸로 정기결제해서 기존꺼는 환불받으려고합니다.	23
23	다른이용권으로 변경하기위해 환불요청합니다	23
23	다음 결제일에 예약해지말고\n일할계산 즉시환불 부탁드립니다.	23
23	답변 잘 확인했습니다\n잔여기간 환불 부탁드립니다	23
23	답변받아서 환불요청합니다	23
23	답변을 받았는데 무슨 말인지 잘 이해는 안 갑니다. \n남은 금액에 대해 카드취소가 가능하면 해주시고 안 되면 입금(아래 계좌로) 해주시면 됩니다.\n혹시 오늘 날짜로 시청이 되었다면(스테이에서 손님들이 사용해서 오늘 시청을 하였는지 확인 불가) 오늘 날짜 제외하고 환불요청 드립니다.	23
23	답장 감사합니다. 환불진행부탁합니다.	23
23	대부3 미시청 환불	23
23	더블 광고형 스탠다드(7,000원)\n콘텐츠 웨이브 주식회사 - 상품명 더빙(업)(7,150원)\n환불 바랍니다.	23
23	더블 스탠다드에서 3PACK 으로 이용권 변경하려고\n자동결제 해지를 했습니다. 남아있는 기간이 있어서\n환불 받고 싶어요	23
23	더블 이용권 사용으로 부분 환불 신청	23
23	더블 이용권 이용을 위한 기존 연간 이용권 환불 요청	23
23	더블 이용권구매로 해지 환불 요청드립니다	23
23	더블이용권 구매위해 환불신청	23
23	더블이용권 변경으로 해지환불 진행요청합니다	23
23	더블이용권 사용하려는데 년단위로 사용권을 끊어논걸 부분환불받고싶어요	23
23	더블이용권 환불 안내 받았고 금액도 확인했습니다. 횐불 진행 부탁합니다	23
23	더블이용권등록을 위해\n현재 등록된 이용권의 즉시해지를 원합니다	23
23	더블이용권변경으로 인한 이용권 부분환불	23
23	더블이용권으로 변경해서 기존이용권을 즉시 해지원합니다	23
23	더블이용권을 구매하여 환불요청합니다.	23
23	더블이용권을 환불요청합니다. 	23
23	더블프리미엄 이용권 구입하여 이용하려하기에 결제된 이용권은 취소 및 환불 부탁드립니다	23
23	동상이몽이나 돌싱포맨등.. 갑자기 안나오는데 왜 안나오는건가요?\n계속 안나온다면 이용 생각없으니 환불해주세요	23
23	동일 제목의 영화를 실수로 결제하여 환불받고 싶습니다.	23
23	두 번의 이용권 변경으로 인하여 코인인 생겼는데 사용방법과 환불 방법 궁금합니다.	23
23	둘다 사용중인데 티빙 이용권이 끝나서 사야하는데 \n이번에 더블 이용권으로 변경하려고 합니다.\n웨이브 이용권이 남아있어서 변경이 불가한데 \n부분환불 하고 이용권을 변경 원합니다.\n지금 이용권을 취소 해주세요	23
23	디즈니 티빙 웨이브 결합으로 바꾸고 싶어서 중간 해지 원하는데	23
23	디즈니 플러스 번들상품 결제로 중도해지 필요	23
23	디즈니 플러스 통해 추가로 결합 상품 결제하였는데 웨이브의 기존 이용권이 계속 활성화되어있는지라 지금 쓰고 있는 이 계정을 결합된 요금제에 등록할 수 없어 해지 부탁드립니다.	23
23	디즈니 플러스, 티빙, 웨이브 통합팩 가입으로 기존 요금을 해지하고자 합니다.	23
23	디즈니 플러스,티빙,웨이브 번들로 이용권을 변경하기 위해서 현재 이용권을 환불받고싶습니다.	23
23	디즈니랑 티빙이랑 웨이브 다 되는\n이용권으로 1월에 신청할 계획입니다\n지금 더블이용권은 우선 환불해주세요	23
23	디즈니-웨이브-티빙 결합 이용권을 결제했습니다.\n기존 웨이브-티빙 이용권은 바로 해지 부탁드립니다.	23
23	디즈니추가를위해서 다른 곳에서 번들결제하려고합니다\n바로 해지부탁드립니다.	23
23	디지니 플러스와 연동하고싶어 남은 기간만큼의 결제액 만큼을 환불받고 싶습니다.	23
23	말씀하신 대로 부분 환불에 관한 Apple 절차를 완료하였습니다 부분 환불절차 진행 해 주시기 바랍니다.	51
23	매트릭스 영화 개별 구매했는데 \n해외 로밍 불가로 콘텐츠 사용할 수 없습니다. \n환불 부탁드립니다.	23
23	메일 주신 내용대로 부분환불 해주세요.	23
23	메일로 안내 받았습니다.\n요금제 변경에 따른 잔여일 환불 진행 바랍니다.	23
23	메일받아서 재메일 보내드립니다.\n환불 부탁드려요.	23
23	몇달동안 사용한 적이 없는데 해지를 잊고있었네요\n혹시 환불 가능한가요	23
23	문의글 남긴 현시점 기준으로 해지요청드립니다.\n일할 계산으로 해지 신청 되는것인지 확인 부탁드려요.	23
23	미사용 환불 문의드립니다.	23
23	미사용분 일할계산 환불요청드립니다	23
23	미션 임파서블 보려고 구매했는데 별도 구매여서, 취소 후 개별구매 하려고 합니다.	23
23	미시청했습니다\n\n빠르게처리해주세요	23
23	미이용일수만큼 부분환불 요청합니다	23
23	방금 결제했는데 잘못 결제했네요 환불요청드립니다	23
23	방금 결제했는데 환불해주세요	23
23	방금 구매한 이용권 구매 취소\n환불 처리 요망	23
23	방금 자동 결제된지 2분 됐고 시청을 이제 안하게 되어서 환불부탁드립니다	23
23	베이직 12개월(\79,000)에서 광고형 스탠다드(\5,500)으로 이용권을 변경하였습니다. 환불을 요청합니다.	23
23	베이직 연간 결제하다 이용권변경했습니다\n이전 이용권이있어 계정 연결이 안되네요\n환불 바랍니다	23
23	베이직 해지하고 스탠다드로 다시 결제 하고 싶은데 중도해지 부탁드려요	23
23	베이직으로 구독변경을 하고싶은데요.기존 광고형 구독을 해지하고 일부라도 반환이 되는지 알고싶습니다.	23
23	보고 싶은 콘텐츠를 위해서 광고형 1달 결제를 하였는데,  결제 후 이용하지 않고, 스탠다드형으로 이용권을 변경함.\n 이 과정에서 새로 스탠다드 형을 10,900원을 결제하였는데 이전에 결제하고 이용하지 않은 광고형 결제 금액 5,500원이 코인으로 들어왔는데 결제 당일에 아무 컨텐츠도 이용하지 않았음에도 4,790 코인으로 환급됨. 이 과정에서 이전 광고형 구독 취소 후 스탠다드형 재결제의 방식을 원함.\n따라서 코인 환급이 아니라 계좌로 광고형 구독 금액의 환불을 원함.	23
23	보안코드 S61H3B\n고객센터 답변 받은 뒤 애플폰 재접속하니 구독취소가 정상적으로 되었습니다.\n이용권 변경위해 환불바랍니다.	23
23	볼게없어서 환불요청합니다.	23
23	볼만한게 너무 없어여 환불 부탁드립니다.	23
23	부분 환불후 이용권 변경하려고 합니다	23
23	부분환부코인으로 환불이 진행되었다고 하는데 이게 어떻게 하는건가요? 알아서 결제요금에서 빠지는건가요 아니면 제가 출금을 해야하나요?	23
23	부분환불 가능해요?	51
23	부분환불 금액 확인하였습니다. 진행 부탁드립니다.	23
23	부분환불 진행하려고 합니다. 첫 해 할인으로 결제했는데 부분환불 진행가능한가요?	23
23	빨리 환불 부탁 드립니다. 요금 결재는 쉬운데 환불 및 탈퇴는 왜 이렇게 어려운지...\n사진 첨부하고 싶은데 사진 첨부하는란이 없어서 이후 소통은 문자 또는 메일 부탁 드립니다.	23
23	사긴 샀는데 굳이 산거같네요.. 죄송합니다. 딱히 볼것도 없고 사용빈도도 낮고 9천원 내고 보는게 좀 아까워서요.. 그리고 원하는 OTT도 별로 없어서 환불허고 싶네요. 안되도 괜찮습니다..!	23
23	사용 전인데 환불 부탁드립니다	23
23	사용개월 뺀 나머지 개월분 환불해주세요	23
23	사용빈도가 낮아 환불요청합니다	23
23	사용을 안하는데 자동결제가 되어있어 결제가 된것같습니다.  환불 부탁드립니다.	23
23	사용중인 이용권을 해지하고 다른 이용권으로 바꾸려고 하는데 11월 2일까지 기다려야 한다해서요. 중간 해지 안되나요?	23
23	사용하지 않은 자동결제된 이용권 환불바랍니다	23
23	사용하지않는데, 핸드폰 교체로 인해 미리 해지를 못했습니다 \n환불 부탁드립니다	23
23	상품에 대해 잘 알아보지 못하고 사서 환불 요청드려요...ott도 아직 안 봐서 환불 부탁드릴게요	23
23	서비스 이용이 불편하여 이용권변경으로 인한 부분환불용청합니다	23
23	서비스 해지 및 환불 신청합니다	23
23	선택을 잘못해서 구매하려고 했던 이용권과 다른 이용권을 구매해버렸습니다ㅠ	23
23	소장구매했는데 환불하고싶어요ㅠ\n영화 스트리밍은 안햇음요	23
23	소장용으로 결제하였으나 구매내역에 없음.\n카드결제는 되었고 확인함.\n영화상영은 안하였으니 환불요청.\n상담원 직접 통화 원하나 음성 ars 혼자 판단하고 다른 선택지 없이 1번이나 2번 누루라고하니 짜증남.\n상담원(사람)통화 원합니다.\n전화주세요.	23
23	수고 많으십니다.\n\n환불 요청합니다.\n\n새해 복 많이 받으세요.	23
23	스마트 티비로 보려고하는데 핸드폰으로만 재생되고 티비로는 재생 안됨 웨이브 이용 구독권과 해리포터 구매 모두 해지 환불해주세요	23
23	스탠바이미에서 시청 하려고 하니 계속 이용권구매로 떠요 \n 베이직으로 구매했는데 어떻게 하면 볼수 있나요? \n 안되면 환불 부탁합니다	23
23	스텐다드 1년 이용권 신청했는데 sbs프로그램 이용을 못하여 해지하고자 하며 환뷸요청드립디다.	23
23	시청 기록 보시면 일단 1분이 넘어가지 않을 겁니다.\n\n개별구매 영구소장이래서 구매했더니 화질은 1080p도 아니고 720p수준도 안되어 보이던데요.\n\n요즘시대에 이런 화질로 영구소장이면 그게 영구소장입니까? 참고 볼 수준이 아니라 식별이 불가능한데요.\n\n환불부탁드립니다	23
23	시청 빈도가 낮기 때문에  환불을 받고 싶습니다.	23
23	시청하려고 했던 영화가 개별 구매라 환불받고 싶습니다.	23
23	신청도 안 했는데 계속 결제됩니다\n8월달부터 결제 된 부분 환불부탁드립니다	23
23	실수로 인한 결제로 \n\n컨텐츠 시청 없었습니다.\n\n전액 환불 바랍니다.	23
23	아래의 계좌번호로 환불요청 드립니다.	23
23	아바타를 보려고 구독을 했는데 보려면 따로 구독을 해야한다고 해서 환불 받고싶습니다.	23
23	아예 해지를 하고자합니다.\n부분취소 부탁드립니다.	23
23	아이폰 사용 중인데 구글플레이에서 요금제를 변경하라고 해서 들어갔습니다. 근데 해지만 가능하고 댜른 요금제 설명은 없어소 일단 해지 신청을 했습니다. 다른 요금제 확인 후 원하면 변경 하려고 하는데, 어떻게 확인 가능할까요? 또한, 만약 원하는 게 없다면 부분환불도 가능한 지 여쭈어봅니다.	23
23	아직 이용권 이용 전 입니다 환불 부탁 드립니다.	23
23	아직 콘텐츠 이용 안 했는데 환불 부탁드려요	23
23	안 봤는데 환불 받고싶습니다	23
23	안내해주신 금액 환불요청드립니다.	23
23	안녕하세요 \n이용권변경으로 인해 환불신청합니다	23
23	안녕하세요 \n해당 아이디로 광고형 스탠다드 5500원 결제했으나 타임머신 기능이 되지 않는 것을 보고 베이직으로 바꾸려고 했습니다. 그러나 일일 이용권 변경이 1회 제한되어 변경이 불가해 변경하지 못했습니다.\n\n급한일이라 대신 어머니 계정으로 베이직 이용권을 결제했고 제 계정 광고형 스탠다드는 환불 받고자 문의드립니다 \n\n월요일 즈음 문의 드렸으나 답을 받지 못해 한번 더 문의합니다	23
23	안녕하세요 12개월 요금제로 등록하여 보고 있는데, 지금 요금제를 해지할 경우에 환급금이 있는지, 있다면 얼마일지 문의합니다.	23
23	안녕하세요 결제를 잘못 해서..환불 문의 드립니다	23
23	안녕하세요 이용권 변경으로 발생한 코인 전액 환불받고 싶어 문의드립니다	23
23	안녕하세요 이용권 변경으로 인한 코인이 생겼는데\n고객센터로 문의드리면 환불되는거 맞나용?	23
23	안녕하세요 이용권 변경으로 잔여 코인 전액 환불 원합니다	23
23	안녕하세요 이전 구독을 중지하고 웨이브+티빙으로 구독을 다시했습니다.\n환불요청은 여기에 하면 되나요?\n이전에도 현재도 네이버 결제로 했습니다.	23
23	안녕하세요 자동결제 후 콤텐츠 이용 안 했는데 환불 부탁드려요	23
23	안녕하세요 자동결제되고 있는 이용권이 있는데 아무리 여러 계정들을 로그인을 해봐도 이용권이 없다고 떠서요.. 그냥 자동결제 해지랑 로그인 해도 이용권이 없다고 뜨는 바람에 제가 2개월 동안 아무것도 시청을 못했는데 이거 환불 받고 싶습니다	23
23	안녕하세요 티빙에서 더블이용권 구매 후 등록을 하려하니 이미 사용 중인 이용권이 있어 등록이 불가하여 해지 및 환불 요청드립니다	23
23	안녕하세요 혹시 이용권 환불이 가능할까요? 이용권 구매한지 7일 안되었습니다	23
23	안녕하세요! 7,000원 '웨이브x티빙 광고 포함' 이용권 상품을 이틀 전 쯤 구매 했는데요. 보다보니 영화를 볼 때 광고가 거슬리더라고요. 그래서 광고가 없는 7,900원 '웨이브 베이직 이용권'으로 변경하는 방법을 문의드립니다. 찾아보니 이용권을 바꾸려면 새로운 이용권을 구매해야 하는 것 같던데 새로운 이용권 (웨이브 베이직)을 구매하면 기존 이용권 (웨이브 x 티빙 광고 포함 이용권)은 부분 환불이라고 명시되어 있더군요. 부분 환불에 대한 이해가 잘 가지 않아서 문의드립니다. 1. 비용 청구는 유지한 상태로 그대로 새로운 이용권 구매해서 가는건가요? 2. 사용 하지 않은 날짜 계산해서 기존 이용권은 환불을 해주 실 수 있나요? 궁금해서 문의드립니다. 감사합니다.	23
23	안녕하세요! 제가 기존에 티빙+웨이브 를 정기구독을 이옹하다가 이번레 티빙+웨이브+디즈니 까지 이용권이 니와서 그걸 결제했거든요~! 그래서 이전 구독은 해지해서 환불 부탁드리고, 새로 결제한 구독권을 반영 부탁드리겠습니다.	23
23	안녕하세요, \n빠른 처리 감사드립니다.\n\n계좌 보내드리니, 환불 진행 부탁 드립니다.	23
23	안녕하세요, 자동결제가 진행되었는데 해지하고 싶어서요. 2026년까지 말고 지금 해지하고 싶습니다. 어떻게 해야할까요?	23
23	안녕하세요, 작년에 이용권 변경으로 인한 부분환불을 코인으로 받았었는데\n잔여 코인(5,700) 환불받을 수 있는지 확인 부탁드립니다.	23
23	안녕하세요,\n\n이용권 변경으로 받은 코인 3,640원의 환불을 요청합니다.	23
23	안녕하세요.  \n11월 8일에 자동결제로 ‘베이직’ 이용권이 결제되었는데, 이번 달에는 아직 콘텐츠를 시청하지 않았습니다.  \n자동결제가 된 사실을 늦게 확인하여 환불 요청드립니다.	23
23	안녕하세요. Wavve 스탠다드 1년권을 결제했는데\n월 결제로 착각하여 환불을 요청드립니다.\n결제일: 2025.10.08\n결제금액: 12만5천원\n결제수단: 카드(카뱅)	23
23	안녕하세요. 문의 드린 답변 확인 했습니다. 환불 부탁드립니다.	23
23	안녕하세요. 보내주신 환불사항은 확인했습니다. 환불처리를 요청드립니다.	23
23	안녕하세요. 아까 자동결제가 되서 바로 자동결제해지신청을 하고 아무 콘텐츠도 이용 안 했어요. 환불신청을 하고 싶습니다.	23
23	안녕하세요. 안내주신 환불금액 확인했습니다.\n환불 진행 요청드립니다.	23
23	안녕하세요. 이용권 변경으로 해지금액이 코인으로 들어왔는데 통장을 환불받고 싶습니다.	23
23	안녕하세요. 이용권을 자동결제한지 모르고 있었는데, 자동결제가 되었습니다. 이용권의 자동결제 해지를 요청 드리며(해지는 방금 제가 하긴 했습니다), 결제된 후 한 번도 사용한 적이 없으므로, 환불 진행해 주실 것을 요청 드립니다. 감사합니다.	23
23	안녕하세요. 자동으로 결제된 최근 결제내역 환불 요청드립니다.	23
23	안녕하세요. 현재 티빙과 웨이브 묶음 상품을 이용하다가 티빙에서 디즈니까지 볼수있는 패키지를 구매하려고 하니 웨이브에서 구독해서 이용권 변경이 불가한 상태여서 해지하고 다른 상품으로 구매하고자 합니다. \n오늘 결제가 되어버린 것 같아 부분 환불이라도 좋으니 환불 가능할까요?	23
23	안녕하세요.\n\nWavve 연간 이용권 사용중이나 다른 OTT 통합 상품 가입을 위해\n기존 연간 이용권을 해지 및 환불 요청드립니다.\n\n감사합니다.	23
23	안녕하세요.\n11/7일에 웨이브 프리미엄 연간권을 결제한 후(139,000원)\n이틀 간(11/7~11/8) 서비스를 이용했는데 이용권을 해지하고 싶습니다.\n찾아보니 이용한 일수만큼 차감하고 환불이 가능한 것 같은데 맞을까요? \n또 차감액은 얼마나 되는지 알고 싶습니다.	23
23	안녕하세요.\n웨이브 정기결제 건 관련하여 환불을 요청드립니다.\n\n어제(10월 16일) 자동결제가 되었는데, 결제 이후 콘텐츠를 이용하지 않았으며\n오늘(10월 17일) 바로 해지 처리를 완료했습니다.\n결제 직후 이용 내역이 없는 상태이므로 환불 가능 여부 확인 부탁드립니다.\n\n감사합니다.^^	23
23	안녕하세요.\n이용권변경으로 기존결제금액을 코인으로 활불받았는데\n코인을 금액으로 환불받을수 있는 방법 알려주시면 감사하겠습니다.	23
23	안녕하세요.\n이전에 문의드린 이용권 변경과 관련하여 환불 진행 부탁드립니다.\n감사합니다.	23
23	안녕하세요。 새로  출시된 ３ｐａｃｋ으로 요금제 변경하려고 하는데 티빙과 디즈니에서만 가능하다고 해서 문의남깁니다。 웨이브에서 티빙 더블요금제를 결제해서 사용하고 있는데 여기서 바로 쓰리팩 요금제로 변경 안되나요¿ 변경안되면 이번달껀 그냥 써야하나요¿ 아니면 사용하고 있는 요금제 부분 환불 가능할까요¿	23
23	안녕하세요?\n\n오늘 더블 광고형 스탠다드로 요금제 변경했고 차이 금액을 환불받고 싶습니다. \n\n어떻게 해야 하는지요?	23
23	안녕하세요~ 자동결제 환불 요청드려요.\n\n자동결제 해지 일자를 놓쳐서 1/24까지 사용 가능한 이용권이 오늘 오전에 결제 되었구요. \n현재 시청 기록 없이 해지한 상태이니 환불 요청드립니다.	23
23	안녕하세요\n\n이용권 변경을 하려고 남은 기간 부분 환불 원합니다	23
23	안녕하세요\n\n현재 이용권을 환불받고, 티빙도 같이 볼 수 있는 요금제로 변경하고 싶어요 (더블 스탠다드)\n\n티빙은 따로 계정이 관리되는 건가요?\n티빙에서 쓰던 기존 계정을 그대로 사용할 수 있게되나요?	23
23	안녕하세요\n2026-03-15에 만료예정인\n12개월 구독권 해지 후 이용권 변경하려고 합니다\n부분환불 가능 여부와 처리방법 안내 부탁드립니다	23
23	안녕하세요\n2026-3-15 만료예정인 12개월 구독권\n해지 후 구독권 변경하려고 합니다\n부분환불 가능 여부와 처리방법 안내 부탁드립니다	23
23	안녕하세요\n답변감사합니다.\n환불금액 확인했습니다.\n입금 부탁드립니다 감사합니다.	23
23	안녕하세요\n베이직 장기이용권_12개월을 구매했습니다.\n2025년 10월 11일부터 구입해서 2026년 10월 11일까지 90,000원 결제했습니다.\n오늘자로 해지 하면 반환금액이 얼마인가요?\n\n감사합니다.	23
23	안녕하세요\n새로 나온 디즈니+티빙+웨이브 번들로 변경하고 싶은데요\n기존 이용권 환불후에 재결제 가능할까요?\n다른 방법이 있으면 알려주세요	23
23	안녕하세요\n이용권 구독한지 몇시간 안됐는데\n영화 개별구매인지 모르고 결제해서 환불받고 싶어요.\n부분환불이라도 바로 부탁드립니다.	23
23	안보고 해지했으니 환불 부탁드립니다ㅠㅜ	23
23	알려주신 환불금액 확인했습니다.\n빠른 해지 환불 처리부탁드립니다	23
23	어제 결제 된 자동결제 관련 환불해주시면 감사하겠습니다.	23
23	어제 결제했는데 환불되는지 문의드려요	23
23	어제 날짜인 12월 3일에 결제 되었는데\n환불 요청 드립니다.	23
23	어제 요청했는데. 아직 미처리네요.\n환불처리부탁합니다.\n시청 한적도 없습니다.	23
23	어제 자동결제 났는데 환불 신청합니다	23
23	어제 티빙하고 결합 상품을 결제하고 거의 바로 취소했습니다 환불 부탁드립니다	23
23	어제 해지를 했는데 정상적으로 되었는지요?\n그러면 어제부로 해지가 되어 비용은 일수로 계산이되는지\n확인 부탁드리겠습니다	23
23	어제 환불신청 했는데 취소해주세요.\n계속 이용하겠습니다.	23
23	연간 결제권 환불요청합니다	23
23	연간 이용권 구매한 지 20여일 지났는데 이용 빈도가 낮고 타사 OTT와 중복이 많이 되고 실제로 이용을 거의 안하고 있어 중도 해지 요청합니다.	23
23	연간 이용권을 이용 중인데 이용권 변경을 할 예정이여서 남은 기간에 대한 금액을 환불 해주세요	23
23	연간구독 중인데 중도에 해지하면 남은 기간에 대해 환급이 되나요?	23
23	연간구독으로 2026년 2월 27일까지 인데 중도 해지하면 환급금은 어떻게 될까요?	23
23	연간권 으로 결제 했는데 보는 프로그램이 없어져 환불 부탁 드립니다.	23
23	연간내년2월\n오늘해지요	23
23	연간이용권 결재하려다 잘못 결재함  환불요청	23
23	연간이용권 사용중인데 가격이 부담되어 이용권변경을 하려고 합니다.\n정기결제가 되고있었네요.. 해지신청 했는데 환불 확인 부탁드립니다.	23
23	연간이용권 사용중인데 다른 이용권으로 변경하고싶어 중도해지 하고싶습니다.	23
23	연간이용권 환불 부탁드려요	23
23	연결제를 신청했는데 요금제 변경을 하고싶어요 부분환불 금액 기준이 어떻게 될까요	23
23	영상 시청 빈도가 낮아져서 환불을 부탁드리고 싶습니다ㅠㅠ	23
23	영상을 볼수없어서 환불해요	23
23	영화 구매 환불 요청 부탁드립니다	23
23	영화도 시청 가능하리라 생각하고 결제했는데 아니어서\n자동결제 해지가 아니라 이번 달 구매부분부터 환불받고 싶습니다.\n처리 부탁드립니다.	23
23	"영화를 보려고 ""더블 광고형 스탠다드"" 구매했는데 개별구매라고 떠서 광고형이라 그런가 보다 하고 ""더블 스탠다드""로 업그레이드 구매 했는데 역시 못 보네요. 영화 볼때마다 따로 구매해야 하면 왜 구독료를... \n그리고 환불코인은 또 뭔가요.. 원래 결제 했던 카드로 전부 취소 처리를 해주세요!"	23
23	예능 애니 드라마 영화할 것 없이 폰으로만 시청하는데 서비스지연이라며 볼 수 있는 프로그램이 별로 없는데 연회원 취소가능하냐?그리고 환불은 어떻게 처리되는지도...	23
23	오늘 12개월 결제된 건 환불 부탁드립니다.	23
23	오늘 1년 구독권 카드 결제되었는데 환불 요청합니다	23
23	오늘 2025년 12월 29일\n요금제 자동결제되었습니다.\n더블 요금제나 프리미엄등을 고려중이라 우선 환불해주세요.	23
23	오늘 결제 되었는데 이용하지 않았습니다. 환불 부탁드립니다.	23
23	오늘 결제 한 이용권 바로 환불요청	23
23	오늘 결제됐는데 해지했는데 환불이 안되고 자동결제해지만 됐네요. \n환불 요청드립니다.	23
23	오늘 결제된 거 환불받고 싶어요	23
23	오늘 결제된 이용권 환불 부탁드랴요<	23
23	오늘 결제됬습니다\n더이상 사용을 안해서 환불 부탁드려요	23
23	오늘 결제하고 한번도 시청하지 않았습니다. 환불 희망합니다.	23
23	오늘 요금제 변경으로 11시경 19500원을 결제하였습니다.\n그렇다면 10시 22분 경 핸드폰으로 10900원은 취소되어야 하는 것이 아닌지요?\n그 사이에 제 계정으로 OTT 사용 이력이 있어서 부분 환불 된 것인지 알고 싶습니다.\n저는 VOD를 구매하지 않아 포인트로 적립한다고 해도 쓸모가 없습니다.	23
23	오늘 요금제가 갱신되는 날이라 자동결제가 되었는데 이용권을 변경하려고 했던터라 요금제 환불을 원합니다.	23
23	오늘 자동 결제가 됬는데 환불 되나요..? 이용권 변경 및 개인적인 사유로 이용을 안하려고 하는데 환불 되나요? 이용해지는 했습니다 신용카드 취소 부탁 드립니다..	23
23	오늘 자동결제 되었는데 환불해주세요	23
23	오늘 자동결제 됬는데 취소부탁드립니다.\n제가 자동결제는 따로 해지하겠습니다.	19
23	오늘 자동결제됐는데 환불하고싶어요	23
23	오늘 자동결제되었는데,\n시청기록없고\n환불부탁드립니다.\n자동결제도 취소할게요	23
23	오늘 자동결제된거 환불받고 싶습니다. 12월 25일부터 이용 안했어요	23
23	오늘 자동결제된거 환불해주세요	23
23	오늘 정기결제된 상품 해제 및 환불요청드립니다	23
23	오늘 정기이용권 자동결제되었는데 같이 이용하던 사람들이 이제 안쓴다네요. 환불해주세요~	23
23	오늘 티빙 웨이브 결합 상품을 결제 했는데, 유퀴즈가 없네요. 결제한 한달 이용권 환불 부탁드립니다 \n그리고 코인 5520 원도 같이 환불해주세요	23
23	오늘(11.9.일)까지 이용하고 중지할 예정이었는데 벌써 다음달 요금이 결제가 되었네요. 환불 요청합니다.	23
23	오늘(12, 30일) 이용권을 변경하였습니다\n이용권을 변경하며 지급받은 코인을\n환불받고 싶습니다	23
23	오늘까지만 구독하고 요금제 남은 기간 일할계산 해서 환불 부탁드립니다	23
23	오늘바로 해지하고 환불 요청 드립니다.	23
23	오늘아침 자동결제된 1년 구독 79000원이용권 환불요청합니다	23
23	오늘자로 9,500 결제된 부분에 대한 환불 요청 드립니다. 11월 2일까지 이용 가능하다고 문자 받았는데 환불후 바로 서비스 이용 종료 원합니다.	23
23	올해 티빙 더블 스탠다드로 변경하려고 했는데 이미 자동결제가 되어 환불 신청합니다.\n\n이용권 변경을 통해 진행하면 환불 코인이 124,690 코인으로 표시되는데요. 새로 결제 된 이용권의 사용일이 오늘로 나와있긴 하지만, 전년도에 결제 한 이용권의 사용기간이 오늘(20일) 23:59까지 남아있기 때문에 전액 환불 되어야 할 것 같아요.	23
23	요금제 변견 환불 요청합니다	23
23	요금제 변경 위해 환불 신청합니다.	23
23	요금제 변경 하려고 하는데 이용권 환불 가능한가요	23
23	"요금제 변경에 대해 문의 드립니다.\n\n""스탠다드 장기이용권_12개월""을 ""광고형 스탠다드""로 변경 하고 싶습니다.\n\n이런 경우에는 이용권 변경이 있던데, 기존에 있는 이용권은 어떻게 되는지 몰라서\n\n진행하기 전에 질문 합니다.\n\n기존 이용권에 대한 취소를 하고, 광고형 스탠다드로 이용권을 새로 구입해야 하나요?\n\n기존 이용권에 대한 환불금은 얼마 이며 어떻게 환불 받는지 알고 싶습니다."	23
23	요금제 변경에 따른 차액 코인의 환불을 요청합니다.	52
23	요금제 변경요망으로 환불후 재가입	23
23	요금제 변경으로 쌓인 포인트를 모두 환불 받고 싶습니다.\n방법을 알려주세요.	23
23	요금제 변경으로 코인으로 충전된걸 환불하고싶어요	23
23	요금제 변경으로 코인을 받았는데 코인환불받고 싶어요	23
23	요금제 변경으로 환급된 코인은 어떻게 환불받나요?	23
23	요금제 변경을 위해 (25.10.11기준)환불금 문의 드리니 확인 부탁드립니다.	23
23	요금제 변경을 위해 현재 이용권 부분환불을 요청합니다.	52
23	요금제 변경을 위해 환불 문의	23
23	요금제 변경하면서 기존 이용권 잔여가 코인으로 들어왔는데\n\n이거 환불 받고 싶습니다.	23
23	요금제 변경했습니다.. 남은 금액이 코인으로 들어 온다고 하던데 환불바랍니다~	23
23	요금제를 변경하면서 포인트를 환불받을수있다라고 하는데, 환불 받을 포인트가 얼마 정도일까요?	23
23	요금제를 변경한 후 남은 기간 동안의 잔액요금 3800원이 코인으로 변경되었는데 \n이것을 제 계좌를 통해 환불받고 싶습니다.	23
23	요금제변경 환불금애구어디서 받나요?	23
23	원래 이용 잘 안해서 해지하려고 했는데 까먹고있다가 12월28일에 자동결제되는거보고 생각나서 해지했습니다 근데 1월 이용금액이 결제가 되어버려서 환블해주세요ㅠ	23
23	원하는 영화가 개별구매가 필요하여 환불을 희망합니다	23
23	원하는 컨텐츠가 없습니다 환불해주세요	23
23	원하던 콘텐츠가 종료된 줄 모르고 결제해서 아직 시청한 게 없습니다. 환불 요청드립니다.	23
23	월 중에는 이용권 변경이 안되는건가요?\n환불 후 새 이용권 구독이라도 하고싶습니다.	23
23	월간 결제를 완료했으나\n본 아이디는 더이상 사용계획이 없어  다른아이디로 다시 결제했습니다\n띠라서 본 아이디의 월간결제금액은 환불요청합니다	23
23	웨이브 + 티빙 구독 결제했는데 티빙은 봐지는데 웨이브가 시청이 안되네요 환불해주세요	23
23	웨이브 TV이용불가로 환불 후 이용권 변경하려고 합니다.	23
23	웨이브 광고형 구매한것 환불하고싶어요	23
23	웨이브 구독 서비스를 이용하면 영화를 볼 수 있는 줄 알고 결제를 했습니다. 그러나 보려던 영화는 개별 결제가 필요했기에 구독해지 환불을 요청합니다.	23
23	웨이브 사용을 안하는데 구독 해놓은것을 확인 하지 못하여 10월 8일에 정기 구독권 자동 결제가 되어 환불요청합니다.	23
23	웨이브 이용권 결제됐는데 환불하고 싶어요.	23
23	웨이브 이용권 구독을 취소하려고 했는데 취소하기 전에 구독 중이던 이용권이 갱신되었어요 방금 결제돼서 사용하지 않은 상태인데 환불 받을 수 있을까요?	23
23	웨이브 이용권 남은 기간 환불 요청드립니다	23
23	웨이브 이용권 환불 및 해지하고 싶어요	23
23	웨이브 이용이 불가능해서 이용권이 다되었나 싶어 결제를 진행했는데 이미 9월에 결제가 되어있었습니다\n앱 오류인건지 중복으로 결제를 해버려서 11월 결제권을 환불요청드립니다	23
23	웨이브 코인을 환불할 수 없는건가요? 전부 회수하고 싶습니다.	23
23	웨이브 티빙 더블 광고 스텐다드로 변경하고 싶은데 해지하고 싶습니다 5개월 정도 남은거 같은데 요청 부탁드립니다	23
23	웨이브 티빙 번들 요금제 자동결제(카드)로 이용하였는데\n이번에 나온 디즈니 티빙 웨이브 번들로 변경하려고하는데\n이번달 16일로 결제가 완료된 상황이라서요\n혹시 요금제 부분환불 가능할까요?	23
23	웨이브 티빙 이용권 결제로 당일 이전 결제건인 오리지널 요금제에 대한 환불 접수 요청 드립니다.	23
23	웨이브 해지 신청함과 동시에 \n이번 15일에 결제된 건에 대해서 아직 이번달 이용하지 않았음으로\n환불 요청 드립니다.	23
23	웨이브+티빙 결합상품으로 이용권 변경을 원해서 부분환불을 원합니다	23
23	웨이브×티빙 더블이용권으로 변경하려고 하는데\n남은기간 환불 가능 할까요?	23
23	웨이브가 만료된 후 12월2일 티빙X웨이브 더블로 결제했는데, 기존 티빙이 연간결제가 되어있어서 연동이안됩니다. 티빙으로 들어가 이용권변경을 한 후 웨이브 재등록 예정이라 이중결제를 방지하기위해 환불을 요청합니다.	23
23	웨이브결제를 9월28일에 기본 7900원 결제후 프리미엄으로 업그레이드하면서 15000원 재결제를 했는데 7900원 환불이 안되어서요. 확인부탁드려요	23
23	웨이브랑 더블 이용권구매했어요. 해당 아이디로 일반 이용권 구매한거 환불해주세요. 구독 취소하니 11 월꺼지 볼수있다는데 해당 아이디로 보고싶지않아요. \n이용권 취소는 바로 신청했는데 환불 받고싶습니다. 더블이용권이 또 있는지몰랐어요, 시제이원 아이디로 연결이안되서 다른아이디로 더블이용권 따로 구매했릅니다. 이계정로 구매한 이용권은 환불해주세요, 중복되요	23
23	웨이브를 사용하지 않아서 삭제하려고 하는데 이용권은 환불받고 싶어서요	23
23	웨이브를 잘 사용하고 있지 않아 12/25 까지 이용 가능하나 아마도 그 사이 이용하지 않을 것 같아서요\n\n혹시 남은 2개월 정도 환불 받을 수 있을까요?	23
23	웨이브를 한동안 사용하지 않았는데 오늘 스탠다드 이용권이 갑자기 결제가 되었습니다 사용일절 안하였으니 환불요청 부탁드립니다	23
23	웨이브에서 시청을 원했던 컨텐츠 무료기간이 완료되어 개별구매를 해야하는지 몰랐던 상태에서 결제를 하였습니다. 이용권 구매 후 시청한 기록이 없으므로 전액 환불 요청드립니다.	23
23	웨이브티빙광고형더블스탠다드 이용권 환불 요청합니다.	23
23	윗등급 이용권구매이유로\n환불진행좀 해주세요	23
23	은하수를 여행하는 히치하이커들을 위한 안내서 라는 영화를 영구소장으로 구매하였는데, 화질이 1080 보다도 더 떨어지네요. 환불해주세요. 초반 4분 정도 봤습니다.	23
23	이번 달부터 이용권을 변경하려고 했는데 자동결제 해지를 안 해서 결제가 되었습니다. 환불 처리 부탁드립니다.	23
23	이번달 결제후 이용내역은 없는데요 혹시 금액 환불 가능 할까요?	23
23	이번달 결제후에 시청하지않았습니다 환불해주세요	23
23	이번달 요금이 결제된 상태에서 아직 서비스 이용은 하지 않았는데 환불 후 해지 가능할까요?\n감사합니다.	23
23	이번에 웨이브 따로 티빙 따로 결제를 진행하다가 통합 요금으로 변경했고, 그로인해 웨이브의 코인이 생겼어요\n\n1. 코인 환불좀 부탁드려요\n\n2. 티빙이 아직 연간회원권이 되어있어서 안된다고 하길래 티빙 정기권 환불 고객센터에 요청해놨어요, 두계정 연결좀 부탁드릴게요(티빙 아이디: skyon3710(CJ ONE) \n\n\n감사드려요	23
23	이번에 출시된 ( 티빙+디즈니플러스+웨이브 )요금제로 바꿀까하는데,  그럼 지금 이용중인 1년 정기권은 남은 일수만큼 부분 환불 가능한지요?	23
23	이번에 티빙 3pack으로 추가 가입했습니다.\n전에 가입되어있던 이용권 환불 관련으로 문의드립니다.	23
23	이번에 티빙에서 더블이용권 구매했어요~ \n웨이브 이용권은 해지, 환불 처리 부탁드려요.	23
23	이용권 79,000원 결제된 것(23년 10월 26일) 환불요청합니다.	23
23	이용권 결제 를 잘못 해서(웨이브 1년 이용권을 구독 했어야 하는데 웨이브X티빙 1달짜리 이용권으로 잘못 결제함)\n\n즉시 다시 이용권 변경으로 해서 1년짜리로 또 이용권을 구매 했습니다.\n\n기존 1달짜리 돈이 출금 되고, 바로 1년짜리 돈이 또 출금 됐는데\n\n1달짜리 이용권 금액은 언제 환불되나요?	23
23	이용권 결제했는데 다른 이용권쓰고 싶어서 해지하고 환불받고 싶습니다	23
23	이용권 결제했는데, 제가 보고싶은건 다 개별구매라 환불부탁드립니다	23
23	이용권 결제후 사용하지 않았습니다. 환불해주세요	23
23	이용권 구매 후 시청내역 없는데 환불 부탁드려요	23
23	이용권 구입 변경을해서 적립으로 넘어간 코인 환불요청	23
23	이용권 기한 내에 취소하지 않아서 결제가 되었는데 환불 부탁드립니다.	23
23	이용권 남은 기간에 대한 환불을 받고 싶습니다.	23
23	이용권 바꾸라해서 바꿀려고하니까  이묭권 해지가 안된다고???? 더블요금제  연결할려는데 \n사용기간까지 사용하라니 요즘세상에 말도 안되는 소리 하고 계시네요\n빠른 해지 환불 바랍니다\n삼담사 연락주세요	23
23	이용권 바꿧는데 코인으로만 들어가고 환불이 안되네여 환불 해주새요	23
23	이용권 변경 등의 사유로 환불늘 요청합니다.	23
23	이용권 변경 안된다 탈퇴로 문의 넣으라해서 남깁니다.\n\n보안코드 APT9866\n\n첫 문의남긴 시점 기준으로 환불 바랍니다.	23
23	이용권 변경 예정으로 인해 지금 사용하고 있는 연간이용권 중 일부를 환불 받고자 합니다. 얼마나 받을 수 있는지 알려주시면 감사드리겠습니다.	23
23	이용권 변경 환불	23
23	이용권 변경 환불 문의	23
23	이용권 변경 환불 바랍니다	23
23	이용권 변경 후 기존에 사용했던 이전 이용권은 부분 환불이 되나요? 제가 따로 신청을 해야하나요?	23
23	이용권 변경 후 받은 코인들을 환불 처리하고 싶어요	23
23	이용권 변경 후 지급된 코인과 함께 잔여 코인 500원도 함께 \n전부 환불 가능 할까요?	23
23	이용권 변경 후 코인으로 금액이 전환됐는데 환불받고 싶습니다	23
23	이용권 변경! 으로 환불조치 부탁드려요	23
23	이용권 변경(스탠다드 → 더블 스탠다드)으로 인해 발생한 코인 1,970개\n\n환불 신청합니다.	23
23	이용권 변경에 대한 차액 환불을 신청합니다	23
23	이용권 변경에 따른 부분환불	23
23	이용권 변경에 따른 코인 전액 환불	23
23	이용권 변경에 따른 환불 금액 계좌이체 요청드립니다	23
23	이용권 변경에 따른 환불 신청입니다.	23
23	이용권 변경에 따른 환불에 필요한 내용을 기재합니다	23
23	이용권 변경에 의한 기존 이용권 결제 금액 환불 계좌등록\n\n*  문의 카테고리 라고 하셔서 어디있는지 찾기 힘들었습니다. 안내 시  1:1 문의 > 질문구분  해지/취소/환불접수 선택후 하단에 환불받을 본인계좌입력이라고  안내해주셨으면 찾기 쉬웠을것 같네요	23
23	이용권 변경예정이라 환불 신청합니다.	23
23	이용권 변경위한 환불 신청합니다	23
23	이용권 변경으로 4000원 정도의 코인이 생겼는데\n쓸일이 없어서 환불받고 싶어요	23
23	이용권 변경으로 기존쓰던거 해지 환불신청합니다.	23
23	이용권 변경으로 보유 캐시 환불 해주세요	23
23	이용권 변경으로 보유한 코인 전액 환불하고싶습니다	23
23	이용권 변경으로 부분환불 원합니다	23
23	이용권 변경으로 생긴 환불 방법 문의드립니다.	23
23	이용권 변경으로 인하여 기존 이용권에 대한 환불이 왜 카드로 안되는건가요? \n포인트필요없는데 카드 취소로 진행해주셨으면합니다.\n이렇게 십원단위로 환불되면 다 쓸수도 없지 않나요?	23
23	이용권 변경으로 인한 나머지 금액이 통장에 왜 안 들어 오나 했는데 제가 코인으로 한다는 내용에 동의를 한 모양입니다. 사실 코인 보유도 어제 확인했습니다.\n자세히 확인 못한 점 죄송합니다. 환불 신청합니다.	23
23	이용권 변경으로 인한 차액 계좌 환불신청	23
23	이용권 변경으로 인한 충전코인 지급 환불	23
23	이용권 변경으로 인한 코인 받은거 전액 환불요첨합니다	23
23	이용권 변경으로 인한 해지금액 환불	23
23	이용권 변경으로 인한 현재이용권 부분환불이 가능한지 문의드립니다!	23
23	이용권 변경으로 인한 환불	23
23	이용권 변경으로 인한 환불 동의합니다\n보안코드 abc456	23
23	이용권 변경으로 인한 환불.\nSBS가 빠지게 되면서 이용권 변경.	23
23	이용권 변경으로 인한 환불신청합니다	23
23	이용권 변경으로 인해 계정 내 7,420코인 부분 환불	23
23	이용권 변경으로 인해 약 900개 코인을 받았습니다. 코인이 아닌 돈으로 환불 가능한지 여쭙고자 문의 남깁니다.	23
23	이용권 변경으로 인해 이번달 웨이브 결제금액 환불 원합니다.	23
23	이용권 변경으로 인해 차액 환불금이 코인으로 적립되었는데 코인은 환불이 안 되나요?	23
23	이용권 변경으로 인해 코인환불원합니다	23
23	이용권 변경으로 인해 환불금 계좌입금해주세요~	23
23	이용권 변경으로 인해 환불받은 코인의 환불을 요청드립니다.	23
23	이용권 변경으로 인해서 환불을 요청합니다	23
23	이용권 변경으로 적립금 환불 해주세요\n어떻게 해야하는지 답변바랍니다	23
23	이용권 변경으로 차액 환불 언제쯤 되나요 문의올려도 접수만 되어있어서요 ~~	23
23	이용권 변경으로 코인을 지급 받았는데 환불 받고 싶습니다.	23
23	이용권 변경으로 코인환불 신청합니다(2건)	23
23	이용권 변경으로 해지 환불 신청합니다	23
23	이용권 변경으로 현재 이용중인 이용권 해지하면 환불 내용이랑 금액이 얼마인지 문의드려요	23
23	이용권 변경으로 환불	23
23	이용권 변경으로 환불 받은 캐쉬 6400원 계좌로 입금 받고 싶다고 어제 문의 했었는데요, 답변 확인하고 환불 계좌 정보 남깁니다	23
23	이용권 변경으로 환불 신청	23
23	이용권 변경으로 환불 신청 합니다.	23
23	이용권 변경으로 환불 신청을 한지 며칠이 지났는데 아직 처리가 되지 않았습니다. 부분 환불은 일 단위로 계산되는 걸로 알고있는데 처리되는데 시간이 너무 많이 걸리네요.\n오늘 (10월 11일) 다른 이용권으로 결제하니 환불 처리 부탁합니다.	23
23	이용권 변경으로 환불 신청합니다	23
23	이용권 변경으로 환불된 부분\n입금 요청합니다	23
23	이용권 변경으로인한 환불	23
23	이용권 변경을 원해서 기존에있던 이용권 환불 받고싶습니다.	23
23	이용권 변경을 위한 중도 해지 부탁 드립니다	23
23	이용권 변경을 위한 해지 및 환불이 필요합니다.\n그리고 위키드 나이트쇼를 보려면 광고형 스탠다드가 최소 요금이 맞나요?	23
23	이용권 변경을 위한 환불	23
23	이용권 변경을 위해 구독 취소했고 환불 원합니다.\n방금 결제돼서 구독 취소는 했는데 환불 버튼이 없어서 문의 남깁니다.	23
23	이용권 변경을 위해 구독취소하고 환불받고싶어요	23
23	이용권 변경을 위해 기존 이용권 환불이 필요합니다.	23
23	이용권 변경을 위해 기존 이용권을 해지 후 새로 구매했는데요\n기존 이용권은 남은 개월수를 계산해서 코인으로 들어오는거 같은데\n환불 진행부탁드립니다!	23
23	이용권 변경을 위해 부분 환불 신청합니다.	23
23	이용권 변경을 위해 이용권 해지를 미리 신청해야했는데\n신청을 하지못하고 어제날짜로 결제가되었습니다ㅠㅠ\n환불 가능한지 여쭤보고싶습니다	23
23	이용권 변경을 위해 중도 해지 요청합니다.	23
23	이용권 변경을 위해 환불 문의 드립니다.	23
23	이용권 변경을 위해 환불 원합니다	23
23	이용권 변경을 위해 환불 처리 부탁드립니다 11.26~12.26.	23
23	이용권 변경을 위해 환불을 부탁드립니다	23
23	이용권 변경을 위해 환불을 요청합니다	23
23	이용권 변경을 위해 환불이나 부분환불처리 부탁드립니다	23
23	이용권 변경을 위해서 즉시해지 요청합니다	23
23	이용권 변경을 하려고 환불을 요청합니다	52
23	이용권 변경을하려고합니다. 오늘결제된 부분 해지및 환불 원합니다	23
23	이용권 변경하고 싶어요~ 빠른 환불처리 부탁드립니다	23
23	이용권 변경하고싶습니다. 1년이용권 거의 끝나가는데, 환불 불가능하면 그냥 해지라도 해주세요	23
23	이용권 변경하려고 합니다. 부분 환불 신청합니다.	23
23	이용권 변경하려고 합니다.\n중도해지 및 자동결제 해지 요청드립니다.	23
23	이용권 변경하려는데 어제 결제되었던거 환불 해주세요.	23
23	이용권 변경하면서 차액 코인으로 받았는데요 환불받고싶어요	23
23	이용권 변경하였습니다 남은돈 환불 가능할까요?	23
23	이용권 변경해서 기준에 있던 이용권 남은 금액이 코인으로 들어왔는데 그거를 통장으로 환불 원합니다	23
23	이용권 변경해서 남은 금액은 환불 받고 싶어요	23
23	이용권 부분해지 부탁드립니다	23
23	이용권 사용 안했는데 환불원합니다.  정기결제 해제두요	23
23	이용권 스탠다드로 바꿀려구요\n환불접수합니다	23
23	이용권 업그레이드로 코인으로 6100원 환불받았는데 이거 출금해주세요 어떻게하는지모르겠네요	23
23	이용권 재구매으로 인한 중도해지	23
23	이용권 중복 결재로 코인받아서 코인 환불하려고요	23
23	이용권 해지 신청에 따른 잔여 환급 요청	23
23	이용권 해지 환불 요청	23
23	이용권 해지 환불요청	23
23	이용권 환불 요청 드립니다	23
23	이용권 환불금액 확인후 환불요청드립니다	23
23	이용권 환불하고 다른 것으로 다시 결제 원해요	23
23	이용권 환불하고 싶습니다.	23
23	이용권 환불하고 싶어요.	23
23	이용권 환불하구 싶어요	23
23	이용권변경 해서 코인환불받고싶어요	52
23	이용권변경 해지환불	23
23	이용권변경 환불	23
23	이용권변경 후 환불 문의했는데\n환불금액 안내받아 동의한다는 재문의 올립니다	23
23	이용권변경에 따른 잔액환불	23
23	이용권변경에 따른 코인환불좀 부탁드려요.	23
23	이용권변경에 따른 환불	23
23	이용권변경위해  해지시  환불되나요	23
23	이용권변경으로 부분 환불 신청합니다	23
23	이용권변경으로 이용권 남은기간 환불신청합니다	23
23	이용권변경으로 이전 이용권 환불	23
23	이용권변경으로 인한 부분환불	23
23	이용권변경으로 인한 즉시 환불 신청	23
23	이용권변경으로 인해 환불신청합니다	23
23	이용권변경으로인한 환불신청	23
23	이용권변경을 위해 해지 환불진행을 요청드립니다	23
23	이용권변경을위해 환불진행하고자합니다\n남은 개월수만큼 금액을돌려받을수있나요?	23
23	이용권변경하기했는데 그전이용권은 비용은 어떻게 되는건가요??환불이 안되고 두개결제가 되서서요	23
23	이용권변경하려고 문의드렸는데\n우선 환불이 필요란 상황이라고 하여 요청 드립니다	23
23	이용권변경하면 환불이 가능한지 궁금합니다	23
23	이용권변경하여 코인은 환불신청합니다.	23
23	이용권변경할건데 환불이요	23
23	이용권변경해서 남은기간 환불 원합니다	23
23	이용권변경후 들어온코인환불받고싶어요	23
23	이용권을 변경하고 싶어 환불하고 싶어요	23
23	이용권을 변경하고 싶은데  연간 이용권 결제가 되버려서 지금 이용권해지하고 나머지 환불받고싶어요	23
23	이용권을 변경하고 싶은데 현재 1년권 26년 7월까지 결제 되어 있습니다. 혹시 나머지 환불 한 다음 변경이 가능할까요?	23
23	이용권을 변경하기 위해서 중도해지 및 남은 일자만큼 환불 원합니다.\n고객센터를 통해 신청하면 처리 되나요?	23
23	이용권을 변경하려고 하는데 기존 이용권을 환불하고 싶어요.	23
23	이용권을 변경하려고 합니다 부분환불이 어떻게 되나요?	23
23	이용권을 변경하려고합니다 현재 환불 한다면 환불 금액이 얼마인지 알려주세요	23
23	이용권을 변경하면서 기존에 결제되었던 상품을 해지하니 코인으로 잔액이 들어와서 환불 문의 드립니다.	23
23	이용권을 변경하면서 차액이 코인으로 들어왔는데 환불받고 싶습니다.	23
23	이용권을 변경하여 사용하려고 했는데 결제후 5분도 안돼서 1,110원을 제외하고 환불도 아니고 코인으로 준다는 사실에 다시는 웨이브를 결제하지 않겠습니다 고객에게 너무 비합리적입니다. 이용하지 않았으니 꼭 전액환불 해주시기 바랍니다.	23
23	이용권을 변경하여 지금 하고 있는 프리미엄 이용권을 부분환불 받고 싶습니다 .	23
23	이용권을 변경하였는데 \n이전 이용하던 이용권 잔액?이 무슨 포인트로 들어와서 환불받으라고 설명이 있었던 것 같아서요	23
23	이용권을 변경하였는데 이용권 변경으로 인한 금액을 코인으로 받아 이를 환불 받고 싶습니다.	23
23	이용권을 변경하였더니 코인으로 적립된다고 하여 환불요청합니다	23
23	이용권을 변경할려구 하는데 코인으로 된다고 해서 그냥 금액으로 환불받고 싶습니다.	23
23	이용권을 사용하지 않아 환불하려고 합니다. 감사합니다.	23
23	이용권을 업그레이드하면서 기존 이용권 해지 부분 환불 코인이 발생했는데 다음 정기 결제 시에 사용하거나 아니면 계좌이체를 받고 싶습니다	23
23	이용권을 잘못 결제하여 환불 원합니다.	23
23	이용권을 잘못 결제해서 다시 결제를 했어요\n더블 이용권을 했어야 하는데 웨이브만 결제를 해서 두번이나 다시 변경 결제를 했습니다\n차액을 코인으로 받아서 환불 하려고 합니다\n예전에도 이용권 변경으로 받았던 코인이 있는데 쓸일이 없더라구요\n그래서 코인 109,130원 전액 다 환불 받으려고 합니다\n이용권 변경 결제할때 안내보니 고객센터에 문의해서 환불 받으라고 하더라구요\n빠른 일처리 부탁합니다	23
23	이용권을 추가로 개별 구매해야 하는 것이 있는지 모르고 결제 진행햇는데 사용 안 한 상태입니다. 환불 부탁드립니다.	23
23	이용권을 해지했는데 사용하지 않아 환불요청합니다	23
23	이용권을이용안하는데 환불가능할까요?	23
23	이용권이 마음개로 결제가 되었네요 자동해지를 하였고 쓴 적도 없으니 신속하고 빠른 환불 부탁드려요~!	23
23	이용권이 자동 결제되어 환불하려고 합니다.	23
23	이용권해지 및 환불 부탁드립니다.	23
23	이용권해지 후 3팩이용권 활성화 예정	23
23	이용권환불및 구매영상 환분	23
23	이용권환불신청합니다	23
23	이용기간에 따른 부분환불 진행해주세요	23
23	이용빈도가 낮아 추가결제는 하지 않으려했는데. 오늘 자동결제가 되었네요. 해지 및 환불 바랍니다.	23
23	이용하루 남았는데 자동결제 되어서 환불 요청합니다	23
23	이용해재 합니다.\n이용권변경으로 현재 이용권 해지 합니다.\n환불여부도 같이 문의 드립니다.	23
23	이용해지하려고 하는데 10월초에 한번 이용한거 빼고는 이용한적이 없고 방금 자동결제로 7천원 결제됐는데 취소해주시고 이용해지도 부탁드려요	23
23	이전 문의글 통해 tv 버전이 맞지 않는 경우 광고형은 시청제한이 있을 수 있다고 답변 받았습니다. 이에 환불 요청드립니다.	23
23	이전에 구독 이용권 변경 문의 답변 받았는데 애플로 결제 했다고 애플 환불 방법 알려주셨는데 구글플레이스토어 통해서 결제 했어서 다시 문의 드립니다.	23
23	이중결제로 이용권 두 개 돼서 어제 환불 요청했습니다.\n환불이 될 때까지 이용을 못 하고 있는 상태라(시청해서 환불이 안 될까봐)빠른 처리 부탁드리고 싶습니다.	23
23	이중으로 구글에서 결재 되었습니다 \n환불요청합니다	23
23	일년치 정기결제 된 거 환불 부탁드립니다:)	23
23	잊고 있다가 방금 결제가 되었는데 환불 가능할까요?	23
23	자동 결제 때문에 자동으로 결제가 되었어요..	23
23	자동 결제가 되었는데 햐지 및 환불 부탁합니다	23
23	자동갱신되어 자동 결제된 2건에 대하여 환불요청 합니다.	23
23	자동결재건 환불요청	23
23	자동결제 7일 이내이고 사용 이력없어 환불을 요청드립니다	23
23	자동결제 신청 안했는데 사전 알림도 없이 자동으로 됐네요. 환불요망	23
23	자동결제 이후 미사용하였습니다. \n해지환불 부탁드립니다.	23
23	자동결제 해지  했는데 환불이 안되서 신청합니다.	23
23	자동결제 해지 및 환불요청합니다.	23
23	자동결제 해지 신청을 25일 오늘 금액이 나긴 후 결제 해지 했는데 환불 되나요?	23
23	"자동결제 해지 했습니다\n환불처리부탁드립니다\n\n디즈니플러스로 이용권변경하면서 바로 서비스 멈추는것 아니었나요? \n통합했다면서 얼마되지도 않는 금액에서 사용료 제하고 수수료 제하고 미사용하라는데 어이없는 말씀만 하시네요\n그리고 답글 확인이 늦으시는데 빠른처리부탁드립니다\n빠른처리를 해주셔야 금액 변동이 없는것아닙니까?\n답글 늦게 보시고 답글 주시면 계속 금액이 다른겠네요 \n그럼 저는 계속 ""입금동의를 위한 재문의""만 하다가  한달 다 지나고 환불금액도 못받을 것 같은데요"	23
23	자동결제 해지가 됐는지 확인해주시고 환불도 원합니다.	23
23	자동결제 해지가 안된줄 몰랐어요 환불 부탁드립니다	23
23	자동결제 해지를 못해서 환불 요청드려요!! 감사합니다	23
23	자동결제 해지를 잊었습니다.\n이번달 결제 환불 부탁드립니다.	23
23	자동결제 해지를 해놓지 않아서 결제가 되었습니다. 사용하지 않았으니 환불 부탁드립니다.	23
23	자동결제기간을 확인하지못했는데 결제가 됐네요 \n기간완료되면 이용권을 변경하려고했는데요 ㅜ\n한달치만 결제한걸로 변경하고 환불처리 가능할까요?\n아니면 이용권변경으로 차액결제나 … 그런방법이 가능한가요?	23
23	자동결제되서 구독됬습니다\n환불 저번에도 문의 드렸는데\n언제 환불되나요…?	23
23	자동결제되어 부분환불문의합니다	23
23	자동결제되어 환불 부탁드립니다	23
23	자동결제된 이용권 환불해주세요. 사용한적없습니다.	23
23	자동결제로 돈이 빠져나라 환불 요청 드립니다.	23
23	자동결제로 원치않게 결제 됨	23
23	자동결제를 잊어버리고 있다가 결제가 진행되어서 환불 요청 드립니다.	23
23	자동결제를 해지하지 않아 12개월 이용권이 자동결제되었습니다. 77000원 환불 부탁드립니다.	23
23	자동연장 해지하고 진행중인 이용권 중도해지 원합니다. 남은기간에대한 환불 해주세요	23
23	자동으로 결재가 되는것을 취소 하였습니다. 더이상 웨이브를 시청하지 않을거 같아서 최근에 결재가 된건 환불가능할까요?	23
23	자동해지 신청을 까먹고 \n27일에 결제가 되었더라구요..\n결제 후 사용 안했는데..  환불가능할까요?	23
23	작년 12월에 연간 이용권 구독했었는데 구독하자마자 뉴스에 프로모션과 관련해서 기사가 떴길래 이와 관련해서 혜택 받을 수 있는지 확인차 고객센터에 연락했지만 일주일동안 전화도 안받고 콜백도 없어서 연간 이용권 해지하고 환불요청드립니다.	23
23	작년에 일년치 결제한게 자동으로 연장되는지 모르고있었습니다\n제가 자주보는 컨테츠 삭제되서 더이상 이용 할 이유가 없습니다\n환불 해주세요	23
23	잘 사용하지않아 해지하려 합니다. 남은 일수만큼 환불부탁드립니다.	23
23	잘못눌렀는데 반지의제왕 반지원정대 환불 요청드립니다.	23
23	장기이용권 환불문의드립니다.\n3pack 이용권변경시 남은 내역은환불되나요?	23
23	저번 달부터 결제했고 내역 확인해보니 12/6에 한 번 더 갱신된 것 같더라구요. \n\n왠만해선 유지하려고 했는데, 미드 굿닥터 보려니까 뭔 추가결제 하라고 그러고. 그 외 몇몇 영화들도 지금 이용권에선 이용할 수 없다는 문구만 자꾸 떠서 환불하고 싶습니다. 도대체 웨이브 기본 이용권으로는 뭘 보라는거죠? 기본 이용권으로 못보는 영화나 드라마가 있다면 애초에 뜨게 하질 말던가요ㅋㅋ 희망고문인지 뭔지.\n\n환불 부탁드립니다.	23
23	저번에도 문의 했는데 답이 안와서요. 저 부분 환불 해주세요	23
23	저의 변경 환불금액 확인 부탁드리며, \n이용권 변경을 위한 이용권 해지 부탁드립니다.	23
23	정기결제 해제 신청했어요\n이용권 변경하려고 합니다.\n25일까지인데 나머지 금액 환불 받고 중도 해지 부탁드립니다.	23
23	정기결제로 1년 결제되어 있는 부분 미사용 금액 부분환불 요청합니다.	23
23	정기결제로 인한 해지 환불	23
23	정기결제를 해지하고 이번달 남은기간 환불 받고싶어요 어떻게 해야하나요?	23
23	정기구독 해지 후 더블이용권 하려고합니다.\n기존 구글에서 정기결제 해지하였으니 이용금액만큼 환불해주세요. 가능하나요?	23
23	정보 확인했습니다 해지 하고 환불해주세요	23
23	제 기기에서는 끊겨서 못 보겠습니다.\n5분도 안 봤으니 환불 부탁드릴게요.	23
23	제가 결제한 내역 모두 해지 취소 하고 싶습니다.\n그리고 코인도 환불 받고 싶습니다.\n빨리 처리 부탁 드립니다.\n여기 이용건이 있어서 티빙에서 연결 신청하니 이용건 때문에 연결이 되지 않고\n웨이브도 사용을 못하고 있습니다.\n처리 부탁드립니다.	23
23	제가 다른 계정에서 이용권을 구매해야하는데 실수로 이계정으로 결제해버려서 환불하고 다른 계정에서 결제하려고 하는데 그러면 appstore첫결제시 7000원 할인 프로모션 적용이 안되는지 궁금합니다ㅜㅜ 이계정으로 구매하고 시청은 하나도 안했습니다	23
23	제가 보고싶은 애니가 있는줄 알고 결제했는데 없었어요 환불 부탁드려요	23
23	제가 보유하고 있는 코인 환불 부탁드립니다	23
23	제가 소유하고 있는 계정에 웨이브 이용권이 없는데 제 체크카드에서 웨이브로 10,900원이 출금 되었습니다. 출금된 이유가 뭔지 궁금해서 문의 남깁니다.	23
23	제가 아이디를 다른걸로 만들어서 티빙+웨이브 이용권 사용중이라, 현재 이 계정에 등록된 이용권 부분환불 가능할까요	23
23	제가 웨이브 티빙 디즈니 전부따로구독중인데 결합결제가티빙에있어서문의합니다	23
23	제가 이용권을 바꾸면서 환불된 금액이 코인데 30,440원 정도 있습니다.\n이것을 환불받고 싶습니다.	23
23	제가 이용권을 업그레이드 하면서 사용하던 이용권 환불이 됐습니다\n코인으로 들어온 돈을 계좌이체 하고싶습니다.	23
23	제가 헨드폰로 크롬(chrome)에 들어가서 웨이브 들어가서 로그인 한 후 웨이브,티빙 더블 이용권 결제 했는데, 결제 한 후 한번도 사용 안 했습니다. \n결제한 7000원 환불 가능할까요??  가능하다면 최대한 빠르게 환불 부탁드립니다.\n최대한 빠른 답변 부탁드립니다.	23
23	제가 환불금액을 조금 덜 받아도 되니 환불 가능할까요?	23
23	주토피아 시청하려했으나 별도 구매가 필요한 관계로 환불요청드립니다.	23
23	주토피아1 영화 패키지 구매했습니다.\n아직 시청하지 않았는데 환불 받을 수 있을까요? \n된다면 환불 받고 싶습니다.	23
23	중간해지 문의합니다	23
23	중도 해지 가능할까요?	23
23	중도 해지 문의드립니다.	23
23	중도 해지 요청합니다	23
23	중도 해지 요청핶는데 해 주세요	23
23	중도 해지 하려고합니다.\n\n디즈니 포함된 요금으로 중도해지 하려고하니 진행 바랍니다.	23
23	중도 해지 해주세요.	23
23	중도 해지 후 3 PACK 으로 변경했는데 이중 지불이 된 것 같습니다.	23
23	중도 해지에 따른 환불 요청드립니다.	23
23	중도해지 문의\n(티빙/웨이브 혼합 요금권 결제 희망)	23
23	중도해지 및 환불 요청 드립니다.	23
23	중도해지 부탁드립니다	23
23	중도해지 요청드리며, 결과에 대해서는 문자로 알려주시기 바랍니다.	23
23	중도해지 원하여 문의 답변에대한 회신드립니다\n(죄송하지만 회신내역을 미처 확인하지못해 해지신청 문의 후 추가사용을 하였습니다..)	23
23	중도해지 처리 및 이용권 가입	23
23	중도해지 하고 싶어요	23
23	중도해지 해주세요\n앞에 문의해고 재문의해달라고해서 문의남깁니다.	23
23	중도해지 후 환부 요청드립니다	23
23	중도해지건으로 다시 문의합니다. 해지해주세요	23
23	중도해지및 환불요청합니다	23
23	중도해지요청드립니다	23
23	중도해지하고 싶습니다	23
23	중도해지후 티빙과 결합된 상품이용하려함	23
23	중도환불 요청합니다	23
23	중복 결제건으로 해지 요청합니다	23
23	중복 구매 코인 환불 요청	23
23	중복으로인한환불요청입니다	23
23	즉시 해지 해주세요	23
23	즉시 해지 환불해주세요	23
23	즉시 환불 처리해주세요.	23
23	지금 1년권 끊은거 환불요청	23
23	지금 사용하고 있는 모든 이용권을 해지해주세요. 해지하고, 환부처리 부탁드립니다.	18
23	지금 사용하고 있는 이용권의 자동결제를 해지하고 티빙의 3 PACK 이용권으로 변경할 예정인데요, 이미 이번달에 정기결제가 빠져나간 상황인데 지금 새로운 이용권으로 변경하면 이미 결제한 차액은 어떻게 되는지 알고싶습니다. 환불이 불가해 결제일 기준 한달동안 이용 가능한 상황이라면 끝나는 날짜에 맞춰 이용권을 변경할 생각이고, 차액 환불이 가능하다면 바로 변경할 생각이라서 답변 부탁드립니다.	23
23	지금 요금제로 원하는. 콘텐츠 시청불가\n요금제 변경하기위해 환불신청	23
23	지금 웨이브+티빙 더블스펙 이용중인데요\n\n웨이브+티빙+디즈니 \n이렇게 세가지 묶어서 이용권 변경하려고 환불신청합니다\n\n그리고 궁굼한게 있는데요\n\n11월 10일에 결제를 하면\n12월 10일에 다시 결제되야 맞는거 같은데\n \n12월 7일에 결제가 되어서\n내년 1월 7일까지 보게되있던데\n이건 왜그런건가요?	23
23	지금 이용중인 이용권 중도 해지 하고 싶습니다.	23
23	지금사용하는 이용권 환불요청드립니다	23
23	지난 달에 자동결제 해지하는것을 까먹었습니다. 이번 달 이용권 환불 부탁드립니다	23
23	지난 번 문의 드린 후 답변을 받았습니다. 답변 때 알려주신 금액과 변동이 있더라도 상관없으니 해지 및 환불 부탁드립니다. 감사합니다.	23
23	지난번 아이로봇을 구매했을때도 서비스가 지연된다고 안열려서 필요할 때 볼 수가 없었는데 이번에도 열리지 않습니다. 환불 요청합니다.	23
23	지난번에도 문의드렸었는데\n티빙 웨이브 스탠다드 더블로 이용권 변경 구독중입니다. \n\n그런데 웨이브가 계속 15,000원씩 정기결제가 되고있어서요. 오늘도 결제 된 건 이 있는데 환불조치 및 빠르기 연락 좀 요청드립니다	23
23	징기결제 이용권변경에 따른 환불을 요청합니다.	23
23	최근 결제된 거 환불 부탁드립니다	23
23	추가로 이전에 이용권 변경시 환불이 아닌 코인으로 들어왔는데 그부분도 환불 가능한\n부분인지 문의 드립니다. 가능한 내용이라면 함께 환불을 원합니다.	23
23	충전된 코인을 환불 받으려고 합니다.	23
23	충전코인 지급\n충전2025-09-22 10:04\n만료2030-09-22 10:04\n잔여74,830\n결제수단-\n지급 사유이용권 변경으로 인한 부분환불	23
23	취소 신청합니다. 금액 환불 해주세요.	23
23	카드 취소 안되요? 다른 아이디로 가입 변경하고자 합니다. 환불 해주세요	23
23	카카오톡으로 가입해서 구글 티비로 볼려고 했는데 로그인 하면 서비스 이용도 안 되고 구매권도 없다고 뜹니다 이용 자체가 안 됩니다 한편도 안 봤습니다 환불 부탁드리겠습니다	23
23	캐쉬만 환불부탁드려요!	23
23	컨텐츠 이용은 하나도 안했어요\n타빙이용권이 있는 상태에서 웨이브에서 구독했더니 계정연결이 안됩니다.\n환불후 티빙에서 이용권 변경해서 더블이용권 등록하려고요	23
23	컨텐츠를 미 시청한 상태에서 환불을 요청드립니다.	23
23	코인 잔액 환불 요청드립니다.	23
23	코인을환불받을수있나요	23
23	코인환불 합니다 더이상안해여	23
23	쿵푸팬더를 보기 위해 결제했는데, 개별 구매를 해야하는지 몰랐습니다. \n\n구독의 이유가 없어서 해지 및 환불 부탁드립니다.	23
23	크롬케스트 이용하려했는데 \n이용권 잘못선택 했습니다. 해지 후 이용권 재선택하려합니다.\n환불요청합니다.	23
23	키스는괜히해서 보려고 결제 했는데 없네요ㅠ \n\n제가 이용권을 두 번 결제해서 첫번째 것은 코인으로 넘어갔어요.\n\n모두 환불 부탁드립니다.	23
23	타사 OTT 결합상품을 이용하고자 합니다.\n\n26년 1월 13일까지 결제된 내역 부분 취소, 환불 될 수 있게 부탁드립니다.\n\n아울러, 타사 OTT 결합상품 이용을 위해 기존 웨이브 이용권 변경이 가능하도록 빠른 설정 부탁드립니다.	23
23	타임머신 기능을 이용하기 위해 다른 이용권을 결제하려 합니다. 부분 환불 요청 드립니다	23
23	타플랫폼 이용권으로 사용할 예정으로 중도해지 부탁드립니다.	23
23	토스뱅크 윤전진으로 자동결제된거 전부 해지해주세요 폰 바꾸면서 계정을 잊어버린거 같은데 내일 자동이체된다고 연락이왔네요	23
23	통신사에서 결합할인된 상품으로 이용권을 바꾸고자 합니다.\n기존이용권 해지를 눌렀는데 왜 등록이 안될까요?\n기존이용권 부분환불도 문의드립니다.	23
23	티브이 연결된다해서 구매한건데 티브이 연결이 안되네요	23
23	티비로도 시청하고싶어 이용권변경을위해 환불을 원합니다	23
23	티비용으로 결제를 변경하려합니다	23
23	티빙 결합 요금제 구독을 위해 기존 1년치 결재한 요금 중 일부 부분 환불 요청드리오니 처리 부탁드립니다	23
23	티빙 더블 이용권 구독으로 인한 연간이용권해지 및 환불 신청\n티빙 이용권 : crom1995	23
23	티빙 더블이용권 결제로 이용권 중복 겹침.. 환불요청	23
23	티빙 더블이용권 구매했습니다 기존프리미엄은 환불하겠습니다	23
23	티빙 더블이용권 변경으로 남은 코인은 환불 받으려합니다	23
23	티빙 더블프리미엄 요금제로 변경하여 현재 1년 정기권 중도해지 요청드립니다.	23
23	티빙 더플 프리미엄으로 요금제 변경하여 환불 및 현재 요금제 변경 원합니다.	23
23	티빙 웨이브 결합상품 연간이용권은 없나요??\n\n결합상품으로 바꾸려는데 해지 후 남은 금액 돌려받고싶은데 얼마정도나오나요???	23
23	티빙 웨이브 더블 이용권 구매로 인한 기존이용권 환불요청	23
23	티빙 웨이브 더블 이용권으로 변경 예정으로 중도해지 요청합니다.	18
23	티빙 웨이브 더블이용권 구입하고 싶은데\n기간이 남아서 안되네요\n더블이용권 구입 할 수 있도록 환불이나 이용권 변경 해주세요	23
23	티빙 웨이브 패키지 구매로 인해 환불 부탁드려요	23
23	티빙 통합요금제로 변경하는 과정에서 코인이 많이 발생되어서 환불 요청합니다.	23
23	티빙 합쳐진걸로 다시결제해가지고 들어온 \n코인 7천 얼마 들어온것 전액 \n환불 받으려구요	23
23	티빙, 웨이브 결합상품 으로 이용권변경 원하여 \n자동결제된 금액 환불 원함	23
23	티빙, 웨이브 더블이용권을 이용했는데 티빙, 웨이브, 디즈니 3팩 이용권으로 변경하려고 합니다! 이용권 변경하려고 하면 자꾸 오류가 나서 일부 금액을 환불 받고 싶습니다!!	23
23	티빙x웨이브 더블 이용권(더블 광고형 스탠다드) \n\n10.26. 가입한 상태로\n\n웨이브 베이직 장기이용권 12개월\n\n은 중복 결제되므로 해지 후 횐불 요청합니다.	23
23	티빙x웨이브 더블이용권을 구매하여 웨이브 잔여기간 환불 요청드립니다.\n(티빙 ID : smallwj)\n\n감사합니다.	23
23	티빙과 결합하기 위해 환불요청 드립니다	23
23	티빙과 결합하려고 앞에 문의 드렸고. 환불가능비용 확인했고 해지 및 환불 부탁드립니다.	23
23	티빙과 더블 이용권 변경으로,\n10월 4일에 결제된 웨이브 구독권 취소 및 환불하고 싶습니다.	23
23	티빙과 더블 혜택으로 보려던 콘텐츠가 티빙에서 종료되어서 요금제를 변경하고자 환불 요청 드립니다	23
23	티빙과 더블이용권 사용중인데 웨이브이용권으로 변경하려고합니다. 해지한 이용권 부분환불요청드립니다	23
23	티빙과 웨이브 더블 이용권 사용하다가 디즈니플러스 결합된 이용권으로 바꾸려고 디즈니플러스 홈페이지에서 3pack 이용권을 구매하려고 기존 이용권을 구독해지했는데 환불 부탁드릴께요ㅠㅠ	23
23	티빙과 웨이브 연동 요금제 사용을 하려 했는데 티빙이 이용기간이 많이 남아 티빙에서 요금제 변경을 하고 웨이브 계정을 연동하는 것이 더 효율적인 것 같아 환불 받고 싶습니다.	23
23	티빙에서 결제한 더블이용권 연결을 위해 연간 이용권 중도 해지 요청 합니다.	23
23	티빙에서 더블 베이직 환불처리를 안해줍니다.\n더블 스탠다드로 11월30일 이용권 변경을 했습니다.처리 부탁드립니다.	23
23	티빙에서 더블 이용권을 구매했습니다 오늘자로 해지 및 환불해주세요.	23
23	티빙에서 더블이용권 구매해서 웨이브 계정 연결하려고 하니까\n기존 이용권이 있어서 연결이 안 됩니다.\n지금 이용 중인 이용권 해지, 환불 부탁드립니다.	23
23	티빙에서 더블이용권을 구매한 상태이며,\n현재 이용중인 웨이브이용권은 정기결제 해지했습니다.\n마지막사용일 기준으로 환불 요청드립니다.	23
23	티빙에서 진행하는 디즈니, 티빙, 웨이브 3팩 이용권을 가입하고 싶은데 12월 15일까지 해지할 수 없어서 이용권을 구매할 수 없다고하네요 즉시 해지하고 싶습니다	23
23	티빙에서 티빙 웨이브 디즈니까지 묶어서 이용할 수 있는 이용권이 있다고 하여 이용권을 변경하고자 합니다\n현재 다 따로 이용하고 있어서 한번에 이용하고 싶어 부분환불 진행 후 통합 이용권으로 진행하려고 합니다\n부분환불 가능하면 도움 주시면 감사하겠습니다??	23
23	티빙에서 티빙+웨이브 더블이용권을 구매했는데,\n웨이브 1년치 결제해놓은거때문에 계정연결이 되지않습니다. 지금 사용하고있는 이용권해지 하고\n나머지 금액은 환불받고 더블이용권으로 계정 연결하고싶습니다. 가능할까요?	23
23	티빙웨이브 연계상품을 이용하다 중간에 해지함   10월18일 마지막시청  10원24일 현대카드로 이용결재가 이뤄졌음.   환불요청	23
23	티빙웨이브 함께 있는 이용권 사용하기 위해서 현재 사용하는 웨이브이용권 중도해지 부탁드립니다	18
23	티빙이랑웨이브결합상품ㅈ인데\n더싸네요..바로취소및환불부탁드립니다\n010.9907.3287.\n환불방법,금액 연락주세요	23
23	티빙팩으로 디즈니 웨이브결제해서 웨이브 연동하려하니 사용중인 이용권이 있어 계정연결이  안된다네요. 취소, 해지, 환불 요청드립니다	23
23	푹 이용권 종료된다는 문자를 받아서 웨이브 이용권으로 전환하려고 합니다. 중도해지처리해주세요!!	23
23	프로그램 1회  라이브 사용 하였고 부분환불 해주세요.	23
23	해당 ott를 사용하지 않아 이번달 비용 환불요청드립니다	23
23	해리포터 보려고 결제를 했는데 개별 구매라 개별 구매로 시청했어요 이용권은 환불 부탁드립니다.	23
23	해리포터 보려고 구독했는데 정보가 부족했습니다. 사전 고지가 미흡한 부분이 있었는데 혹시 환불해주실 수 있나요?	23
23	해리포터 보려고 구매 했는대\n또 개별구매라니 .,  ㅜ 환불 해주세요	23
23	해외 출국중 연간 회원권이 지동 연장 결재되어 중도해지 요청 합니다.	23
23	해외에 잠시 체류 중 개별구매를 할 수 있어 시청이 가능한 줄 알았는데 구매한 이후 시청을 하려하니 해외라 시청이 불가능 하다고 뜨네요.\n애초에 해외에 있어 시청이 불가능 하다고 구매가 안 되었다면 문제가 발생하지 않았는데 구매는 가능하게 해놓고 시청은 불가하다고 하는 건 그냥 돈을 버리라는 것과 같다고 생각합니다. 환불 부탁드립니다.	23
23	해지 기간을 놓쳐 자동결제 되었습니다. 이번달부터 이용 계획이 없어 이번달 이용 결제건은 환불하고 싶습니다. 부탁드립니다	23
23	해지 및 환불 요청	23
23	해지 및 환불 요청합니다	23
23	해지 및 환불 후 이용권을 변경하려고 하는데 처리 부탁드립니다!!!!	23
23	해지 신청을 했더니 12월 25일까지 이용가능하다는 답변을 받았습니다\n중도 해지는 안되는 건가요?	23
23	해지 환불 요청 합니다.	23
23	해지를 하고 다른 요금제로 바꾸었는데 \n해지 환급금이 안들어 오네요	23
23	해지를 하지 못하여 결제가 되었습니다.\n환불 부탁드립니다.	23
23	해지하고다시가입후 환급금이입금안됐어요\n확인해주세요	23
23	해지하고싶습니다. 중도 해지를 부탁드립니다.	23
23	해지하는거 깜박해서 결재됐는데 구독취소하고 환불받고싶어요	23
23	해지하려고 했는데 결제가 됐어요., 한번도 안봤으니 환불부탁드립니다.	23
23	해지하려고했는데 자동결제됐어요 환불해주세요	23
23	해지하려했는데 자동결제가 되었어요...\n7월이후 사용 없으며 일단 자동결제 해지는 했습니다.\n환불정책에 따라 환불 요청드립니다.\n결제 전 미리 알려주시면 좋겠어요ㅠ	23
23	해지하면 쓴날짜까지 계산해서 바로 해지는 안되는건가요?	23
23	해지한 구독권 환불 요청드립니다	23
23	해지해야한다는걸 까먹고 안해서 결제가 되어버렸습니다. 환불하고싶어서 문의 드립니다.	23
23	현금으로 인출 되고 해지결정으로 환불요청한 건입니다.\n다시 구독 결정으로 인해 카드로 정기 결제가 되었습니다.\n통장으로 빠진 현금은 환불해 주세요.	23
23	현재 1년치 구독권을 구매해서 웨이브를 이용중인 회원입니다(2025/6월~2026/6월)\n그런데 다른 ott 3개를 한번에 구독 가능한 서비스를 찾아서 현재 사용중인 구독권을 부분환불 후 새로 번들 구독권을 구매하려는데 부분환불이 가능할까요?	23
23	현재 1년치 이용권 구독 중인데 3pack으로 이용권 변경 하고 싶은데 변경 하게되면 남은 잔액은 어떻게 환불 처리 되는건가요?	23
23	현재 결제 되어있는 이용권 환불해주세요\n감사합니다.	23
23	현재 구독중인 요금제 중도해지 신청합니다.	23
23	현재 베이직 구독중이고 구독비 연납 했습니다. 그런데  스텐다드로 업그레이드 하려고 하니 구독취소 후 가능한것 같은데. 남은 구독비는 환불 되나요?	23
23	현재 사용중인 이용권 바로 해지 및  환불 부탁드립니다	23
23	현재 요금제에서 상위요금제로 업그레이드를 위해\n부분환불이 필요합니다	23
23	현재 이용권 환불요청드립니다	23
23	현재 이용중인 구독 서비스를 부분 환불 받고싶습니다	23
23	현재 장기 이용권 사용중인데 이용권 변경하려고합니다. 남은 일자 환불 문의드립니다.	23
23	현재 티빙 계정 연결이 되지 않아 재결제가 필요해서 환불 요청합니다	23
23	현재 티빙 더블베이직을 사용중입니다. 그런데 스태다드 장기이용권이 12월 5일에 결제가 되었어요.	23
23	현재까지 기준으로 부분환불 확인해주세요	23
23	현재이용권 환불 및 해지 신청 부탁드립니다~(이용권변경)	23
23	호빗을 보려고 끊었는데 또 구매해야해서 그냥 취소하려구요 환불 하려면 어떻게 하죠	23
23	화려한 날들 1회를 잘못 구매하였는데요. 실수로 눌러 1-2초 정도 시청이 되었습니다. 이 경우에도 환불 가능할까요?가능하다면 환불 받고 싶습니다.	23
23	화질 개선을 위해 상위 이용권 업그레이드 하고싶은데 부분 환불받고 해지 가능하나요 아니면 업그레이드 가능한 방법 있을까요?	23
23	확인\n환불진행 해주세요	23
23	환불  금액  확인했습니다	23
23	환불 가능할까요 이용권을 변경하고 싶어서요	23
23	환불 관련 이메일 잘 받았습니다.\n환불 금액 인지했고 해당 계좌로 환불 받겠습니다.\n감사합니다	23
23	환불 및 부분 환불 요청드립니다.\n감사합니다.	23
23	환불 받고 싶어요 이용도 안했고 정기결제가 되는지 몰렀습니다	23
23	환불 뿐만 아니라 원래 흡혈귀 전설 살인사건 보려고 구매한건데 개별 구매 불가 기기 라는게 안드로이드로만 시청 가능한건가요? 아이폰과 패드로는 절대 안되나요?	23
23	환불 신청드립니다.\n이용권 변경예정입니다.	23
23	환불 완료 되면 이용권 변경을 하고 싶어서 문의 드립니다.	23
23	환불 요금제변경	23
23	환불 요청 하단이용	23
23	환불 요청드립니다. 이 절차 때문에 또 하루가 지나네요. 혹시 사용 이력이 있어환불 금액이 변경됐더라도 괜찮으니 환불 처리 뷰탁드립니다	23
23	환불 요청드립니다. 이번달 결제 이후 본 적 없습니다. 그동안 잘 이용했습니다!	23
23	환불 요청합니다. 자동결제도 해지해 주세요	23
23	환불 이용권 변경	23
23	환불 조치 빨리 해주시면 좋겠습니다.	23
23	환불 하고 다른걸로 업그레이드 할려구여!!	23
23	환불 후 (이용권변경) 재결제	23
23	환불 후 이용권 변경하려합니다	23
23	환불금액 확인하였습니다. 환불 진행 부탁드려요~	23
23	환불금이 왜 코인으로들어오나요?\n그리고 전체금액도아니고 왜 전체취소가안되나요?\n바로결제하자마자 바꾼건데요?	23
23	환불로 문의하고 취소 됐다고 답변 받았는데 환불한 금액이 아직 들어오지 않았습니다 보통 2일 소요라고해도 바로 들어오는 것 같은데 여긴 원래 좀 걸리는건가요?	23
23	환불받고자 합니다.	23
23	환불신청합니다.\n부분환불액이 얼마인지도 궁금합니다.	23
23	환불액수 확인했습니다. 이용권 해지 부탁드립니다.	23
23	환불에 동의하여 환불 요청 드립니다.	23
23	환불요청 웨이브 티빙 디즈니 3팩으로 갈아탈예정	23
23	환불요청즉시 부탁합니다	23
23	환불을 요청합니다. 결제해지를 깜빡했어요.	23
23	환불이 안된것 같아요\n2일 봤다고 정산해서 준다고 한것 같은데\n빨리 답변해주세요	23
23	환불이요 이용권 취소를 깜빡하고 못했어요	23
23	환불접수 이용권변경	23
23	환불정보를 하단에 입력했습니다. 확인 부탁드립니다.	23
23	환불진행 부탁드립니다	23
23	환불처리 바로 해주세요.	23
23	환불하려고 하는데 가능할까요?가능하면 환불해주세요	23
23	환불해주세요 이용권 바꿀래요	23
23	환불해주시면 감사합니다	23
23	환불후 이용권 변경	23
24	애플 계정, 이용권 구매 복원 관련	24
24	이용권 복원 안 됨	24
24	애플 이용권 확인 안됨	24
24	① 이용권 명 : 스탠다드 ② 이용권 구매 일자 : 2026.1.23 ③ 이용권 구매 금액 : 5500월 ④ 구매내역 복원 시간 : 시간 / 분 / 초 까지 상세 기재 부탁드립니다.(정확해야 아이디 찾기가 가능합니다) 2.11일 10:55분경 1.23일에 네이버페이로 구매했고 구매내역도 존재합니다. 구매 당일 시청했었는데 시청기록도 날아가고 이용권도 날아갔네요. 구매내역 복원했는데도 복원할 구매 내역이 없다고 뜨네요. ai로 답변마시고 잘 알아보고 답변주세요.	24
24	아이폰 웨이브 앱에서 인앱 결제 후 이용권 구매하기로 표시되지만 누르면 ‘현재 구독 중’이라고 뜹니다. 모든 콘텐츠가 미리보기만 재생됩니다. 구매 복원, 재설치 모두 시도했습니다.	24
24	아이폰 이용권 구매 비활성화	24
24	아이폰에서 웨이브 베이직이용권 구매했는데 적용이안돼요 웨이브 앱에서 구매했고 12월 2일에 구매했는데 적용이안되길래 구매가안된건줄알고 넘어갔습니다 그런데 오늘 다시 웨이브를 이용하려고 결제를 하니 1월 2일에 갱신되는 이용권이 결제가 됐고 웨이브에서는 여전히 이용권이없다고뜹니다 앱내에서 재결제하려고하면 이미 구독중이라고 떠요 구매복원 이미 해봤습니다	24
24	결제했는데도 이용권 없다고 뜬다고 문의남겼었는데요 네이버페이로 6300원 11/16 08:56분에 결제했고 결제번호20251116NP5921956271, MLF1WJ43NF 입니다 구매복원을 해도 이용권이안뜨고 이용권을 다시 구매하려고 하면 이미 구매하여 12/16일 부터 이용가능하다고 뜹니	24
24	아이폰 이용권 구매 후 이용불가	24
24	결재:애플 아이튠즈 이용권 명:광고형 스탠다드 구매일자:11월7일 구매금액:6300원 구매내역 복원시간:오후9:38분 복원 시 나오는 문구:정상처리되었습니다	24
24	이용둰 결제 완료 되었는데 보이지 않아요. 구매내역 복원도 해보았는데 복원도 되지 않습니다. 어떻게 하면 되나요??	24
24	구매내역복원	24
24	아이폰 이용권 구매 후 이용권 없음 상태	24
24	구독권 없다고 나옴 5일째	13
24	애플 이용권 복원 요청	24
24	안녕하세요. Apple ID로 로그인하여 Wavve 이용권 결제를 완료했는데, 앱에서는 여전히 이용권 등록 화면만 표시되고 있습니다. 구매내역 복원 시도 시 ‘성공적으로 처리되었습니다’ 메시지는 뜨지만, 이용권 상태는 변하지 않았습니다. - 앱 버전: 7.2.01(2) - 로그인 방식: Apple 로그	24
24	구독 결제 됐으나 이용권 확인 불가	24
24	아이튠즈 결제 되고 있는 웨이브 계정 확인 요청	24
24	이용권 구매하기에서 이미 구독됬다고 나오는데 미리보기만 되며 이용권 구매하라고 나옴 이용권 복원하기도 해봤으나 안됨	24
24	이용권 결제 후 이용불가	24
24	이용권을 구매했는데도 모든게 미리보기로만 뜨네요 구매복원 그것도 해보고 로그아웃도 해봤는데 고쳐지지 않아요 오늘부터 한달동안 뽕뽑을랬는데 하루를 날려버렸네요…	24
24	아이폰에서 결제한 그전아이디에서 정기결제권 없어진거 맞나요 ? 뭐 어떻게 된건지 모르겟고 다시 결제 복원안되고 너무 복잡하고 결제 다시 정기결제하면 되는거죠 두배로나오면 어떻게하실건가요	24
24	확인해 보니 콘텐츠 이용료로도 3개월간 6,000원씩 결제가 되었구요, 콘텐츠 결제 날짜는 8월16일,9월15일,10월 15 일 입니다. 전화 통화가 될까요?	24
25	[긴급] SKT 부가서비스(웨이브 이용권) 환불 조치진행으로 인한 자료제출 요청	25
25	[우주패스] Wavve 콘텐츠팩 을 해지하고 싶습니다.	25
25	11월 4일 'T 우주패스'로 티빙과 결합 이용권 구매하면서 \n기존 이용권을 해지하였는데, \n신규 이용권이 목록에서 사라져 콘텐츠 이용이 불가한 상황입니다. \n확인 부탁드립니다.	25
25	12/6 자동 결제된 skt 광고형 스탠다드 환불 요청합니다	25
25	12월 5일 10시 39분에 지출된 연간 콘텐츠팩 이용권 구매 내역에 대한 환불 요청합니다\n추후 요금제 변경하여 구매예정입니다	25
25	3pack을 이용하고 있습니다만 skt 결제 1년치 77000원이 중복으로 결제되었습니다. 해지 및 환불 부탁드립니다.	25
25	8월이후 사용하지않은 요금에 대해 환불신청합니다통신사skt 연동으로 했습니드	25
25	Sk 우주패스 사용자 입니다. 티빙 웨이브 결합상품을 3개월전에 가입을 했구요  해지해주세요	25
25	Skt 결합상품으로 이용되던걸 요금제 취소하고 바꿨습니다.\n그런데 이전 아이디에 연결된거라 구독 취소는 안되고 결제가 되고 있습니다.\n해지 하고 싶습니다. 그리고 이 아이디(이전 아이디)에 로그인 할수가 없어요\n새로 만든 t월드 계정은 로그인하려면 새로 가입해야되는 것 처럼 뜨고 이건 이전에 사용하던 계정 (아마도 이 계정)은 새로 만든 아이디 정보로 뜨는거 같은데 계정탈퇴 및 해지 , 최근 결제 환불 까지 하고 싶습니다.	25
25	SKT 부가서비스 해지/환불  요청드립니다.	25
25	SKT 연동 부가서비스 미사용 확인 요청 및 환불 여부	25
25	SKT 요금제 부가상품 혜택을 Wavve 앤 데이터 프리미엄에서 다른 상품으로 변경함에 따라서 15,900원이 결제되었습니다.\n사용하지 않은 서비스에 대해 환불문의드립니다.	25
25	Skt쓸때 우주패스로 구매해놓은건데 지금 통신사를 바꿔서 해지가 안되는데 어떻게 해야되나요? 해지 부탁드립니다	25
25	skt에서 웨이브앤데이터 가입되어 있어 통신사요금에 매달 웨이브 이용금액을 포함하여 지급하고 있는데, 해지해주세요	25
25	SKT요금제 9월부터 변경하면서 웨이브 무료가 아니라 사용하지도 않았는데 계속 핸드폰 요금으로 결제가 됐네요 환불 부탁드립니다	25
25	skt요금제 사용으로 웨이브 무료이용중인데 오늘 요금제를 변경해서 웨이브 해지하려고하는데  중지예약변경만 떠서 예약중지 해놓은상태인데요.. \n1. 해지창이 따로 안뜨는데 어디서 해지가능한가요?\n2. 해지안할시 오늘부터 이용한요금이 청구되서 자동결제가 되나요?	25
25	skt이용권으로 바꾸려고 해지 취소 요청했는데 \n정기결제취소만 된것 같아서요 \n해당상품 해지 및 환불 금액 알려주세요	25
25	Sk우주패스로 이용권 이용중이였는데 통신사변경해서 해지하려고하는데 해지가안되서요.	25
25	sk웨이브앤 데이터로 결제된금액환불건입니\n척오없게 다시 전달합니다	25
25	T 우주를 통해서 웨이브+티빙 더블 스탠다드 신청하려고 해지 및 환불 요청합니	25
25	T멤버십 우주패스 이용권으로 재결제하려고 합니다.\n11월 5일자로 시작된 이용권 환불 부탁드립니다.\n감사합니다.	25
25	T멤버십으로 티빙+웨이브 더블 광고형 스탠다드 구매했는데 시청제한이 있는지 몰랐어요 ㅠ 구매하자마자 해지하고 싶어서 신청했는데 다음달까지 구독유지가 되더라구요 ㅠ 환불 받을수 없나요? 다른 요금제로 재구독 하고싶어요	25
25	t우주 결합으로 티빙이랑 결제를 했습니다 \n웨이브 평소 월구독하고있는 거 해지 해주세요 	25
25	T우주로 구독후 취소후 환불	25
25	t우주로 멤버쉽  이미 정기결제가 되서 12/4일에 해지된다고 합니다.\n그 전에 해지 해주세요.	25
25	T우주패스패키지 부분해지로 진행해주세요.	25
25	기존에 우주패스 가입했던거 해지신청 합니다.\n유튜브 프리미엄&웨이브 로 우주패스 가입했습니다.	25
25	다른 우주패스로 구입하여  기존 사용중인 구독서비를 변경 하고자, 연결 해지좀 부탁드려요. 연결 해야 하는뎅 연결이 기존 구독서비스에 날짜가 많이 남아서 ㅠㅠ 연결 할수가 없네요. 다른 구독서비스로 웨이브 연결 하고자 합니다. 그러니 지금 사용중인 구독 서비스를 해지 부탁드려요. 그래야 다른 웨이브 구독서비를 연결 합니다.	25
25	문의드린 내용에 현재 이용금액 7900원인데  skt 회원일 경우 무조건 변경이 아닌 해지를 해야 한단 말씀인가요? \n이렇게 답변 주셨네요 》》》\n(다만, SKT 제휴 이용권으로는 변경 진행이 어렵다보니\n기존 이용권은 일자별 환불 접수 후 SKT 통해 이용권 구매하여 등록해주셔야합니다.)\n\n그럼 재가입시 더블패키지를 이용할경우 굳이 skt를 이용할 필요 있나요? 금액이 더 저렴한가여? 그렇다면 저 답변에 이해가 되는데 그렇지 않다면 해지를 해야하고 재가입시  웨이브앱에서 하는게 편한거죠.\n명확한 답변 부탁 드립니다. 변경하려는데 너무 번거롭네요	25
25	부가서비스 이용권해지방법	18
25	부가서비스 해지	25
25	안녕하세요. \n오늘 저의 휴대폰 요금 내역을 보니 ‘wavve 앤 데이터’ 항목으로 9,900원이 결제되어 있는 것을 확인했습니다.\n아이폰 앱을 통해 해지와 환불을 진행하려 했으나 불가능하여 이렇게 1:1 문의로 남깁니다.\n해지와 함께 환불을 부탁드립니다.	25
25	안녕하세요. 오늘 (10/1) 기준으로 wavve 9,900원이 결제가 됐는데 현재 외국에 거주중이라 사용이 어려워 결제를 환불하고 싶습니다. 가능할까요?	25
25	안녕하세요.\nT Membership 우주패스로 결제정보를 변경하기 위해 환불을 요청합니다.\n감사합니다.	25
25	우주패스 구독을 취소하고싶습니다	25
25	우주패스 이용을 하지 않아서 해지하려합니다	25
25	우주패스 자동결제 해지 부탁드립니다.\n그동안 한번도 사용하지 않았는데 매달 결제되고 있어서 빠른 환불 부탁드립니다.	25
25	우주패스 해지요청합니다	25
25	웨이브 부가서비스를 받고 있는데 취소 할려고 합니다.	25
25	웨이브 앤 데이터 해지 요청	25
25	이미 사용중인 아이디와 T아이디 2종류로 되어 있는 것 같습니다.\n정기 결재 후 TV로 접속하니 다른 결재가 안되어 있더라고요\n전화번호와 이메일 주소는 같은데....\n2개의 아이디가 존재 하는 것 같아요\n해서 지금까지 시청 중인 기록이 다 사라져 버리다 보니 \n어쩔수 없이 \n11월21일 구매한 아이디는 환불하고\n이전에 시청중인 아이디로 다시 재 결재를 해야 할것 같습니다.\n아이디 통합 해 주세요	25
25	지금 우주패스 상품 구독해지 후 T우주 다른 상품으로 재신청 예정	25
25	우주패스 이용권해지 바랍니다.	25
25	SKT 웨이브 자동결제 중단 신청 합니다	25
25	웨이브 앤 데이터 TV에 로그인 불가로 해지 해주세요 	25
26	1. 마지막 결제일자 : 2025.10.13. 10:40:44\n\n2. 결제금액 : 7900\n\n3. 결제수단 : 네이버페이 [결제번호 : 173829545]\n\n4. 결제자 명 : 황현아\n\n최대한 빨리 결제 해지 부탁 드립니다	26
26	2025. 12. 25. 일자로 웨이브 회원가입 및 서비스 결제를 진행했습니다.\n사용이 가능하다고 알고 있던 콘텐츠가 없어서 곧바로 회원 탈퇴 및 결제 취소를 요청하려했습니다.\n확인해보니 아직 환불처리가 되지 않았고, 별도 문의가 필요하다는걸 알았습니다.\n아래처럼 2가지 처리 결과를 확인바랍니다.\n\n1. 네이버 정기결제 서비스를 등록했습니다. 정기결제를 취소해주세요.\n  - 비씨카드로 카드 간편절제 등록이 되어있습니다.\n2. 당일 가입 후 탈퇴 및 해지했습니다. 적절한 환불 처리를 바랍니다.	26
26	결제번호: 20251202NP6131367818\n등록번호: 20251202RE6131367797WjdMQz\n\n정기결제 해지하고 웨이브 탈퇴했는데, 네이버페이에 연동되어 있는 게 안 없어집니다.\n해지됐는지 확인해주시고, 만약 해지되어 있다면, 네이버페이 계좌와도 연결을 끊어주시면 감사하겠습니다.	26
26	네이버 정기결제에 등록되어 있는 계좌와 카드가 삭제가 안됩니다.\n네이버에서는 가맹점 고객센터로 문의하라고 되어 있네요.\n정기결제 연결되어 있는거 해지 부탁드립니다.	26
26	네이버 페이에 등록된 결제 수단을 삭제하려는데 \n\n웨이브 정기 결제 내역이 존재해서 삭제가 안됩니다\n\n예전에 잠시 결제했던 내역이 남아있어 그런것 같은데 정기 결제 해지 내역을 \n\n완벽하게 삭제 해주셨으면 좋겠습니다	26
26	네이버 페이에 등록된 카드가 웨이브 때문에 삭제가 되지 않습니다. 	26
26	네이버페이 내에서 결제카드 변경은 어떻게 해야할까요,,?\n해지하고 다시 이용권 구매하는 루트밖에 없을까요??	26
26	네이버페이로 정기결제 된 건입니다. 서비스 이용하지 않았습니다. 결제 당일 앱에서 구독 취소하였고. 환불 요청 드립니다.	26
26	네이버페이에 등록한 카드로 정기결제를 했는데요\n네이버페이에서 카드 삭제하려고 하니\n웨이브에서 정기결제 예약수단으로 등록되어있어 카드삭제가 안된다고 합니다.\n카드를 삭제하려면 결제수단을 다른카드로 하라고 하는데 \n어떻게 해야되나요?	26
26	네이버페이에서 카드를 삭제하려고 보니 \n웨이브에 정기결제 연동이 되어 있어 삭제가 불가한 상태인데\n아무리 메뉴를 찾아봐도 등록 된 카드 확인이 안됩니다. \n확인 부탁드립니다.	26
26	네이버페이측에서는 11월 결제건이 안 뜬다고 해결해 줄 수 없다고 하는데, 해지할 수 있는 다른 방법은 없나요?\n그럼 해지됐다는 문자는 어떤걸 해지했다고 한 건지요?\n다른 해결할 수 있는 방법을 제시해주세요.\n이미 탈퇴했는데 왜 아직도 정기결제에 연결되어 있는지도 의문인데, 며칠째 계속 문의만 하고 있는데요!	26
26	안녕하세요 네이버페이로 정기결제중인데 결제를 다른 카드로 변경하고 싶은데 해지 말고는 다른 바츤이 없어서요 어떻게 해야하나료?	26
26	제가 네이버연동이아닌 다른 아이디로 결제를 하고싶어서 결제뒤에 바로 해지신청을 했는데 자동 환불이 안됐어요,… 제발 환불시켜주세요 이미 다른아이디로 보고있ㅅ습니다 ㅠㅠ	26
26	정기결제 해지가 됐다는 문자는 받았는데, 네이버페이에 아직도 정기결제가 떠서요. wave등록일이 21. 3. 12 계좌간편결제로 연동되어 있고, 마지막 결제번호가 20210312NP2468988240 이 해지된 게 맞을까요? 아니면 네이버에서도 처리하는 시간이 좀 걸리는걸까요? 너무 귀찮게 해드려서 죄송해요!	26
26	안녕하세요.\n네이버페이에 있는 정기/예약 결제를 살펴보다가\nwavve 정기/결제 내역이 있는 걸 보고 삭제하려고 했는데 삭제가 되지 않아서 문의 드립니다.\n총 2건이고요. 각각 아래와 같습니다.\n\n등록일 :2024.10.30\n결제수단 :카드 간편결제\n결제수단 상세 :신한 **92\n\n등록일 :2019.09.27\n결제수단 :카드 간편결제\n결제수단 상세 :신한 **06\n\n\n현재 저는 제 명의로 된 신한카드가 없습니다.\n유효기간이 끝남 등의 문제로 다 해지한 상태인데,\n저 내역이 남아있는 게 이해가 가지 않아 네이버 측에 삭제를 부탁했더니\n네이버에서는 wavve에 문의하라는 답변만을 보내네요.\n혹시 wavve 측에서 확인 후 삭제 가능할까요?\n\n신한카드로 정기결제중인 wavve 이용권이 없는데 삭제가 되지 않는 것이 상식선에서 이해가 가지 않네요.\n답변해주시면 감사하겠습니다.\n	26
26	예전에 정기권 결제수단 등록했었는데 (네이버페이경로) 정기권 결제 더이상 하지않는데 계속 카드가 등록되어있어서 네이버페이에서 카드삭제가안됩니다.\n정기권결제 등록카드 해지해주세요\n지난번에도 문의남겼었는데\n해결해주셨다는데 여전히 등록되어 해지가안됩니다	26
26	이용권을 네이버페이 자동결제로 신청했다가 카드 재발급 받아서 자동결제가 안되서 카드 간편결제로 다시 이용권 구매했는데요. 네이버페이 전에 사용하던 카드 제거 하려고 보니까 wave에서 자동결제 걸려있어서 카드 제거가 안된다고 뜨더라구요. 확인해주세요,	26
26	웨이브 이용할 때 정기결제를 삼성카드로 했었는데 네이버페이에서 보니 아직도 웨이브 정기결제로 삼성카드가 등록되어있는 거로 나와 네이버페이 목록에서 삭제가 안되더라고요.\n저는 지금은 웨이브 탈퇴했는데 삼성카드 정기결제가 연결되어있는 거 같은데 연결 해지해주세요	26
26	회원탈퇴 했는데 기존에 네이버페이 결제 연결되어 있던게 아직도 연결되어서 네이버페이에서 카드 삭제가 안돼요 이미 해지한 카드라 지우고 싶은데...\n\n	26
26	네이버측에 문의해서 들은 답변은 wave측에서 먼저 정기결제(네이버페이 간편결제)해 놓은걸 풀어야지 가능하다고 하더라구요. 저는 이미 정기결제 해 놓은걸 취소 했는데도 자꾸 wave 네이버페이 정기결제로 뜨는데 그것좀 해결해주세요.	26
26	안녕하세요 네이버페이에 자동 결제로 연동되어있는 카드가 갱신 되어서 카드번호가 달라졌습니다(카드번호 끝자리 1083) 그래서 따로 웨이브에 빠른 결제? 이걸로 새로운 카드를 연동시켜놨는데 지금 기존에 자동 결제 연동되어있던 카드가 계속 연동되어있는데(카드번호 끝자리 0643)이 카드 해제 좀 부탁 드립니다. 	26
26	최근에 네이버 회원탈퇴를 진행하는 도중 웨이브 계정에 연결된 계좌를 해지해야 한다고 하길래 웨이브에 제 소유의 계정이 있는지 확인해본 결과 없다고 뜹니다. \n\n상세하게는 21년도에 농협계좌가 연결되어있다고 하는데 저는 웨이브에 제 계정이 없다고 하니 확인해볼 수 없는 상황입니다. 혹시나 이러한 경우 어떤 도움을 받을 수 있을지 문의드립니다. 	26
26	네이버 카드관리에서 사용안하는 카드 삭제하려고 하는데\n웨이브에 결제 등록된 카드라 삭제불가라 나옵니다 \n웨이브 결제는 다른 카드로 변경된 상태입니다\n네이버에서는 웨이브 고객센터에 문의 후 변경하라고 합니다 	26
26	제가 과거에 웨이브 가입했을 때 네이버페이에 등록된 카드로 결제를 신청해뒀는데 현재 그 웨이브 계정은 탈퇴를 한 상태입니다.\n그런데 최근 해당 카드의 유효기간이 만료돼서 네이버페이의 결제수단에서 삭제를 하려고 보니 웨이브에 정기/예약 결제수단으로 등록되어 있어서 해지를 먼저 하라고 뜹니다.\n그 당시 계정은 이제 없는데, 어떻게 해지를 해야하는지 몰라 문의드립니다.	26
26	네이버페이에 등록된 카드로 웨이브 결제가 연동 되어 있는거 같은데,  카드 유효기간이 다되서 바꿔야 하거든요.  \n네이버 페이에 등록된 카드를 삭제하고 재등록 하려고 하니\n웨이브에 결제가 등록이 되어있어 그거 먼저 해지를 해야 네이버페이꺼도 삭제가 된다고 합니다. \n\n앱에서 카드결제 변경이나 결제등록이 되어있는 곳을 찾기 어려워서 문의 드려요. 	26
26	네이버페이 결제관리에서 네이버페이 신한카드를 삭제할려고 하면 웨이브에서 정기결제 카드로 등록중이라고 삭제가 안됩니다. 이 카드는 폐기카드인데 왜 그럴까요? 웨이브에 등록된 결제 카드는 어디에서 확인하며 삭제를 하나요	26
26	네이버페이 결제로 자동결제를.햇엇는데 해지하고 다시 다른걸로 결제하고 싶습니다	26
26	네이버 페이에 등록된 정지 카드를 삭제하려고 하는데 웨이브 정기 결제가 되어있다고 삭제가 안됩니다. 웨이브 웹에는 정기 결제 카드가 없다고 뜹니다. 웨이브를 해지했는데도 문제가 해결되지 않아 현재는 다시 가입한 상태입니다.	26
26	네이버페이에서 등록된 카드를 삭제하려고 하는데(분실처리한 카드건) '선택하신 카드는 정기/예약 결제수단으로 설정되어 있습니다' 라고 새창이 뜨고 각 서비스로 이동하여 결제수단을 다른 카드로 등록하라고 뜨는데 제가 웨이브를 pc로 하여 들어가도 결제수단으로 등록된 카드가 뜨지 않아 문의드립니다 네이버 측에서는 아래의 내용 답변을 받아 등록된 카드 삭제 문의 드립니다. \n(네이버 답변-> Npay 통한 웨이브 정기결제건도 해지가 되지 않았다 보니, 간편결제 등록된 카드 삭제가 어려우셨던 걸로 보여 웨이브 측으로 문의하시어 정기결제 해지 후 삭제 진행해 보시길 부탁드립니다.)\n	26
26	"네이버에서 등록카드를 삭제하려고 하니\n""선택하신 카드는 wavve 정기/예약 결제수단으로 설정되어있습니다""\n라고 멘트가 계속 떠서 삭제가 안되는데요 \n지금 wavve에 확인해보니 제가 등록을 따로 한 카드가 없는데 \n확인 좀 부탁드립니다.\n\n그카드는 현대카드입니다.\n"	26
26	네이버페이 신한카드로 연결된 결제수단 삭제하고 싶습니다.	26
26	이걸 삭제해야 네이버페이에서 구카드를 제거할수있는데 아무리찾아도 웨이브에 삭제할수 있는 메뉴가 없습니다. \n실수로 자동결제만 취소해버렸습니다. . 	26
26	wavve 계정을 다 삭제 했지만 예전 계정 내용으로 정기 결제 내역이 살아있어서 네이버 측에서 삭제가안됩니다.\n\n확인 부탁드립니다.\n\n네이버 계정 jhb4257 입니다.\n카드는 현대카드입니다.\n	26
26	네이버 페이에 등록된 결제 수단을 삭제하려는데 \n\n웨이브 정기 결제 내역이 존재해서 삭제가 안됩니다\n\n예전에 잠시 결제했던 내역이 남아있어 그런것 같은데 정기 결제 해지 내역을 \n\n완벽하게 삭제 해주셨으면 좋겠습니다\n\n	26
26	안녕하세요 결제했던 카드를 분실해서 삭제 중인데 네이버페이에서 웨이브에 정기구독 되어있다며 삭제가 안되고 있습니다 제가 아무리 찾아도 웨이브 정기구독 상태도 아니고 제 기억에도 정기구독은 해제한걸로 기억하는데 결제 카드 삭제는 어디서 하나요?	26
26	네이버페이 정기 예약 결제에 wavve 서비스가 걸려있습니다\n\n등록일 2020.06.04\n결제수단 카드 간편결제\n신한 **41\n\n카드정보 삭제 요청합니다	26
26	카드를 재발급 받아서 네이버에서 카드 삭제를 하려고 하면 \n선택하신 카드는 정기/예약 결제수단으로 설정되어 있습니다. (웨이브의 결제수단으로 설정되어있다고 하면서 웨이브 홈페이지를 안내합니다. 웨이브에서 결제수단 설정 해지하라구요)\n라면서 삭제가 안됩니다. \n설정 해지하고 싶은데 아무리 찾아도 없습니다. 확인 부탁드립니다. \n	26
26	네이버 페이에서 등록되어있는 분실 카드를 삭제하고 싶은데 해당 웨이브에 등록되어 해지한 후 삭제 가능하다고 뜹니다. 그러나 벅스+웨이브 제휴로 결제하고 있으며 해당 결제 역시 다른 카드로 결제 등록되어있는데 어떻게 삭제 가능한가요?	26
26	카드 사용기간 만료로 네이버페이에서 삭제하려고 하는데 웨이브에 카드등록되어 있다고 삭제되지 않아 문의 남깁니다. \n네이버에서 알려준 카드 등록 정보입니다.\n20241231RE2148822180ajlMaW\n해지 부탁드립니다.\n감사합니다	26
26	네이버에 카드 연동 되어있는거 삭제할려했더니 웨이브에 등록되어있어서 삭제가 안되더군요 근데 여기엔 등록된 카드가 없네요 확인부탁드립니다	26
26	네이버페이 자동결제등록해놨는데 이용권해지했는데도 네이버에서 카드삭제가 안됩니다.\n계속 정기결제등록되어있다고 정기구독해지하라는 문구가떠요	26
27	웨이브 구매권 변경 하면 5천원 쿠폰 주는걸로 기억해서요\n혹시 어디서 확인해야되는지요?	27
27	애플 결제 시 3개월 6,000원이라고 했는데\n그게 적용이 된건가요??? 12,500원으로 되어있어서요	27
27	스탠다드 3개월 월구독 6,000원을 구독했는데 25,000원이 결제 됨	27
27	첫 3개월 5,000 원 요금으로 결제하고 TV도 시청하고싶어서 \n스탠다드 첫 3개월 6,000원 요금제로 다시 결제하고 싶었는데 실수로 이중결제됬네요 ㅠ_ㅠ\n혹시 다른 결제들은 취소하고 스탠다드 첫 3개월 6,000원 요금제로 변경 가능할까요…?	27
27	첫결제 7천원이 떠있길래 결제한건데 16,000원이 결제가 됐는데요 어떻게된건가요?	27
27	결제할때 3개월은 6천원에 볼수 있다고 했는데 왜 12500원 결제된건가요?	27
27	아이폰 결제시 9천원 정도 할인이라 해놓고서 왜 1만6천원 결제가 됬나요..? 그럼 7천원 결제되야 되는데  이거 오류인가요 만약 그런거면 환불 요청드립니다	27
27	아이폰에서 첫 구매 하면 얼마인가요?	27
27	앱 스토어에서 첫 구독 할인 알려주세요 	27
27	ios앱에서 3개원간 구독료 5천원이라했는데 6,300원이 결제되었습니다..	27
27	결제 요금제를 잘못 선택했습니다. 3개월 ios 5,000원 혜택의 등급을 올리고 싶어요	27
27	결제할때 3개월은 6천원에 볼수 있다고 했는데 왜 12500원 결제된건가요?	27
27	아이폰 베이직 요금제 3개월간 5천원 광고배너 보고 결제했는데 1달 9천원 결제가 되었어요 할인적용은 어떻게 하는건가요?	27
27	5000원 구독이 3개월치인 할인인줄 알았는데 구독 해제 창을 보니, 내년 2월에 갱신 예정이라 되어있어 환불 원합니다.\n이번달 5천원은 이미 지불하고 영상시청을 했으니 어쩔 수 없다는 것은 인정하기에 1개월치 구독을 유효하게 하고, 나머지 2개월분인 만원은 환불 부탁드립니다.	27
27	앱 스토아 첫 결제시 3개월 간 5천원 부터라고 뜨는데 결재는 6300원이 되는데 왜그런가요?	27
27	첫 3개월 5,000 원 요금으로 결제하고 TV도 시청하고싶어서 \n스탠다드 첫 3개월 6,000원 요금제로 다시 결제하고 싶었는데 실수로 이중결제됬네요 ㅠ_ㅠ\n혹시 다른 결제들은 취소하고 스탠다드 첫 3개월 6,000원 요금제로 변경 가능할까요…?	27
27	앱스토어 첫 구매 프로모션을 받아서 베이직 요금제 결제를 했는데, 요금제를 스탠다드로 변경하고싶어요. 아직 시청내역 없고 아무 것도 이용 안 했는데 프로모션 적용 가격으로 요금제 변경 가능할까요? 	27
27	제가 10/6일 새벽1시 30분경에 \n베이직 요금제로 첫결제 3개월 5천원짜리로 해서 \n구독을 시작했는데요\n티비로 스트리밍이 안되길래 보니까 티비는 제외된 요금제더라구요.\n그래서 곧바로 스탠다드 요금제로 변경했는데\n첫결제 할인 금액이 적용되지않은듯 한데\n이렇게 기회가 날아가는 건가요?\n웨이브는 처음이라 9천원짜리 요금제면 당연히 tv도 되는건줄 알았거든요.\n첫결제한지 20분도 안됐고 스트리밍 전이었으니 바꾼 요금제도 3개월 할인 적용을 원합니다.	27
27	앱스토어 생에 첫결제 이벤트로 5천원으로 결제했는데,\n혹시 스탠다드 요금 이벤트가로 업그레이드 가능할까요 ?	27
27	확인해 보니 추가로 휴대폰 소액 결제가 10,900씩 계속 되었습니다. 콘텐츠 이용료로도 3개월간 6,000원씩 결제가 되었구요, 콘텐츠 결제 날짜는 8월16일,9월15일,10월 15 일 입니다. 전화 통화가 될까요?	27
28	3개월 구글 할인으로 신청했었고 8월30일에 6250 결제되었고\n오늘도 6250 결제되었는데\n구매한 사항이 없다고 시청이 불가합니다.\n확인부탁드립니다.	28
28	구글에서 지금 결제 하면 50%할인이 맞는 건가요?	28
28	제가 구글결제로 3개월 50%할인 결제를 했는데 취소당했었습니다. 정가로 결제 후 문의남기면 차액환불해주신다고 하셨어서 문의남깁니다. 3개월치입니다.	28
28	항상 4500원으로 결제했었는데 갑자기 9000원이 빠져나갔어요	17
28	월 4500원을 납부하고 이용하고 있습니다. 그런데 이번달에 9000원이 결제가 되서 어떤 이유인지 궁금합니다. 혹시 이중결제가 됬다면 수정 부탁드립니다	28
28	3개월 월4500원 저렴하게 봐서 좋앗어요\n다른곳보다 좋아서.. 6300원 광고형으로 결제한다는게 9000원짜리로 잘못결제햇네요;;\n글구 카카오페이에서  삼성카드로 결제햇어야햇는데\n보통은 카카오페이선택을  하면 카드들을 선택할수잇는데 카카오머니로 결제가 됫더라구요?\n혹시 환불받고 카카오페이ㅡ삼성카드결제는 불가능한가요???\n구매되고 몇개컨텐츠틀어놔서 취소환불불가능한가요?\n광고형은 한컨텐츠당 몇초?몇분?이나 나올까요?	28
28	구글 프로모션 할인이 어떻게 되는 건가요? 	28
28	구글로 결제 하면 50%할인이 되는 건가요? 베이직 구매 했다가 스탠다드로 중간에 변경해도 할인이 유지 되나요?	28
28	아이디에서 구글 50%할인은 1번만 적용이 되는 건가요? 다른 구글 아이디로 구매 하면 또 할인이 되는 건가요?	28
28	구글 계정으로 첫 구매 시에만 50%할인건가요?	28
28	제가 구글결제로 3개월 50%할인 결제를 했는데 취소당했었습니다. 정가로 결제 후 문의남기면 차액환불해주신다고 하셨어서 문의남깁니다. 3개월치입니다.	28
28	50%할인이 된다고 했는 데, 12500원이 결제 되어어요 	28
28	제가 그전에 연간 웨이브 이용권을 구매하고\n구글 결제 후 사용하고 있는데\n\n내년 3월까지 기존 이용권을 사용하는 것으로 아마 되어있는 것 같습니다.\n\n현재 내년 이용권 결제예정은 구글에서 취소를 했고,\n\n이미 연간이용권 지불한 2026년 3월 16일까지는 기존 이용권을 사용하면 되는 것 같은데,\n\n\n1. 그럼 그 전에 2025. 12월부터 2026. 3월까지 총 3개월 남은 부분을 취소 및 환불하고\n\n이번(12월 10일)에 구매한 3pack 이용권과 계정연결 하는 것은 힘든지요?\n\n2. 환불이 되지 않더라도 계정연결하는 방법은 없는지\n\n3. 만약 계정연결이 힘들면 다른 계정으로 연결 후, 2026년 3월 이후 다시 기존계정으로 변동 연결이 가능한지\n\n여쭤봅니다~!	28
28	처음 3번 결제는 4500원으로 할인된 가격으로 해준다고 처음 계정을 만들 때 써있었어요. 제가 7월에 1달보고 8월에 시험이 있어 시험끝나고 보려 했는데 정기결제를 해제하는 방법을 몰라서 잘못결제가 되어서 환불을 한적이 있어요.\n근데 오늘 보려고 결제창을 열었는데 4500원이 없는거에요. 그래서 첫결제 기준 3달연속인지 아니면 원래 1달씩 따로 봐도 적용이 되는것인데 오류가 나서 창이 사라진 것인지 궁금해서 문의드립니다. 만약에 1달씩 다른 달로 나눠서도 할인된 가격으로 원래 되는 것이었다면 고쳐주셨으면 합니다.	28
29	서비스 연결이 지연되고 있다고 나옴	31
29	몇년째 스마트TV로 아무런 문제없이 보고있었던 웨이브 회원인데 특정 컨텐츠 재생시 재생멈춤있다고 문의했더니 전부다 재설정하라는 답변은 너무 성의가 없어보입니다. 	32
29	어플 설지가 안돼요 	29
29	휴대폰에서 웨이브 설치하려는 데 웨이브 검색이 안됩니다. 	29
29	T아이디 이용 오류가 발생했습니다(1306)이라 뜨면서 계속 안되네요 원래는 잘되었습니다 캐시삭제, 어플 업데이트, 삭제후 재설치, 멤버십 재로그인, 비밀번호 재설정, 시청중인 기기해제 후 다시 로그인 해도 안됩니다. 핸드폰이랑 pc는 로그인이 잘되고 재생도 잘됩니다 	29
29	휴대폰에서는 최근 시청 내역이 나오는 데, 테블릿에서는 최근 시청 내역이 반영되지 않습니다.  	29
29	모든 드라마나 영화 재생시 소리와 자막만 나오며 화면이 검은색으로 멈춰 있어요. \n중국 드라마 같은 경우는 재생이 되는데 한국 드라마만 화면이 검은 바탕이에요.\n윈도우 업데이트, 웨이브 재설치, 로그아웃등등... 쿠키 삭제도 해보고 \n셋탑박스도 다 껏다가 다시 켜보기도 하고 모니터 연결 잭도 다시 끼워보았는데\n다 안됩니다...;;;\n빠른 답변 부탁드립니다.!!	29
29	서비스 연결이지연중이라고 하고 계속 제시도 해도 접속이 안돼네요 	31
29	삼성  갤럭시 s10 fe에서 웨이브 업데이트 안됨\n방법 알려주세요	29
29	TV에서 지원 기기가 아니라고 나옵니다 . 	29
29	크롬 뿐 아니라 다른 브라우저에서도 재생이 안됩니다. 핸드폰 기기로는 잘 재생되는 영상이 PC에서 재생되지 않습니다.	29
29	설치가안돼요	29
29	신사장 프로젝트 5화 재생되지 않음	31
30	안드로이드폰, 아이폰에서는 네 멋대로 해라(4k) 에피소드1 재생잘됨.	30
30	PC 웹사이트, 아이폰 웨이브 앱, 아이폰 웹 모든 기기에서 동일하게, 로그인 페이지에서 다른 버튼은 다 잘 눌리고 아이디 비번 다 맞는데 (비밀번호 재설정도 함) '로그인' 버튼만 눌리지 않음. 지난주에도 동일 현상이 있어서 일시적인 것인 줄 알았는데, 여러번 재시도 해도 동일합니다. 아이디/비번 입력 후 엔터 누르는 방식으로도 로그인이 안 됩니다.\n웹사이트 닫았다가 열기, 노트북 재부팅, 휴대폰 재부팅, 앱 재기동 모든 방법 다 불가능합니다. 확인 부탁드립니다.	30
30	낮까지 잘보던 vod가 갑자기 저녁부터 아무것도 재생이 안됩니다\n모바일은 잘되는데 왜이럴까요 새로고침하면 되던것도 안되요	30
30	답변 읽었습니다. 답변 내용에 따르면 티월드 아이콘 버튼을 누르면 팝업 창이 뜬다고 하셨는데 전혀 그렇지 않고 바로 로그인이 그냥 되어 버립니다. 다른 아이디로 로그인을 할 방법이 전혀 없습니다. 어플 완전 삭제 후 재설치도 당연히 해봤습니다. 그러나 이렇게 해도 해결되지가 않네요	30
30	답변 읽었습니다. 답변 내용에 따르면 티월드 아이콘 버튼을 누르면 팝업 창이 뜬다고 하셨는데 전혀 그렇지 않고 바로 로그인이 그냥 되어 버립니다. 다른 아이디로 로그인을 할 방법이 전혀 없습니다. 어플 완전 삭제 후 재설치도 당연히 해봤습니다. 그러나 이렇게 해도 해결되지가 않네요 	30
30	드라마시청이안되요	30
30	맥북은 카카오톡으로 로그인이 안됩니다.\n원래 잘보다가 재부팅햇는데\n로그인 카카오톡 클릭해도 반응이 없네요	30
30	모바일로는 안보임 조취해주세요	30
30	모바일로는 재생되는데 TV에선 이용권 구매하라고 나와요	30
30	모바일에서 아무것도 재생이 안되요	30
30	모바일에서 이용권 구매했습니다. 결제도 완료되었는데\n내정보에서 구매 이용권이 안보여요.\n이용권구매창에서는 이미 구매한 이용권이있다고 뜹니다.\n티비에서도 같은 아이디로 로그인했는데 이용권 구매 안했다고 뜨네요	30
30	모바일에서는 재생이 잘 되지만, LG빔프로젝트에서 (Wave 지원모델) 최신영상이 재생되지 않습니다.\n오래된 영상은 잘 재생됩니다.	30
30	아이폰(아이클라우드) 아이디로  연결해서 로그인하는데 계속 오류가 납니다.\n티빙과 웨이브 동시에 시청하는 요금제를 사용하는데요\n티빙은 정상적으로 잘 시청이 되는데 웨이브는 안돼요.	30
30	아이폰에서 는 가능한 화면이\nTV에서는 소리만들리고 화면이 안나옴	32
30	안녕하세요 12개월 결제를 한번에 했는데요 핸드폰요금제로 wavve+tving 를쓰려고하니까만료가 내년이더라구요 그래서 안되는데 방법좀 가르쳐주세요 SKT WAVVE+TVING 프리미엄 요금제를 쓸까합니다	30
30	안녕하세요!\n선으로 TV와 핸드폰 연결해서 보려고하는데\n재생이 안되는 영상들이 있어서 어떻게 하면 재생되는지 문의 드립니다!	30
30	안드로이드 태블릿에서 로그인이 안됨. 접속 불가로 뜸	30
30	앱으로 웨이브 사용시 \n사용자 선택 화면이 검정색으로 \n아무것도 나오지 않아서 선택할 수가 없어요	30
30	앱으로 웨이브 사용시 \n사용자 선택 화면이 검정색으로 \n아무것도 나오지 않아서 선택할 수가 없어요	30
30	여태 시청하던 프로그램이 갑자기 어제18일 저녁부터 재생하면 10초? 정도 나오고 에러화면이 뜨면서 종료됩니다.  다른 회차를 열어봐도 동일합니다.\nPc나 스마트폰재생은 문제 없네요.\n왜 이런가요?	30
30	요즘 왜이리 심한가요?\n끊김현상때문에 짜증나요	30
30	웨이브에 들어가면 일시적인 오류로 인해서 자동로그인을 시도하거나 직접 로그인을 시도해야되는데\n자동로그인을 해도 안되서 직접 로그인을 했지만 로그인을 못하고있는 상태입니다	30
30	웨이브에 들어가면 일시적인 오류로 인해서 자동로그인을 시도하거나 직접 로그인을 시도해야되는데\n자동로그인을 해도 안되서 직접 로그인을 했지만 로그인을 못하고있는 상태입니다	30
30	이용권 자동결제 99000원으로 안내되어 모바일상에서 신청을 했는데 2025년에 사용하던 이용권 만료일 12월18일 24시가 지나자마자 이용권 연장 재결제가 안되어있는데 언제 다시 이용이 가능할까요 \n\n프러그램 보다가 다음회차를 보고싶픈데 못보고 있네요	16
30	자동로그인 해서 잘보고 있다가도 가끔 어플켜면 유효하지않는 토큰 이라는 안내창이 뜨몀서 로그아웃 되어 있습니다 한두번 그런거 아니고요 아이폰에서도 그렇고 아이패드에서도 안내창이떠서 다시 로그인하는 경우가 발생합니다 오류든 버그든 고쳐주세요	30
30	접속자체가 안됩니다. 서비스가 지연되고 있으니 조금 후에 다시 해보라고 해서 다시 해봤는데 안되고 있는 게 몇 시간째 계속되고 있어요.	30
30	제가 일요일에 따로 로그인을 안한 상태인데 \n이용권을 결제한것 같아요 (아마 비회원 계정으로) \n그래서 나중에 이용하려고 보니 \n카톡이나 애플 네이버 등등으로 로그인해도 이용권 결제 내역이 안 나오고요. \n\n대신 아이폰에서 구독내역 누르면 웨이브 스탠다느 구독중으로 나옵니다. \n로그인 정보가 연동이 안되는것 같은데\n애초에 정확히 로그인하지 않은 상태로 이용권 구매를 해서 제가 찾을 수가 없어요. \n\n정확한 시간도 모르겠고 \n12/29 토요일 밤 8시반경에 아이폰으로 스탠다드 요금제 구독 하였어요.	30
30	제가2회선 보기로 결제했는데요\n왜 동시2회선 보기가 안되나요?\n엄마랑 저랑 동시에 보려고 했는데 이미 시청중이라고 동시접속이 안돼요!	30
30	폰에서 로그인이 안됩니다 서비스 연결이 지연된다고 뜨면서 계속 시도해도 안됩니다 태블릿,핸드폰으로 둘다 켜봤는데 자동으로 로그아웃되고나서 다시 로그인이 안돼요	30
30	폰에서 멈춤이 심해요	46
30	폰에서 요즘 왜이리 심한가요?\n끊김현상때문에 짜증나요 	30
30	폰에서계속버버링걸려요\n	46
30	핸드폰으로 시청해도 시청기록이 업데이트가 안됩니다..	30
30	현재 폴드 6와 S9 두대다 최신버전에 앱도 최신 버전인데 아까 낮에 사용중에는 자동로그인및 재생속도 설정이 잘됬는데 오후 6시에 어플 접속시에 두개가 안되어 자동로그인은 직접입력으로 해결이 되었지만 재생속도설정이 안됩니다 빠른 수리부탁드립니다 다른 기기와 새로운 프로필도 증상은 동일합니다	30
30	휴대폰 어플에 접속자체가 안됩니다. 서비스가 지연되고 있으니 조금 후에 다시 해보라고 해서 다시 해봤는데 안되고 있는 게 몇 시간째 계속되고 있어요.	30
30	휴대폰에서 계속버버링걸려요	30
30	휴대폰에서 끈김없이보는방법	30
30	휴대폰에서 로그인이 안된요 	30
31	12월7일 오후10시27분과 29분에 영화 노트북. 2중결제가되었어요 웨이브도 설치가안되고  이용방법잘 몰라불편하니 취소 부탁드려요 \n영화는 보지를 못했어요..~	31
31	LIVE KBS주말 명작보는데 서버연결지연이떠서 PC 이용이 불편합니다	31
31	PC 환경에서 웨일, 크롬, 엣지를 비롯한 모든 인터넷 어느 것으로 접속을 해도 영상 재생을 하면 마치 그래픽 카드가 다운이 되듯이 화면이 지직하며 검은화면으로 꺼져버리며 멈췄다가 화면이 회복이 됩니다.\n\n이전 컴퓨터에서는 아무 문제가 없었으나, 새컴퓨터로 바꾸고 이용 중 영상을 시청하려고 하면 유일하게 웨이브 한 곳에서만 이런 현상이 벌어집니다. 무조건 화면 다운이 일어나며 그래픽 카드가 다운되거나 오래된 티비가 화면이 먹통되어 끊어질때처럼 모니터 화면이 일시적으로 마비가 되었다가 점차 회복이 되어 영상이 나옵니다.\n\n한번 그 증상을 겪은 뒤에는 영상을 계속 볼 수가 있으나 새로운 영상으로 넘어가거나 다시 클릭해서 직접 눌를때도 무조건 그 현상이 일어나 컴퓨터 자체에 데미지 또는 피해가 입을거 같아서 웨이브를 피시 환경에서 쓸 수가 없습니다. 증상의 원인을 전혀 모르겠습니다.	31
31	PC로 로그인한 후 시청내역에 예전에 삭제했던 컨텐츠 4개가 갑자기 등장하더니 선택/삭제가 안 먹힙니다. 일시적인 오류인지요? 모바일로도 삭제가 안됩니다. 저는 보통 시청한 영상은 바로 삭제하고, 깔끔하게 볼 영상들만 남겨 놓거든요. 기존 보던 것은 삭제가 됩니다.	31
31	pc로 신사장프로젝트 볼려고하면 재생이 안되는데 왜그런건가요?	31
31	PC로 영화보려는데 계속 서비스 연결 지연이 뜹니다.  검색해보니 이런경우가 허다하던데 재구독후 처음부터 그랬으니 빨리 조치해주세요.	31
31	PC에서 프로그램 정보에 적어놧는데 계속적으로 한 장면이 3번이상 반복되서 봣더니 말그대로 반복됩니다. 한 5초진행후 에 2초 롤백이 됩니다.	31
31	PC에서 플레이를 하며누 서비스 연결이 지연되고있습니다 \n라고 뜹니다 잠시후 이요ㅕㅇ하라고 해서 \n몇시간이 지나도 계속 똑같습니다	31
31	PC에서자동로그인을 걸어놔도 로그인이 계속 풀리는데 이유가 뭔가요?\n자동로그인 체크를 해두고 로그인을 해도 하루에 세 번 이상 로그인이 풀립니다. 자동로그인이 해제되어 있어요. 다시 체크하고 로그인을 해도 몇시간 지나면 또 풀려 있고, 로그아웃됩니다. 뭐가 문제인가요? 브라우저는 웨일을 쓰고 있습니다.	31
31	PC에서재생시 버퍼링이 자주 걸리고 화질이 떨어집니다. 늘 1박 2일이 자주 그래요. 진짜 짜증납니다. 구독 끊어버리고 싶어요.	31
31	"PC에서재생이 안됩니다. \n""서비스연결이 지연되고 있습니다. 잠시후 이용해주세요"" 이것만 나오네요\n모바일은 잘 나오는데 pc에서는 왜 안되는 건가요?"	31
31	wave only 프로그램 모두 서비스 지연으로 vod 재생이 안됩니다 해결 방법이 궁금해요	31
31	그랑매종 파리 영화가 pc에서 재생이 안됩니다	31
31	나의 직장상사는 코미디언 을 pc로 보는데 시즌1은 괜찮은데 시즌2부터 재생이 안됩니다\n모바일로는 가능한데 pc가 재생이 안되네요	31
31	너의 색 극장판을 결제했으나 영화지연알림만 계속 뜨고 영화를 볼수없어요 확인부탁드립니다	31
31	노트북으로 시청할려고 했는데 영상이 재생이 안되고 검은화면에서 재생버튼도 눌리지않아요	34
31	"다른로그인수단에 T월드 아이디로 로그인해왔는데 오늘 하려고 클릭하니 \n{""error"":""5003"",""error_description"": 뭐 이런에러뜨면서 로그인을 할수가없습니다."	31
31	독고 라는 컨텐츠를 보고 있었습니다..\n\n후 이어보기를 하려 했는데 서비스 지연 된다고 일주일 이상 문구가 나오면서 상영이 안되네요..\n\n다른 영화도 같은 현상이네요..	31
31	라이브 시청중 동영상은 재생이 안되고 소리만 들립니다	31
31	로그인 하는데 인증에러 유효기간 만료or유효하지 않은 토큰이런 헛소리 하면서 로그인 안되는데 \n안그래도 요즘 넷플에 다 넘어가고 볼것도 애매해서 그런데 로그인 문제는 손 놓은건지 포기를 한건지	31
31	마이크로 소프트 엣지로 늘 사용중이였는데 연휴때부터 소리는 나오지만 화면이 안나오는데 어떻게 해야되나요?	31
31	맥에서 크롬으로 동일 아이디 로그인 불가함 빠른 확인 필요	31
31	맨날 서비스 지연이라는데 왜자꾸 재생이 안되는거에요???????	31
31	맨날 천날 서비스 지연이네 어쩌네 하면서 제대로 방영도 못 하는 주제에 무슨 이용권을 바꿔라 마라야 짜증나게 할래?\n푼돈이라도 돈을 달라고 할거면 돈값을 하고 이야기를 해 사람 열받게 하지 말고	31
31	모든 영화가 <서비스 연결이 지연되고 있습니다. 잠시 후 이용해 주세요.> 라는 메세지와 함께 재생이 안되고 있음	31
31	무슨 영화를 보려고 하면 죄다 서비스 연결 지연이라고 안 됩니다. 다른 컴퓨터여도 마찬가지고요. 월정액을 결제해서 이용하는 건데 서비스 지연으로 이용 못 하는 컨텐츠가 더 많으면 어떻게 스트리밍 서비스를 이용하나요... 서버 문제인지 뭔지 모르겠지만 해결 부탁드립니다....	31
31	베이직 이용권은 PC로 영화를 볼수없나요?\n\n영화만 볼라고 하면 로딩하는것처럼 가운데 로딩중이란것만 뜨고 ..\n\n영화는 재생이 안되는데..\n\n다른이용권으로 봐야하나요?\n\n주차금지라는 영화를 볼려고 하는데 계속 로딩중 이라고만뜨고 ..\n\n영화가 재생이안되요 ..다른영화눌러봐도 전부다..	31
31	서비스 재시도라는 알림만 계속 나오고 PC에서 플레이 재생이 안됩니다.	31
31	수고하십니다\n트론 아레스 구매했는데\n폰은재생되는데 pc에서는 재생이안됩니다	31
31	아니 사무실 컴퓨터로 드라마 영화 볼려고 \n하는데 \n어떤거는 영상 재생 되고 \n어떤거는 영상 서비스 지연이라고만하고\n이거 뭐하는겁니까???\n상식적으로 \n영상 재생되는거랑 서비스 지연된다고 영상 재생 안되는거\n뭔 차이가 있는건데요???\n컴퓨터 성능이 안좋으면 전체적인 영상 재생이 안되는거 아니에요??	31
31	연결을 하면 연결후 티브이에서 \n휴대전화 태블릿 또는 PC에서 옝상을\n재생시켜 주세요 메세지가 나옵니다\n그래서 드라마를 열고 연결시키면\n열결 아이콘이 죽어있어요 \n첨 연결시에는 아이콘이 살아있다가\n두번째 연결에서는 왜 죽어있는걸까요?	31
31	영화 구매를 하였는데 재생이 되질않네요 스마트폰으로는 재생이 되는데 컴퓨터로 재생하려고 하면 안됩니다	31
31	이용권 구매 후 위키드 원더풀 나이트 콘서트를 보다가, 다시 이어보려고 하는데\n[알림] 서비스 이용이 지연되고 있습니다. 나중에 다시 시도해주세요\n라고 알림이 떠서 새로고침, 로그아웃, PC 재부팅 등 다 해봤는데도 계속 저 알림만 뜨고 이어보기가 안됩니다.\n혹시나 해서 웨이브 내 다른 프로그램 재생해봤는데 아무 문제 없이 되는데, 위키드 원더풀 나이트 콘서트만 안됩니다.\n왜 그런건가요?	31
31	전체화면으로 볼때만 커서 아이콘이 사라집니다. 아니면 커서가 절대. 안 사라집니다. 진짜 너무너무 거슬리고 불편해요ㅠ 다른 OTT는 안 이럽니다 ㅠㅠㅠㅠㅠ	31
31	집에서 컴퓨터로 vod시청할때만! 서비스연결이 지연되고있습니다 이런문제가발생합니다.\n특히 인기있는 프로그램일경우에~ \n안드로이드는 되구요.  크롬에서 보고있는데 \n참다참다 올립니다.\n 이문제해결부탁드립니다.	31
31	컴퓨터에서 서비스 연결이 지연되었다고 재부팅 반복하고 있습니다	31
31	컴퓨터에서 재생 중에 거의 모든 방송에서 알림으로 \n\n서비스 연결이 지연되고 있습니다. 잠시 후 이용해주세요. 라고 나오는데 어떤 이유 때문일까요\n\n확인을 부탁드립니다	31
31	코난 극장판이피시로 켜니까 절대 안켜져요 재연결만 계속 하라고 떠요	31
31	피시로드라마보고있는데풀화면에커서가깜박거리며시선이빼앗기니불편하버다해결밤법알려주세요	31
31	피시방인데 서비스 연결 지연 왜 그런거죠?	31
31	피의게임3 모든 회차가 전부 재생이 안돼요	31
31	회사 공용 pc에서 카카오톡 로그인을 했는데 타 계정으로 로그인 하고싶어도 할 수 가 없어요. 자꾸 자동 로그인이 되서요.\n카카오 계정 들어가서 해제하기까지 신청했는데도 회사 공용 pc에 제 계정이 저장이 되어 자꾸 자동 로그인이 됩니다.	31
32	11월6일 tv로 예능 프로그램들을 재생 시켜 보려고 했는데 재생이 안됩니다. 싱어게인4 부터 실시간 인기 콘텐츠, 휴대폰으로 시청했던 다른 프로그램들까지 다 시도해 보았는데 모두 재생이 안됩니다.\nTV화면에 재생에 실패하였습니다. 잠시 후 다시 시도해 주세요.\n라고 뜨는데 모든 영상을 tv로는 재생이 안됩니다.\n휴대폰으로 재생 가능한데 tv에서는 안되는거 이상해서 문의 남깁니다.	32
32	1957년 고전 영화 '바람과 함께 사라지다' 구매해서 스마트TV로 재생하니 화면 멈춤 현상이 계속 발생합니다\n\nF1 포함 다른 영화는 재생이 원활하게 되는데 바람과 함께 사라지다만 화면 멈춤 현상이 발생하는데(소리는 정상적으로 나옵니다)\n\n이 부분 답변 부탁드립니다	32
32	2000년 이전에 방송되었던 과거 vod가 스마트tv에서 재생되지 않는 현상이 있습니다\n(모바일 기기에서는 정상입니다)\n최신 방송 vod는 tv에서 정상적으로 재생됩니다\n특별한 이유가 있을까요?\n혹시 화면 비율 문제일까요?	32
32	7900원 요금제 결제 후 10900원 결제했는데 앞 요금제가 환불이 안되었어요.\n스마트tv 이용이 안돼서 변경했는데 환불이안됐네요	32
32	HD시청은 스마트 TV에서는 사용이 안되나요?\n베이직 요금은 핸드폰 PC는 사용이가능한데 스마트 TV에서는 시청이 안되네요..	32
32	kt 지니 tv 앱으로 사용시 안열리는 영상이 많네요.	32
32	LG tv에서 콘텐츠 재생이 되지 않아 환불 문의드립니다	32
32	TV 로 연결 어떻게하죠? 지난달 이용권에선 티비연결이 되었는데 이번달 광고형이용권은 되지도 않고 모바일로 볼때도 화면 작게 조절하는것도 안되네요 이용권 중도해지 해주세요 이번엔 구글에서 결제된거 같은데 해지처리 혼자 못하겠어요	32
32	TV 시청 중 2~3분 마다 화면이 숨김으로 끊어짐	32
32	TV 재생시 오류 발생\n티빙은 잘 나오는데 웨이브는 계속 에러가 떠요\n더블스탠다드 정기권으로 구독하는 의미가 없어요	32
32	"tvn 얄미운 사랑, MBC 이강에는 달이 흐른다 두 개의 드라마가 제 폰과, 태블릿에서 회차 상관없이 무한 로딩 현상 자주 나오며 ""서비스 연결이 지연 되고 있습니다."" 표시 됩니다.\n다른 VOD는 잘 되고 있습니다. \n와이파이나 5G, 기기쪽 문제는 없는 것으로 추측 됩니다. 해당 증상 관련하여 확인 부탁 드립니다."	32
32	Tv는 자동로그인이 풀리며 로그인하려햇을때 핀코드 확인이. 뜨며 어플로 실행했을경우 오류로인해 실행할수없다며 지속될경우 고객센타 문의하라 뜸\n이뜰째임	32
32	TV로 볼수있을줄알고 가입했는데 \n안되서 바로. 환불하려고 합니다 \n재구매는 가격으로 인해 고민후 재구매하겠습니다.	32
32	TV로 시청이 안되서 다른이용권 구매	1
32	tv로 시청하고싶어서 프리미엄 결제할려고해도 기존 베이직때문에 아무것도 안되요 ㅜㅜ 그냥 없어질때까지 한달 기다려요??? 다른방법 없어요??	32
32	TV로 연결이 되는 상품인 줄 알았는데 연결이 안되네요. 해지해 주세요. 부분 환불 되나요?	32
32	TV를교체했는데요다른OTT는 나오는데 웨이브만 백색화면으로나오네요?	32
32	tv에 로그인하면 자꾸 로그인이 풀리는데 왜그런걸까요??? 너무 불편합니다	2
32	Tv에서 시청하랴고 하는데 들어가지질 않아요 계속뺑글뱅글 돌아가는거만 나어고 들어가질 않네요	46
32	TV에서 영화, VOD 등을 시청하려고하면 연결이 안됨. 10번씩 시도해도 안되어 포기하는 경우가 많음. 유료 이용인데 왜 그런불편을 겪어야 하는지 짜증 납니다.	32
32	TV에서 웨이브를 틀고 보면 화질이 너무 깨지는 현상이 나오더라구요.\n멀미할 정도로 화질이 뭉개져서 나오네요\n이럴 땐 어떻게하면 좋을까요?	32
32	계속 찾으시는 페이지가 없거나 오류라는 표시가 떠서\n비밀번호를 재설정 하지를 못합니다\n2일동안 해도 계속 이래서 티비로 시청을 못하고 있습니다	32
32	광고형으로 구독 중인데요, 내새끼의 연애 티비로 보고있는데 광고 끝나고서 화면이 멈춥니다. 재생버튼 일시정지 버튼 다 눌러도 안되고 앞으로 10초 땡겨야지만 정상 재생됩니다 왜그런건가요?	32
32	다른 기기가이 휴대전화와 동일한 Wi-Fi 네트워크에 연결되어 있어야 합니다.\n\n이런멘트가 자꾸떠요\nTV연결방법알려주세요\n최근에 삼성tv로 교체하고 통신사도 바꿨더니 그러네요	32
32	더블 광고형  스탠다드로 변경 후 TV로  시청 시 이용권을 구매하라고 나옵니다\n광고형 변경 전에는 시청하는데 문제가 없었습니다	32
32	더블슬림이용권 결제해서 사용하고 있는데 스마트티비에서 자꾸 이용권 결제하라고 하네요 근데 마이페지에 가면 더블슬림 이용자라고 뜨는데 왜 안 되나요?!?	32
32	몇 달전부터 티비에서 퀵vod가 바로 실행안되고 다음날 오전이 지나야나오는데 이유가 뭘까요	32
32	몇년째 스마트TV로 아무런 문제없이 보고있었던 웨이브 회원인데 특정 컨텐츠 재생시 재생멈춤있다고 문의했더니 전부다 재설정하라는 답변은 너무 성의가 없어보입니다.	32
32	베이직 연간요금제를 쓰고있다가 스마트tv가 안되는걸 알게되어서 스탠다드 요금제로 변경하려고 합니다\n근데 구글에서 결제한 요금제라 일단 정기결제는 취소했지만 환불이 된 상태가 아니라 새로운 이용권이 구매가 되지 않습니다. 어쩧게 해결해야하나요?	32
32	삼성 스마트TV 웨이브 어플로 시청할때 영상이 지속적으로 끊김 현상이 발생하고 있어서 불편하네요.\n\n삼성 스마트TV 어플 쪽 웨이브 서버관리를 개선해주시거나 해결해주세요.\n\n며칠째 계속 VOD 시청시 끊김 현상이 발생하고 있고 다른 OTT 어플들은 문제없이 잘 시청하고 있어서 저의 인터넷 연결 환경 문제가 아닌 웨이브쪽 서버 오류인것 같습니다.	32
32	삼성스마트 tv에서 웨이브켜면 무한로딩 입니다.\n앱 재설치해서 다시로그인했는데\n좀되다가 다시안되는거 같아요\n구독료받으면서 서비스 장애가있으면 공지를하던지해야죠\n빠른 회신 바랍니다.	32
32	스나트 tv 에서 웨이브 보고 있는데요\n오늘 아침에 웨이브 채널의 전체 화면 프레임에 오류가 생긴 거 같더니, 프로그램 시청 버튼 누르니까 썸네일만 tv 화면에 가득차고 오디오는 들리는데 화면에서 vod 가 재생이 안됩니다.	32
32	스마트 TV (엘지 올레드)에서 오전부터 지금까지 반복되어 로그아웃이 되어 있고 다시 로그인 하라고 하네요. 너무 불편해요. 왜 이런일이 있는지 조사해보시고 수정해주세요	32
32	스마트 TV로 시청시 계속 버퍼링이 걸립니다\n한 두번도 아니고 계속 버퍼링이 심하게 걸려서\n보다가 너무 답답하네요...\n한달동안 이렇습니다..	32
32	스마트 tv에서 웨이브어플 들어가서 방송을 보려고 하면 1분 내외로 계속 끊김이 발생합니다. \n다른 ott프로그램은 괜찮으나 웨이브만 계속 이런 현상이 발생하고있습니다	32
32	스마트 tv연결이 안되어 문의드립니다.\n현재 스마트tv를 통해 웨이브를 이용 중이나 로그아웃이 된 것으로 확인되어 휴대폰으로 로그인을 시도했으나, 여러번 sms문자 발송 실패 문구가 노출되어 해결 문의드립니다.	32
32	스마트 티비로 퀵vod를 바로 재생이 불가하고 어떤 문구가 뜨는게 아니고 뱅글뱅글 화면 가운데가 돌기만함 \n에러가 난거처럼요 폰으로는 바로 재생되는데 이유를 알고싶습니다 불편합니다	32
32	스마트 티비에서 vod가 미리보기만 나오고 재생이 되지 읺습니다	32
32	스마트 티비에서 웨이브 재생이 안됩니다 이용권구매하라고 뜨는데 이유가 뭘까요	32
32	스마트TV 이용이 안되서 환불 하고 다시 결제 원합니다\n취소 부탁드립니더	23
32	신인감독 김연경을 티비로 보려고 구매했는데 티비에서는 시청제한이 걸려있네요\n환불 원합니다\n혹시 다른 금액 이용권에서도 이 프로그랭 티비시청이 안되나요?	32
32	아이폰에서 는 가능한 화면이\nTV에서는 소리만들리고 화면이 안나옴	32
32	안녕하세요, 제가 12월 24일에 연간이용권 구매를 했는데 폰에서는 잘 작동되는데 구글스마트tv로 vod 시청이 안되네요 계속 이용권 구매, 미리보기만 떠요\n전에는 잘만 됐는데 연간권 새로 결제하니 이러네요	32
32	안녕하세요.\n기존 TV에서 웨이브가 호환될 줄 알고 스탠다드 요금제를 결제했는데, 실제로는 TV에서 재생이 되지 않아 이용이 불가능했습니다.\n\n이에 광고형 요금제로 변경하면서 두 번의 결제가 발생하였는데,\n스탠다드 요금제와 광고형 요금제 두 건 모두 환불을 요청드립니다.\n\n확인 부탁드립니다.\n감사합니다.	23
32	안녕하세요\n제는 PC웹, 스마트TV, 안드로이드 폰으로 웨이브롤 시청하고 있습니다.\n\n그런데 어느날 접속을 하니 로그인이 되지 않고 \n'일시적 오류로 자동 로그인이 실패하였습니다. 재시도 하시겠습니까?  \n 직접 입력, 자동로그인 재시도'\n라는 문구가 뜨길래, 아이디와 비번을 넣고 로그인을 시도했으나\n'입력하신 정보에 해당하는 계정을 찾을 수 없습니다. ID, PW를 확인해 주세요'\n라는 문구가 뜨면서 로그인 되지 않았습니다. \n\n1. 우선 자동로그인이 되지 않았고,\n2. 이후 아이디와 비번을 넣고 로그인을 시도했으나 되지 않았습니다. \n \n아이디와 비번은 정확히 입력했습니다. \nPC웹, 스마트TV, 안드로이드 폰 3곳에서 동시에 이러한 현상이 나타났습니다. \n\n해결부탁드립니다.	32
32	안드로이드 셋탑 박스에서 TV용 앱을 사용중입니다.\n\n정확히 언제부터인지는 모르겠지만 한두달 전부터 이어보기 기능이 제대로 작동하지 않습니다.\n\n원래는 시청중에 TV를 꺼서 기기가 슬립모드로 들어간 후에 다시 켜면 보던 곳부터 그대로 재생이 되었습니다.\n\n현재는 이전화면(시청중이던 컨텐츠의 정보화면)으로 돌아간 상태로 켜지고, 이어보기 버튼과 함께 아래쪽에 재생 위치를 표시한 바도 제대로 표기는 됩니다. 하지만 이어보기를 누르면 재생바가 초기화되면서 처음부터 재생됩니다.\n\n이 문제를 인지한 이후로 최소 서너번의 업데이트가 있었지만, 고쳐지지 않고 일관적으로 똑같은 오류를 보입니다.\n\n너무 치명적인 문제인데 이렇게 오랫동안 고쳐지지 않는게 이해가 안되네요.	32
32	안방에 있는 TV에 웨이브가 웨이브를 가동시킬려면 어떻게 해야 됩니까?	32
32	어제 광고형스탠다드 원스토어로 결제했는데.오늘 더블광고형으로 변경했어요 환불은 어떻게 되나요?  그리고 더블이용권은 티비시청이 제한되나요??? 티비로는 아에 시청이 안되네요	32
32	에피소드를 TV 앱에서 실행시키면 계속 로딩 표시만되고 실행이되지 않습니다. \n다른 영상들은 정상적으로 다 잘 실행됩니다. 장희빈만 에피소드를 클릭한 후 계속 무한 로딩 상태입니다.\n\nwavve 버전: App:8.32.9 web: 1.0.0-20250930-05:24\n소프트웨어버전: T-KTMAKUC-1401.1\n디바이스모델: UN43MU6300	32
32	영화 한편을 보려고\n\n1.  광고형 스텐다드를 결제 했습니다.\n그런데 보려는 영화는 다시 결제를 하라고 하네요~  혹시 저렴한 정기권이라 그런가하고~ 해약하고 베이직 정기권으로 바꾸려는데 \n2. 해약이 안되네요~\n그리고 광고형도 TV에서 시청이 된다고 했는데 TV에 웨이브를 열면 첫화면이 결제부터 요구합니다 아이디나 계정으로는 접근 자쳬가 없네요\n그러다 할수 없이 결제로 진행하다가 결제 요구하면 멈추려 했는데 확인도 없이 바로 접속으로 진행되었더라구요\n3. TV에 결제가 되었는지 확인해서 취소해 주세요\n\n위의 1 , 2, 3의 답변 바랍니다\n개별결제 영화가 정기 결제로 볼수 없으면 모두  해약해 주세요	32
32	웨이브시청시 초록색으로 화면 노이즈 발생되며 지니TV 재부팅되는 현상문의	32
32	이용권 구독중임에도 스마트 tv로 재생시 계속 미리보기만 재생이 되는데 이거 왜 이러는 건가요	32
32	자꾸 끊겨요\n이거 태블릿이랑 lgtv 두개밖에 안써요.	32
32	저번달과 같은 이용권을 사용 했는데요\n저번달같은경우는 모바일에서 TV로 박스모양 누르면 연결이 되었었는데요.\n이번에새로결제가 되고나서 연결이 안되요\n예를들어 티니핑 같은 거요\n이유가무엇일까요?	32
32	전에는 tv에서만 그랬는데 이제는 사용하고 있는 모든 기기에서 다 같은 현상입니다.\n\n원피스를 보고 있는데 이거는 안그래도 시즌도 많은데, 다시 보려고 하면 한참 찾아서 다시 봐야하네요 개선좀 부탁합니다 제발	32
32	제가 10/6일 새벽1시 30분경에 \n베이직 요금제로 첫결제 3개월 5천원짜리로 해서 \n구독을 시작했는데요\n티비로 스트리밍이 안되길래 보니까 티비는 제외된 요금제더라구요.\n그래서 곧바로 스탠다드 요금제로 변경했는데\n첫결제 할인 금액이 적용되지않은듯 한데\n이렇게 기회가 날아가는 건가요?\n웨이브는 처음이라 9천원짜리 요금제면 당연히 tv도 되는건줄 알았거든요.\n첫결제한지 20분도 안됐고 스트리밍 전이었으니 바꾼 요금제도 3개월 할인 적용을 원합니다.	27
32	집에서 티비로 웨이브 켜고 큐알코드 인식, 폰으로 결제했습니다 아이디, 비번 없이 가입된 것 같아요 티비로 결제내역 확인이 안되고 폰으로도 안돼요 제가 잘 못해서 그런것 같은데 결제내역 확인 과 월정액 결제 해지 방법 알려주세요	32
32	티비로 멜론뮤직어워드 시청하려는데\n시청이 안되서 요금제문제인가 싶어 결제 후 시청하려고 시도하였으나 안되서 휴대폰으로 보았습니다.\n라이브 시청은 무료인것으로 알고있습니다.\n다른 가족은 결제없이 시청하였구요.\n환불희망합니다.	32
32	티비로 보려고 웨이브 이용권을 구매해서 첫구매 혜택으로 결제를 했는데 (3개월 5000원) 보니까 이거는 티비 시청 안되네요, 취소하고 스탠다드로 바꾸면 혜택 못받나요? 만약 혜택못받으면 해지하려고합니다	32
32	티비로 보려고 했는데\n작동이 안되서 환불원해요	32
32	티비로 보려하는데 안되서 환불합니다	32
32	티비로 볼랬는데 티비 시청이 안되는 거네요	32
32	티비로 시청하려하는데 이용권을 잘못구매해서 티비로시청이 안되요 환불되면 티비시청가능한 이용권으로 재구매하겠습니다	32
32	티비로 안되는줄 확인을 못하구 이 요금제를 선택해서 다른 요금제로 선택할게요	32
32	티비로 연결해서 보는게안되네요 변경하려구요	32
32	티비로 연결해서 보려고했는데\n까맣게 보이면서 광고재생만 되더라고요..ㅠㅠ\n아마 이용권이 안되서 그러는 모양인데\n환불가능할까요?	32
32	티비로보려고 했는데 연동안되서 환불하고 다시 가입하려구요	32
32	티비에서 재생하려 했는데 서비스 불가네요. 다른 앱에서 재생 확인만 했고 시청 목록, 시간 확인 하시고 환불해 주세요.	32
32	티비에서는 시청이 안되요 취소하고 따로 결제할게요	32
32	티빙에서 더블스텐다드 요금제인데\nTV에서 로그인해서 퀵VOD를 무료 시청했는데\n갑자기 안 되네요	32
32	티월드에서 결합상품으로 티비등록방법 알려주세요	32
32	한달에 한번 하나카드로 정기결제가 되고밌으나 폰 및 tv로는 시청이 안되네여\n해지를 요청 드립ㄴ다	32
32	한참보는중인데 tv제생은 아에 멈춰서 안나오네요\n중간에 화면 1,2초 멈췄다 재생되고 \n너무 끊기고한참\nㅜㅜㅜ중간중간에 화질도 나빠지고\n웨이브 사용못하겠네요\n다른 사이트 서비스써야할듯합니다\n오늘 결제한부분 취소 해주세요	32
32	해당 상품이 스마트 tv가 안되는지 몰랐어요. 다른걸오 다시 가입랄게요.	32
32	해드폰으로 로그인하고 TV화면에서 프로필 선택하면 이런 오류가 뜨고 연동이 안되네요\nRequired parameter is missing	32
32	휴대폰으로는 괜찮은데 TV는 한번씩  검정색으로\n먹통이 되서 안되는 이유가 뭔가요?\n참 불편하네요	32
33	10/29 한달 결제했고 당일 바로 환불 접수합니다\n크롬캐스트 미지원으로 인한 환불	33
33	12/10 이용권 결제했는데 에어플레이가 안되서 	33
33	2주 전?까지는 LG tv로 미러링해서 영상을 봐왔는데\n저번주부터 미러링 시도하면 tv에서 영상이 재생이 안 돼요.\n일시정지된 상태에서 10초 뒤로 가기, 앞으로 가기만 가능합니다.\n\n다른 ott는 문제 없는데 웨이브만 이러네요.\n\ntv나 셋톱박스도 살펴봤지만 문제가 없었어요.\n불편해서 그런데 이 문제 좀 빨리 해결해주세요-----!	33
33	4프로필 가족들이 사용중이고 4프로필중 1프로필은 안방에서 구글 크롬캐스트 이용해서 티비로 이용중입니다 어느순간부터 티비 계정 재생목록이 제 재생목록에 뜹니다 삭제하는것도 한두번이지 너무 짜증나는데 오류 언제 사라지나요? 찾아보니 구글 플레이스토어 평정 리뷰에 저와 같은 증상이 있는 사람이 있더라고요 그 사람 리뷰 -> 옛날에는 스마트티비로 이용 한프로필로 접속해놓으면 그 프로필로만 고정되서 접속되도록 됬었는데 왜 바뀌었나요?  빠른 확인후 오류 고쳐주세요 한달에 돈이 얼만데 이런 자잘한 오류를 일으키나요	33
33	Tv 미러링하고싶은데 가입한 요금제는 미러링이 안되서 해지 및 환불 요청드립니다.	33
33	갤럭시핸드폰,갤럭시탭으로 TV미러링시 연결되는데 재생이안됨. 티빙은 연결도되고 재생도됨.웨이브만안됨.	33
33	결제하자마자 구글크롬캐스트 미러링 안되는 거 확인했고 바로 환불 요청 합니다	33
33	광고형 스탠다드는 구글크롬캐스트가 안되는지 모르고 결제 하고 보려고 했는데 안되어서 결제 후 한번도 안봤는데 환불이 포인트로 되더라구요 그냥 환불하고 스탠다드로 다시 결제 하고싶은데 가능한가요? \n스탠다드형은 구글크롬캐스트가 되나요?	33
33	광고형 이용권 구매 후 정기결제 해지하고 상위 이용권 구매하려고 하는데 계속 해지하라고 뜹니다. 크롬캐스트 이용하고싶은데 대체 어떻게해야해요.	18
33	광고형으로 구독했고, TV가능하다고 되어잇는데\n미러링은 안되는 건가요? 크롬캐스트 이용권 하라고 하네요	14
33	구입한 이용권이 스마트티비로 미러링이 안되	33
33	모든 프로그램 티비랑 미러링 안됩니다\n다른 쿠팡플레이나 티빙은 되는데 왜 웨이브만 연결될것처럼 뜨다가 재생이 안되는지 모르겠어요 해결해주세요	33
33	안녕하세요\n웨이브 오리지날 왜 박스큐에서 재생안되요?\nS라인도 안되고 콘크리트마켓도안되고\n제가 크롬캐스트로 바꿔야되는거에요?	33
33	오늘 나홀로집에 영화구매 및 크롬캐스트 기기환경에서 웨이브 앱을 통해 시청하려 했으나, 'exo_error_unexpected' 에러글자와 함께 영화상영이 안되었습니다.\n\n결국 에러로 인해 실제적으로 영화 시청을 못하게 되어 환불요청을 드립니다.	33
33	오른쪽 상단에 보면 기기연결하는거 있잖아요\n구글크롬 연결해서 잘 써왔눈데\n언제부턴가 기기연결 누르면 기기연결할게 없데요\n이게 우리집 문제인줄 알았는데\n다른 ott는 다 잘 만 연결되요\n연결이 안되는게 아닌 아애 안떠요\n기기연결 목록에 아애 안뜹니다\n이거 빨리 손좀 봐주세요	33
33	와이파이연결시 접속 여전히 안됩니다\n크롬캐스트 로그인시 휴대폰번호로 로그인하려면 문자발송안되구요\n폰으로 와이파이연결시 서비스연결이 지연되고있습니다라고 뜨고 접속이안되요	33
33	웨이브 티빙 결합 광고형 결제후 \n티비에 크롬캐스트로 송출하려고 하는데,\n크롬캐스트 이용이 안된다고 뜹니다.\n광고형 설명에 보면 TV 호환 된다고 했는데, \n크롬캐스트가 안되는 이유가 무엇인가요? \n크롬캐스트를 이용하여 웨이브를 보려면\n어떻게 해야하나요? \n크롬캐스트 사용으로 볼 수 없으면\n요금제를 변경하던가 해야합니다. \n정확한 원인과 해결방안 부탁합니다.\n그리고 필요하다면 티빙 연동 안했으니 \n빠른 환불 바랍니다.	33
33	웨이브, 티빙, 웨이브 x 티빙 더블 이용권 세 가지 중에\n크롬캐스트 가능,광고 없고, 1080p 중 연간 이용권 포함해서 가장 싼 요금제 알려주세요.	33
33	웨이브콘텐츠상품으로 변경하여 이용하려고 합니다~  애플tv에서도 이용가능한가요?	33
33	웨이브티빙 더블광고형으로 7000원결제구매하였으나,\n주로 집에서 티비로 미러링캐스팅해서 보는데 더블광고형은 되지않는줄모르고 결제했습니다\n되지않아 다시 더블스탠다드 이용권 15,000으로 결제해서 이용권변경 하였습니다 차감금액일부 6100코인으로 적립이되었기에 차감된금액코인전부를 계좌환불요청합니다	52
33	잘쓰고 있던 크롬캐스트 영상 전송이 안됩니다 기기 문제인줄 알았더니 웨이브를 제외한 모든 어플은 다 문제가 없었습니다 티비에 연결된거까지는 뜨는데 영상만 플레이 하면 아예 검은 화면만 나오는 이유가 뭔가요?	33
33	저는 구글크롬캐스트를 통해 일반 TV로 OTT를 보는데요. <웨이브 X 티빙 광고형 스탠다드> 구매해보았는데 티빙은 구글캐스트 TV 앱을 통해 볼 수 있지만 웨이브는 TV 앱으로 볼 수 없었네요. 그래서 방금 전에 구매한 10월 요금 해지하고 환불 받고 싶어요. 티빙에서 1개의 프로그램을 50% 시청했거든요. 전액 환불을 바라지만 사용 흔적 때문에 안된다면 1일 이용한 것을 차감하여 부분 환불이라도 해주세요. 티비에서 OTT를 보지 못한다면 아무리 저렴한 가격이라도 의미가 없는 것 같아요. 그리고 만약 웨이브앱을 크롬캐스트로 보려면 가장 저가 요금 상품이 무엇인지도 참고할 수 있게 알려주세요.	33
33	지금 2시간 넘게 미리보기밖에 안되고 뭐 크롬캐스트 연결하려니까 크롬캐스트도 안되고 장난하나요? 내돈주고 보려고해도 안되는게 진짜 어이없네요; 이거 환불 해주세요 어차피 보지도 못했고 1분미만으로만 시청이되는데 환불 안해주면 그건 그거대로 문제겠네요;;;; 돈 그대 로 환불해주세요.	33
33	퀘스트 3를 이용해 시청하려했는데 화면공유 문제인지 검은화면으로만 나와 시청하지 않았습니다\n환불 요청드립니다	33
33	크롬캐스트 기능이 안되어 다른요금제로 변경하려고합니다.	14
33	크롬캐스트4인데 로그아웃 지멋대로 되고 로그인 안됨	33
33	킹덤 6기 애니메이션 핸드폰 -> TV 크롬캐스트 연결시 앞으로, 뒤로가기는 리모콘으로 안식됨, 재생버튼은 리모콘으로 인식안됨 버퍼링 나오다가 멈춤 현상	33
33	태어난김에 세계일주 시즌 1 티비연결로 보려고하는데 7화밖에 안나와요\n티비에 웨이브가 없어서 와이파이로 공유해서 보는 방식으로 보는데 태어난김에 세계일주시즌1 7화만 자꾸나오네요 ㅜㅜ	33
33	티비가 2대인데 전송대상에 티비가 하나만 뜹니다. 2대를 전송대상으로 잡으려면 어떻게 해야하나요~	33
33	티비랑 미러링해서 볼랬는데 미러링 자체가 안됩니다\n검색해봐도 미러링 유무가 안나와서 결제함\n미러링 되는지 좀 적어놓으면 좋겠어요	33
33	티비로 미러링하려는데 소리밖에 안나오고 티비에서는 웨이브 라이브도 안되고 환불해주세요	33
33	티비에 연결하는 버튼이 안눌러져요	33
33	티비연결하려는데 크롬캐스트  가능한 이용권 구매하라고  합니다  방금  결제했는데 변경가능한가요?\n이용권 중복 결제는  원치않습니다	33
33	티빙과의 더블 스탠다드를 구매했는데요, 티빙은 크롬캐스트로 연결이 되나, 웨이브의 경우에는 아이패드 앱에서 크롬캐스트 버튼을 눌러도 ‘연결 가능한 기기가 없습니다’라고 떠서 연결이 안 됩니다. 아이패드와 티비 모두 같은 와이파이로 연결되어 있고, 티빙은 잘 작동하여 티비로 볼 수 있는 상황입니다.	33
33	해당요금제가 크롬캐스트 불가여서 환불하고싶어요	33
33	핸드폰으로는 사용이 되는데 크롬캐스트를 통해서 웨이브를 실행하려고 휴대폰 로그인을 하는데 메세지가 보내지지 않는다고 자꾸 안내가 나오네요... 왜 이러는거죠?	33
33	스카이라이프 연결된 TV에서 웨이브 앱은\n깔려있는데 로그인 환경은 안나오고\n가입만 하라고 떠서\n시청할수없는데 방법이 있을까요?	33
33	집에서 kt스카이라이프 웨이브 결제해서 시청하고 있습니다.\n프로필1~4까지 있는데 프로필1로만 선택해서 시청하고있는데 어느순간부터 제가 보던게 시청내역에 안떠서 혹시나 기존 시청내역을 삭제하면 근래보던 내역이 뜨나하고 삭제해보려는데 모바일처럼 내역을 삭제하는 기능이 없더라고요?\n티비에서 기존 시청내역 삭제하는 방법 알려주세요.\n홈페이지에서 프로필변경이 가능하다고 밑에 안내 문구 한줄 나와있긴한데 집에서 결제하고 시청하는건데 아이디랑 비번없이 어떻게 홈페이지에서 변경이 가능할까요??	33
34	DRM은 재생할수 없습니다. 라고 뜨면서 티비에 연결되지 않습니다	34
34	PF50KS-KR디바이스에서는 재생이 안되나요?	34
34	다른 방송은 다 재생이되는데 석삼 플레만 면결이 지연되고있다고  있다고하네요!	34
34	몇개 재생이 되는 것도 있는데 waave 로딩만 종일 되고 재생 안되는 영상이 너무 많네요. 뭐가 문제인지.	34
34	셋탑박스는 LG U+ 구요\n구글 크롬캐스트 사용하고있습니다\n근데 재생하면 fairplay drm 은 안된다고 뜨는데\n확인눌르고 다시 재생하면 되네요\n저 문구는 왜뜨나요? 원래 안떴는데	34
34	안녕하세요 같은 프로그램 며칠째 이상없이 보고있는데 갑자기 몇분전부터 재생불가라고 뜨네요	34
34	웨이브5.0\n플렛폼버전  티젠6\nDRM지원여부 이기기는 DRM영상을\n지원합니다\n\n라고 확인이되는데\n일부프로그램에서 왜 재생이안되나요?	34
34	일부 영상을 제외하고는 갤럭시탭 s8 울트라 태블릿에서  다수 영상 시청 불가  검은 화면만 나옴  다운로드시 시청 문제 없음\n\nDrm 문제로 사료됨	34
34	재생되다가 구간넘기고 나서 정지함. 다른 회차를 재생해봐도 전부 재생이 안되고있음. 해당 드라마만 재생 안됨.	34
34	노트북으로 시청할려고 했는데 영상이 재생이 안되고 검은화면에서 재생버튼도 눌리지않아요	34
34	다른건 다되는데 여전히 나혼산이랑 신인감독김연경만\n크롬캐스트 재생이 안됩니다 다른 쇼프로는 모르겠고 이강에는달이흐른다같은건 재생이되니 크롬캐스트 문제라고는 생각되지 않습니다\n일요일에 보니 이제 실시간티비 마저 신인감독김연경은 저작권 어쩌고 하면서 재생이 안되더군요 \n다른 프로그램은 잘된다고 얘기했는데 자꾸 크롬캐스트 기종이 뭐니 이런얘기가 왜 나오는지 모르겠습니다 도대체 몇번을 얘기하게 하는지요 저작권 문제건 무슨 사유가 있으니 그 프로들만 재생이 안되는건 아닌가요? 뭔 상황인지 다시 확인해주세요 \n\n■ 크롬캐스트 재생 오류 \n\n1. 크롬캐스트 모델명 : 2세대\n\n2. 기본조치여부 : ...다른 프로그램은 다 재생됩니다\n\n3. 증발발생시점 : 글올리기 시작한 때부터..\n\n4. 상세증상 : 대표적으로 나혼산이랑 신인감독 김연경 콘텐츠 재생시 연결까지는 다 되고 재생표시도 티비에 뜨지만 재생버튼 누르면 검은화면만 나옴\n\n5. TV와 핸드폰, 크롬캐스트가 동일한 Wifi 신호에 연결이 되었는지? : 당연하죠	34
34	2025.12.14 00:10분에 드라마를 재생했으나 검은화면만 나오며 재생이 안됩니다. 계정오류인가 싶어 캐시를 삭제하고 다시 재생했으나 같았고, 일시적 오류인가 싶어 20분 후 00:30분경에 다시 재생해봤지만 안됐습니다. 보려고 했던 영상뿐만 아니라 wave에서 제공하는 다른 영상들도 아무거나 재생해봤지만 현재 재생되지 않는 상황입니다. 서버에 무슨일이 있는 건가요? 불과 4시간 전엔 잘 보고 있었는데 왜 지금 wave 영상들이 다 재생이 안되는 건지 궁금합니다.	34
34	PC 환경에서 웨일, 크롬, 엣지를 비롯한 모든 인터넷 어느 것으로 접속을 해도 영상 재생을 하면 마치 그래픽 카드가 다운이 되듯이 화면이 지직하며 검은화면으로 꺼져버리며 멈췄다가 화면이 회복이 됩니다.\n\n이전 컴퓨터에서는 아무 문제가 없었으나, 새컴퓨터로 바꾸고 이용 중 영상을 시청하려고 하면 유일하게 웨이브 한 곳에서만 이런 현상이 벌어집니다. 무조건 화면 다운이 일어나며 그래픽 카드가 다운되거나 오래된 티비가 화면이 먹통되어 끊어질때처럼 모니터 화면이 일시적으로 마비가 되었다가 점차 회복이 되어 영상이 나옵니다.\n\n한번 그 증상을 겪은 뒤에는 영상을 계속 볼 수가 있으나 새로운 영상으로 넘어가거나 다시 클릭해서 직접 눌를때도 무조건 그 현상이 일어나 컴퓨터 자체에 데미지 또는 피해가 입을거 같아서 웨이브를 피시 환경에서 쓸 수가 없습니다. 증상의 원인을 전혀 모르겠습니다.	31
34	피의게임3 2회부터 크롬캐스트 연결이 안됩니다 \nfairplay drm을 재생할 수 없다는데 왜이런거죠? 원래는 티비로 연결해서 보던건데 갑자기 안되요. 휴대폰으로는 됩니다	34
34	개별 구매한 컨텐츠가 개인 노트북에서 서비스 지연이라는 메시지만 뜨고 재생이 안되는데, 무슨 이유인지 설명을 좀 신속히 해주시고, 지금 재생이 안되는 부분에 대해 어떤식으로 조치하실 건지 신속히 설명 바랍니다	34
34	일반 예능프로그램은 잘 재생 되는데 나우유씨미 영화만 재생하면 서비스 연결 지연이라고 계속 뜨네요.. 개별구매 해서 보려고 하는데 결제는 되더니 계속 영상은 안나와요 얼른 해결좀 해주세여..	34
35	(2019 로드킬) 25.10.18. 2시23분경 영화 개별구매를 완료해 계좌내역에 출금 이력이 있는데 어플 내에 구매 콘텐츠에는 구매내역이 없다고 기재가 되어있습니다.	35
35	lg 빔프로젝터 어플에서 개별 구매 후 플레이 했는데 계속 로딩중 표시(웨이브로고)만 뜨고 영화가 재생되지 않습니다. 전에도 이런적이 있어요. 자꾸 왜 이러는건가요?	35
35	개별 구매 상품을 구매하려고 결재 했는데 이용권과는 무관하게 결재를 해야해서	35
35	개별 구매 품목인줄 모르고 구독했더니 또 개별구매하라고 함…	35
35	개별 구매로 사서 봐야 하능게 넘. 많네요	35
35	개별구매 필요 컨텐츠로 개별구매예정	35
35	개별구매는 이용권 구매 없이 구매하고 볼 수 있는건가요? 아이패드는 왜 개별 구매가 불가능한 기기라고 뜨는건가요?	35
35	개별구매만 가능한 영호ㅏ 인줄 모르고 이용권 구입했어요... 해지부탁드려요ㅠㅠ	35
35	개별구매상품원함	35
35	개별구매한 영구소장 영화의 겨우 멤버십 해지후에도 볼수 있나요 아니면 맴버십 가입후에만 볼수있나요	35
35	개별구매해야 시청가능한 콘텐츠로 변경된 사실을 몰랐습니다	35
35	결제가 된 다음\n개별구매 불가 기기라네요	35
35	나기의 휴식 컨텐츠 개별 구매했는데 구매목록에 보이지 않습니다	35
35	보고 싶었던 게 티빙이랑 웨이브에 있어서 묶여있는 이용권을 구독했는데요 알고보니까 웨이보는 개별구매를 해야 볼 수 있게 해놨고 티빙은 뭐 이용권을 업그레이드를 하라네요? 결국에 이용권을 구매 했지만 보고 싶던 콘텐츠를 단 한 개도 시청할 수 없었습니다.	35
35	보고 싶은 영화가 이용권으로 시청이 가능할 줄 알았는데, 개별구매 해야되는 영화더라구요\n\n다른 영상 시청은 하지 않았습니다	35
35	보고싶은 영화가 개별구매로 되잇어서	35
35	보고싶은 영화만 개별구매할 예정입니다	35
35	보고자 했던 콘텐츠가 개별구매입니다.	35
35	영화 <개들의 섬>을 보려고 1개월 이용권을 끊었는데 영화가 개별 구매라며 감상하려면 따로 구메해야 한다네요.	35
35	영화 구매하려니 아이패드아이폰 개별구매 불가 기기 뜨는데 pc로 구매하고 아이폰이나 패드로 볼수있나요	35
35	영화 그린마일을 보려고 하는데 개별구매로 나오네요. \n이용권을 구입해도 개별구매로 적힌 영화들은 사서 봐야하나요? \n\n혹시 개별구매 영화도 모두 볼 수 있는 이용권은 없는 건가요?	35
35	영화 플러스는 개별 구매가 필요한 작품으로 알고 있습니다.\n다만 예를들어 (2025.11.05 00시 30분경 기준) 영화 “골드핑거”처럼 이용권을 통해 바로 재생이되는데, 검색시에는 영화플러스로 분류된 경우가 확인되어서요.\n\n1. 단순 오류일지? 혹은 일부 영화 플러스 상품 중 이용권을 통해 재생이 가능한 건지 궁금합니다.\n2. 단순 오류일 경우, 홈 목록에서는 개별구매 상품 여부를 알수 없어 의도치 않게 해당 영화를 이용권을 사용해 재생했다면 별도의 추가 결제가 요구될지 문의드립니다.	35
35	영화를 보려고 했는데 개별 구매가 아닌 이용권을 결제해야하는 줄 알고 잘못 결제를 했습니다	35
35	영화보려고 구매했는데 보려는 영화가 개별구매네요	35
35	영화보려고 이용권 구매했는데 개별구매임	35
35	예를들어 쥬라기월드 새로운시작경우 개별구매로 되어있는데 \n\n프리미엄이용하면 개별구매없이 시청이 가능한가요?	35
35	와일드 2015년작 영화 컨텐츠 구매했고 5500웡 카드 결제 알림까지 떴는데 티비에서 계속 개별 구매하기 버튼이 보입니다. 구매 여부 확인 부탁드립니다.	35
35	용감한 시민 영화 단품 구매는 불가한가요? 가능하다면 방법도 알려주세요!	35
35	월정액 가입하면 볼 수 있을 줄 알았는데 개별구매하라는 영상이 너무 많네요.	35
35	이용권 결제없이 단건구매 개별구매 방법 알려주세요	35
35	이용권 결제하면 다 볼 수 있을 줄 알았는데 보고 싶은 영화가 전부 개별구매에요\n방금전에 이용권 구매했고 한번도 이용 안했습니다	35
35	이용권 구매하였고 1시간 이내에 철회요청드립니다. 컨텐츠 사용하지 않았습니다 .. 보고싶은 영화가 개별구매여서 .. 이용권 안쓰려고 합니다	35
35	이용권으로 시청할 수 있는 줄 알았던 vod가 개별 구매 상품이었습니다.	35
35	일부 영화들은 이용권을 사도 따로 구매해야되는지 모르고 구매했습니다. 그냥 개별 구매하겠습니다.	35
35	저는 영화를 자주 보는데 개별구매가 너무 많아 볼만한 콘텐츠가 거의 없어요.	35
35	정기 이용권 구매하면 아바타를 개별 구매하지 않고 이용할 수 있는지 알았는데 아니었음. 아바타만 볼거임.	35
35	제가 필요했던 콘텐츠가 결제를 하고 보니 일반 이용권으로는 시청이 불가능한 개별 구매 컨텐츠여서 구독 해지 요청합니다.	35
35	주토피아1 시청하려고 이용권 가입했으나, 추가로 개별구매해야된다고 해서 이용권 해지하려고요	35
35	프로메테우스 보려고 이용권 구매했는데 알고 보니 프로메테우스는 개별 구매항목이네요...\n\n이용권 구매 후 단 한 개의 컨텐츠 이용하지 않았습니다.	35
35	해리포터 개별구매인줄 몰랐음	35
35	해리포터 시리즈 보려고 결제했는데 정작 해리포터는 개별구매였네요	35
35	개별 구매는 뭔가요?	35
35	이용권 구매 없이 한편만 구매 해서 볼 수 있나요?	1
35	단편만 판매 하나요?	46
35	영구 소장 영화는 뭔가요? 	35
36	광고형 잘 모르고 결제 하는데 \n혹시 환불 안될까요 ??\n광고 나오니까  좀 불편하네요	23
36	광고형이 아닌 정액권 이용중인데 언제부턴가 라이브채널 시청시 광고가 중간에 뜨는데 왜 그렇죠?\n광고가 나온다한들 광고가 끝나면 다시 라이브채널로 돌아가야하는데 또 다른 광고로 이어지고 몇개의 광고가 지나가도 끝나질 않아요. 장난하는것도 아니고 뭐죠?	36
36	라이브 1박2일 보는데 광고가 나오면 검정화면에서 넘어가질않는데 왜이런거죠?\n그리고 광고가 왜이렇게 전보다 많아진거죠?	36
36	"수고하십니다.\n\n문의에 대한 답변에 따르면\n\n""방송사의 광고가 노출될 때는\n타임머신 기능이 작동을 하나\n해당 시간에 웨이브의 대체 광고가 노출될 경우엔\n실제 방송사에서 송출하는 프로그램이 아니기에\n시스템상 타임머신 기능이 미 적용되는 점""\n\n웨이브의 대체광고가 노출될때 시스템상 타이머신이 안된다고 했는데\n그렇다는것은\n1. 시스템상이란 그렇게 의도적으로 만들었다는것이고 \n왜 그시간엔 아무것도 못하고 강제적으로 광고를 시청해야 하는거죠?\n\n2. 방송시청중에도 방송사 중간 광고시간 외에도 미리 광고가 \n   나오는경우가 있는데 같은데...   이건 어떻게 된거죠?"	36
36	스탠다드 이용권 이용 중인데 라이브 시청 중에 광고가 나오네요	36
36	안녕하세요 프리미엄 쓰고 있는데 라이브 시청시 별도 광고가 왜 플레이 되나요?	36
36	앞서서 한 질문에 답을 주신다고 했는데 아직 답을 안주신것 같습니다.\n\n큰 문제점이 있는데요\n\npc 에서 타임머신 기능 사용중 광고 시간이 아닌데도 웨이브 광고가 나옵니다.\n증상은 타임머신기능으로 시청중 원래시간대에 광고가 나오면 그 시간에 타임머신 시청중에도 광고가 나옵니다. 그것도 반복되는 웨이브 광고로\n이건 완전 오류맞죠\n\n모바일에서 오디오모드로 했으나 웨이브광고나올때는 또 영상이 나옵니다. 데이터 다 잡아먹고 난리난리\n이것도역시 오류맞죠\n\n앞서서 이야기한 것들도 안고쳐졌는데 계속 문제가 발생하니까 다른것들은 그냥\n넘어가게 되고\n웨이브 왜이러나요. 어떻게 개편을 했길래 기존에 되던것들이 다 이러는지.\n웨이브 광고에 집착하다가 기능들이 엉망진창이 됐습니다.\n\n빨리 수정해주세요	36
36	어제 크롬에서 MBC 실시간을 보면서 타임머신을 실행 후 1시간 48분 전으로 돌아가서 기분좋은날 재방송을 보고 있는데 무슨 유튜브 마냥 60초 광고가 뜨는 버그가 있었습니다.\n그 시간에도 방송사 광고 시간은 없었단 말입니다	36
36	얼마 전부터 타임머신 기능이 예전에 이용했던 것과 많이 다릅니다.\n방송 중에 갑자기 끊기면서 광고가 나오질 않나 직전에 끝난 방송보려고 하는데\n광고 나오면서 타임머신 버튼이 없어져서 기능 사용을 할 수가 없어요. 왜 이런가요??\n무료로 보는 것도 아니고 월정액 내면서 보는데 이런 불편사항이 왜 생기는 거죠?	36
36	이용권 변경하고자 함 광고 나오는것 불편	14
36	이전에 시청할 땐 타임머신 사용 중 광고가 나오는 부분을 넘길 수 있었는데, 오늘은 해당 기능 사용 중 시청과 관계 없는(재생바가 없고, 광고 후 재생됩니다 라는 문구가 쓰여 있으며 스킵이 불가능한) 광고화면으로 넘어간 후 무한으로 광고가 나오는 문제를 겪음. 광고보고 반값에 쓰는 요금제도 아닌데, 당연히 없어야 할 광고가 뜨는 것도 모자라 멈추지도 않네요.	36
36	타임머신으로 시청중에 광고시간이 아닌데도 Wavve 자체 광고가 갑자기 끼어듭니다. 광고형 요금제도 아니고 일반 스탠다드 요금제인데 이러면 안되지 않아요?\n\n그리고 타임머신으로 지나간 방송보려고 채널 들어갔는데 Wavve 자체 광고가 나오고 있으면 광고 끝날 때까지 마냥 기다려야합니다. 잘못 걸리면 수분씩 기다려야하는데 이거 말이 안된다고 생각해요. 광고형 요금제도 아닌데 언제부턴가 갑자기 원하지도 않는 광고를 강제로 시청해야합니까? 하루빨리  수정바랍니다.	36
36	티빙 웨이브 같이 볼 수 있는 요금제 사용중입니다\n웨이브에서 드라마 시청 중 광고가 나올때 검정색 화면에 소리만 나고 광고가 끝난 후 다시 재생이 되지 않습니다\n전엔 뒤로가기 눌렀다가 다시 틀면 광고가 보이고 다시 드라마 시청이 가능하고\n중간 광고는 또 검정화면에 소리만 나고 광고 끝난 후 재생이 안되는 현상이 반복됩니다\n티빙과 웨이브는 광고시 문제가 발생하고\n넷플릭스는 잘 됩니다 (넷플릭스도 광고형 요금제 사용중입니다)\n어떻게 해야 하나요	36
36	프리미엄 이용 중인데 시청 중간에 광고가 왜 계속 나오나요.	36
36	현재 베이직  사용중인데\n중간중간 왜 이렇게 광고가 뜨나요??\n\n광고형 중복 결제 환불건도 아직 이고...	36
36	광고형 이용권이 아닌 데도 광고가 나오나요?	36
36	광고는 총 몇번까지 나오나요?	36
36	타임 머신을 이용할때 나오는 광고는 웨이브 자체 광고 인가요?	36
36	자체 광고가 여러 번 나오는 이유는 뭔가요? 	36
36	중간 광고하 2번 이상 나오는 건가요?	36
36	광고가 안나오게 할 수는 없나요? 	36
37	<내일을 위한 시간>을 구매했는데 다운로드가 안되는 제품인가요 ?	37
37	15회가 된다고 알고있는데 다운로드 버튼이 없는건 안되는거 아닌가요?	37
37	1951년작, 크리스마스캐럴 다운로드 하고 싶습니다. 방법을 알려주십시오.	37
37	2012년작 폭풍의 언덕 다운로드가 불가능하여 문의남깁니다.	37
37	5500원 내고 영화 구매했는데 다운로드 못하나요? 버튼 안보입니다.	37
37	7,900원 결재 시 안내 내용에는 다운로드가 무제한으로 되어있었는데 최신컨텐츠는 다운로드가 안되는 이유가 머죠?\n제가 못찾는건가요? 만약 최신컨텐츠 다운이 안되는거라면 이건 과대광고 아닌가요?	37
37	KBS 생로병사의 비밀 을 저의 폰에서 다운로드 하여 잘 보고 있는데,,,\n내 PC로 다운로드 하려면 어떻게 찾아서 복사 하나요?\n\n다운로드 설정은\n내 PC\흥관의 Galaxy S9+\Phone\Android\data\kr.co.captv.pooqV2\files\Movies\wavve\do \n\n으로 해 두었습니다\n\nGalaxy S9 폰은 안드로이드(android) 10 OS가 설치 되었다고 하는데,,,	37
37	PC로 프로그램 다운로드 받은 후 시청하려는 데 다운로드하는 방법을 모르겠어요.	37
37	VOD 서비스는 어느 프로그램에 해당되며 어떻게 다운로드할 수 있나요?	37
37	Wavve 에 있는 콘텐츠는 다운로드가 안되나요?\n스파이더맨, 셜록 드라마가 다운로드가 안됩니다	37
37	갑자기 왜 다운로드 버튼이 에피소드 회차별에 안보이죠? 다운로드 할려는데요?	37
37	개별구매한 영화 다운로드 받아놓고 싶은데 다운로드 하는게 없으면 못하는건가요?	37
37	개별구매했는데 다운로드 안되나요?	37
37	건국전쟁 1 개별구매 하여 다운로드해서 보려 하는데 다운로드 버튼이 안보이네요\n다운로드 어떻게 가능한가요?	37
37	광고형 스탠다드는 월 15회 제한 다운로드로 알고있는데 다운로드할 수 있는 아이콘이 안 보여요	37
37	광고형 시청 결재를 하면 다운로드 15회인데 그게 오프라인 다운로드 인가요?\n제 갤럭시 폰에 저장이 가능한건지 궁금합니다\n아니면 웨이브 앱 내에서 오프라인 다운인지...	37
37	광고형도 월 15회 다운로드 가능하다고 알고있는데 어떤 프로그램을 들어가도 다운로드 버튼이 안뜨네요 ,, 왜 그런건가요 ??	37
37	구독 전 15회무료 다운로드라는 정보를 보고 결제했는데 다운로드 하는 곳이 없음! 어떻게 하나요?	37
37	꾹 눌러봐도 다운로드 버튼이 없어요	37
37	나루토 시리즈 다운로드 미지원 컨텐츠인가요?ㅠ다운로드 가능한 방법이 잇으면 알려주세요\n감사합니다	37
37	다운로드 기간이 몇일인가요? 연장 가능한가요?	37
37	다운로드 무슨 뜻인가요   그냥 시청 한다는  건가요?	37
37	다운로드 버튼이 없어요 뭘 눌러야 다운로드를 할 수 있는건가요	37
37	다운로드 어디서 해야하나요???	37
37	다운로드 제한이 너무 많아요	37
37	다운로드 클릭하는게  찾아도 안보이는데	37
37	다운로드 한 영상은 연속재생이 안되네요? \n그리고 다운로드한 영상은 자동으로 화면이 작아지는게 자동으로 안되는건가요?	37
37	다운로드. ...	37
37	다운로드가 되다가 중간에 정지 했어요 안 받은 파일 삭제도 안되는데 어떻게 해요?	37
37	다운로드가 원래 안 되는지 궁금합니다! 이번 특전 프로모션에 참가할 겸 소장을 구매했습니다. 오프라인으로 다운로드해서 보려고 했는데 다운로드가 안 떠서 저작권 이슈로 불가한 지 아니면 오류인 건지 궁금합니다!	37
37	다운로드를 어떻게 하는지 모르겠어요\n검색도 해보고 다했는데 모르겠어요	37
37	다운로드버튼이 없어요 \n다운로드 무재한으로 되는 구독권 이용중인데 아이폰에 다운로드 버튼이 없어요	37
37	다운로드시 타 사이트로 자동 업로드가 되나여?\n(다운로드시 불법 인가요? 추후에 문제가 되지않나요?)	37
37	더블 광고형 스탠다드 이용권 구매 했는데 프로그램 다운로드를 할 수 없어요.. 다운로드 아이콘이 화면에 아예 없어서 시청하기만 되네요. 다운로드하려면 어떻게 해야 하나요?	37
37	더블 스탠다드 이용중인데 다운로드 버튼이 없습니다. 아용권 설명에는 웨이브 콘텐츠는 무제한 다운로드가 가능하다고 되어있는데 어떻게 다운로드 받나요?	37
37	동영성 오프라인 다운로드를 sd카드로 변경하고 싶은데 지원안하냐요? 경로 변경하는걸 못 찾겠네요	37
37	미리 다운 받아놓고 비행기에서 보려고 하는데\n비행기 모드 해 놓은 상태에서 다운로드 해놓은 영상 시청이 가능 한가요?	37
37	베이직 요금제 사용 중인데 컨텐츠 다운로드 버튼이 없어요 혹시 베이직 요금제는 컨텐츠 다운로드 못하나요?	37
37	보고싶은 컨텐츠들이 다운로드가 안되는데 전부 다 다운로드 되게 해주시면 안되나요? 다운로드가 되는게 있고 안되는 것들이 있는데 왜 이렇게 하신건지 궁금합니다.	37
37	비행기에서 아이패드 이용해서 하이스쿨 히어로즈를 보려고 하는데요.\n다운로드 아이콘이 안떠요.\n어떻게 해야하죠?	37
37	사용중인 요금제를 철회하고 다운로드 가능한 요금제로 바꾸고싶은데 가능한가요?	37
37	서비스 중지 전 다운로드 받았었는데 현재는 다시 받을 수 없는 건가요?	37
37	신카이마코토 작이나 다른 애니, 영화들 오프라인 다운로드 안됌	37
37	"아웃오브아프리카는 다운로드가 안되는 건가요?"""	37
37	아이폰에서 콘텐츠 다운로드 불가	37
37	안녕하세요 베이직사용중인데 영화,애니메이션 다운로드가ㅜ안되는데 어떻게하는건가요? 에피소드별로 옆쪽에 다운로드표시가 있어야되는데 없네요	37
37	안녕하세요 영화 코코 패키지 구매하였습니다.\n\n저는 개별구매라고 적혀있어 다운로드 가능한줄알고 구매하였는데, \n웹사이트에서 시청만가능한것같아서 환불문의드립니다.\n\n감사합니다.	37
37	안녕하세요.\n영화를 개별구매 했습니다.\n그런데 다운로드 버튼이 안보입니다.\n\n정액이용권을 끊어야 하는 건가요?\n아니면 개별구매 영화는 아예 다운로드가 안되나요? (비행기에서 보기 위함)	37
37	안녕하세요?\n\n개별 결제의 경우, 영화에 따라 스트리밍만 되는 것이 아니라 다운로드까지 되는지 여부가 달라지나요?\n다운로드가 되는 줄 알고 결제했었어서 문의 남깁니다. \n\n이전에 영화 2편을 구매해서 다운로드도 한 적이 있었는데, 최근 클래스라는 영화의 경우 비슷한 금액이라 대여해서 다운로드까지 가능하다는 말인 줄 알았습니다. 그런데 활성화된 버튼이 없더라고요. \n\n1) Waave에서 '클래스'라는 영화의 개별 다운로드가 가능한 방법은 없는 것인가요?\n2) 무엇을 보고 어떤 영화가 스트리밍만 되는지 또는 다운로드도 가능한지 알 수 있나요?\n\n확인해주셔서 감사합니다.	37
37	안녕하세요?\n\n드라마 영상을 다운로드 하고자 하는데 방법을 찾지 못했습니다.\n파일을 다운로드 하려면 어떻게 해야 하나요?	37
37	안녕하세요\n스탠다드 이용권 사용중입니다 다운로드 무제한이라고해서 사용하고있는데 \n어떤거는 다운로드 표시가 있고 어떤건 없고 왜그런걸까요?? 막상 다운로드 표시되있는건 10개중 1개꼴이던데... 이유가궁금합니다\n그리고 다운로드 버튼있는거를 다운받으려고 누르면\n이용권을 추가구매하게 되있던데 왜그런건가요	37
37	알토란 562화 영상 다운로드(.mp4 / .avi 등)를 받고 싶습니다.\n\n1. 개별 구매 이용권으로도 다운로드가 가능한가요?\n2. 안된다면 어떤 이용권을 사용했을때 다운로드가 가능할까요?	37
37	애니나 영화 다운받아서 보고싶은데 다운버튼이없어요 조금없는것도아니고 아예없어요 요금제는 베이직써서 다운로드 무제한으로 알고있는데 없는게 정상인가요?	37
37	연애남매 프로그램을 다운받아 출퇴근시 보려고\n더블스탠다드 요금제를 가입했습니다. \n컨텐츠옆에 다운로드 버튼이 안보이는데 어떻게 다운받아 볼수있나요?\n홈페이지요금제 설명에서는 웨이브 다운로드 무제한으로기재되어있는데 다운이 안되는 요금제인건가요?	37
37	영구 소장으로 구매한 영화는 파일을 다운로드 받아 개인 컴퓨터에 파일을 저장할 수 있는 시스템인가요? 아니면 영구 소장으로 구매를 했더라도 웨이브 플랫폼을 통해서만 시청이 가능한가요?	37
37	영화 빅쇼트 개별구매 후 다운로드 가능한가요?	37
37	영화 폭풍의 언덕을 비롯해 여러 영화들을 다운로드하려 하면 다운로드 권한이 없다고 뜹니다. 다운로드가 무제한이라고 설명되어 있는 베이직 이용권을 구매했는데 왜 이런가요? 무엇무엇이 다운로드 불가하다고 미리 기재해두지 않았으면 소비자법상 위법한 것 아니던가요?	37
37	예전에는 다운로드한 동영상을 비행기에서 이것저것 볼 수 있었는데 몇년전부터 이륙 전에 켜둔 영상만 볼 수 있고 새로운거 보려면 불가능해 너무 불편해요. 볼 수 있는 방법 마련해주세요.	37
37	오프라인 다운로드 아이콘은 원래 영상 우측에 뜨는거 맞나요? 지금 베이직 요금제 사용중인데 다운로드 아이콘이 안보입니다.	37
37	웨이브 다운로드 방법을 계속 찾아봤는데도 안 돼서 문의드립니다.다운로드 버튼이 없습니다,제발 빨리 해결해주세요! 해외 여행할때 비행기에서 볼려고 했는데 안 돼서 당황스럽네요....ㅠㅠ	37
37	웨이브+티빙 스탠다드 요금제 선택시 다운로드 무제한으로 되어 있어서 선택했는데 다운로드가 아예 안되네요.	37
37	웨이브는 무제한 다운로드되고 티빙은 몇백편 다운로드 가능하다고 적혀있는데\n다운로드가 모바일로만 되는건가요? PC도 되나요?	37
37	웨이브에서 유료로 결제한 영화 콘텐츠에 대해 문의드립니다.\n해당 콘텐츠가 대여가 아닌 유료 구매(결제) 임에도 불구하고, 현재는 인터넷(와이파이) 연결이 가능한 환경에서만 시청이 가능하고 다운로드 기능이 제공되지 않는 것으로 보입니다.\n\n네트워크 접속이 불가능한 환경(이동 중, 해외, 기내 등)에서도 시청할 수 있도록 다운로드 기능을 제공하는 것이 합리적이지 않은지 의문입니다.\n유료 콘텐츠임에도 온라인 환경에서만 시청하도록 제한하는 정책의 이유가 무엇인지 명확한 설명을 요청드립니다.	37
37	은하영웅전설 애니메이션 다운로드가 가능하나요?	37
37	을 알려주세요...\n아무리 찾아도 다운로드 버튼이 안보여요	37
37	인어공주 더빙판 영구소장 구매했는데 다운로드가 없네요 다운로드는 안되나요?	37
37	제 이용권으로 15회 다운로드 가능하다고 되어 있던데..\n다운로드 방법을 모르겠어요.	37
37	제가 2025.11.27.목 오후 10:26분쯤 wavve 베이직을 결제했는데 시청은 되는데 다운로드 할려니까 다운로드 가능한 이용권이 아니라고 떠요.\n구매할때는 다운로드 무제한 인거 보고 결제한건데 안되면 어떻하나요?\n내일 여행갈려고 구매한거기에 빠른 해결해주세요	37
37	제가 변경한 요금제가 방송 및 VOD 다운로드가 가능함에도 굿닥터가 다운로드 되지 않습니다.	37
37	제가 체인소맨 극장판 레제편 개별 구매했는데도 오프라인 다운이 안되는건가요? 다운로드 방법 알려주세요	37
37	주로사용하는게 동영상용 폰이라 다운받아 보는데 다운로드 경로가 sd카드로 변경하고 싶은데	37
37	지금 더블슬림 요금제 쓰는데요\n설명에는 웨이브 다운로드 무제한이라고 되어 있는데 다운로드 메뉴는 어디 있는 건가요?	37
37	캐나다에서도 시청이 가능한지 궁금합니다. 주로 영화 이용할 예정인데 다운로드도 가능한지 여쭙습니다	37
37	킹 오브 킹스\n구매하려는데 다운로드 가능할까요?	37
37	폰으로 파일을 다운로드 했는데\n어디서 확인을 하죠 전에는 다운로드 파일을 확인 하는 창도 있었는거 같은데\n폰으로 다운받고 여기 사이트를 들어와도 확인이 안되네요 pc에서는 다운로드가 되지도 않고	37
37	피의게임 다운로드가 안됩니다	37
37	해외(일본)에서 와이파이로 시청 가능한가요?\n아니면 다운로드 시청은요?	37
37	황산벌 영화를 개별구매했는데요, 혹시 다운로드가 불가한가요?\n다운로드 가능한 아이콘이나 메뉴가 보이지 않아서요.	37
37	휴대폰에서 드라마나 영화 다운로드를 하려고하는데 다운로드 권한이 없다는데  제가 베이직을 이용하고있는데 다운로드 무제한이라고 표시되는데 어찌된건지 설명좀 해주세요	37
38	[Web발신]\n안녕하세요, Wavve(웨이브) 고객센터입니다.\n\n1:1 접수를 통해 문의주신 MBC < 남극의 셰프 > 콘텐츠 제공 관련 안내드립니다. \n\n해당 콘텐츠는 방송사의 요청으로 인해 방송 후 1주일 뒤 웨이브 내 VOD 로 업로드 예정입니다.\n\n■ 웨이브 내 제공 \n\n- LIVE : 미제공 \n- QVOD : 미제공\n- VOD : 방송 후 1주일 뒤 업로드 \n\n다만 콘텐츠 업로드 시간은 정확한 확인이 어려워 안내드리기 어려운 점 양해 부탁드립니다.\n\n앞으로 더욱 노력하는 Wavve(웨이브)가 되겠습니다. 감사합니다. \n\n--------------\n\n오늘 이렇게 1:1문의 답변 받았습니다.\n\n지난 17일 월요일에는 웨이브에서 <남극의 셰프> 1화 LIVE 제공이 되었는데 \n\n2화부터는 웨이브에서 LIVE 제공이 안된다는 건가요?? \n\n방송사 요청으로 2화부터 LIVE 제공 불가인지 다시 확인부탁드립니다.	38
38	더블베이직 사용중인데 TV에서 Quic VOD 재생이 안되고 이용권 결제해야 한다고 나옵니다.. 혹시 더블베이직은 Quic VOD 이용이 안되나요? 혜택에는 QVOD 가능하다고 하던데 확인 부탁드립니다.	38
38	시청목록에 퀵vod본 것들이 남아 없어지지 않아요.\n그 동안은 퀵vod본 것들은 시청목록에 남지 않았는데 그저께부터 갑자기 몇달전에 본것까지 와르르 뜨고 그것들시청기록 삭제조차 안 됩니다.	38
38	신인감독김연경  왜 라이브/퀵VOD다 플레이가 안되는거죠?	38
38	전지적 독자 시점 영화를 가입만 라면 무료로 볼수 있는줄 알았는데 개별 구매라서 이용권이 필요가 없습니다. 콘텐츠 시청 안했습니다, 환불 부탁드립니다~	38
38	퀵vod는 시청직후에 올라오는거아닌가요?\n김연경 방송시작한지 30분이다되가는데\n이럴거면 이거안끊었지	38
40	12월 25일 10시7분경 나홀로집에3 결제를 했는데 \n오디오가 한국어로 변경이 안돼서 못보게되었는데\n환불은 어렵겠죠? ㅠㅠ 아직 자막을 못읽는 아이들이여서요	40
40	25일에 〈킹오브킹스〉를 구매했으나 자막이 지원되지 않았습니다.\n잠시 재생해 확인하는 과정에서 자막이 제공되지 않는 것을 알게 되었습니다.\n해당 사유로 잘못 구매한 건이라 환불을 요청드립니다.\n확인 후 처리 부탁드립니다. 감사합니다.	40
40	30대후반아저씨의이세계통판생활 애니메이션 2화부터 한글자막 없습니다...	40
40	구매할때 영화 더빙 자막 구분이 안되어있어서 그냥 결제했다가 더빙으로 잘못결제했어요....영화 카 더빙은 환불 부탁드립니다. 자막으로 재결제했어요	40
40	글씨도작고	46
40	더빙판이 필요한데 자막인줄 확인을 제대로 못했네요.	40
40	'더울프오브월스트리트'를 구매했는데, 환불받고 싶습니다.\n영어자막으로 봐야하는데, 자막 변경이 안됩니다. 환불 부탁드립니다. 시청은 하지않았고 영어자막이 되는지 보기위해 몇초남짓 틀었어요.	40
40	드라마 볼 때 아래 자막이 나와서\n불편 자막 아나 오게  방법이	40
40	라따뚜이(자막) 구매 영수증 파일 부탁드립니다.	40
40	렉이 넘 심해요 자꾸 꺼지고 창만 떠잇어요 자막도나오다말다해요 왜이런거죠	40
40	모바일에선 자막이 나오는대\nTV에선 같은방송인대 안나와요\n설정은 같은대~	40
40	안녕하세요, 영화 결제 환불 문의드립니다.\n방금 Sinners(죄인들) 영화 결제했는데, 자막설정 문제로 어려움을 겪어 환불하려합니다.\n자막확인때문에 영화 극초반 일부 타임라인에 한번 클릭해서 장면이 노출된것 말곤 시청하지않았는데, 환불 가능한가요?	40
40	안녕하세요.\n영화 싱스트리트를 시청하고 있는데요.\n한국 자막을 없애고 보고 싶은데, 자막 On/off 기능이 보이지 않아 문의 남깁니다.	40
40	안녕하세요~\n평소에 웨이브 정기 구독 잘 이용하고 있어서\n아바타도 많은 OTT 플랫폼 중 웨이브에서 구매했습니다.\n\n아바타 1, 2, 부가영상 이렇게 된 패키지인데\n아바타 1을 아이패드에서 재생하니 화질이 너무 안 좋더라구요\nFHD인 부분을 감안해도 너무 안 좋았고 자막 또한 굉장히 보기 불편한 옛날 버전이었습니다.\n휴대폰으로 재생하면 화면이 작아지니 좀 나을까 싶어\n휴대폰으로도 재생해보았으나 도저히 보기 어려울 정도로 화질이 안 좋았습니다.\n\n재생 기록 확인해 보시면 아바타 2와 부가영상은 아예 열어보지도 않았고\n아바타 1 역시 재생 시간이 1분 남짓인 것을 확인하실 수 있습니다.\n단편 구매 아바타 패키지 항목 환불 처리해주시면 감사하겠습니다.	40
40	안드로이드 셋톱박스에서 애니메이션을 재생하는데, 자동으로 다음 편으로 넘어갈때 자막이 안나옵니다, 옵션에는 사용되는 설정으로 나와있음에도요,\n\n새로 설정을 자막 크기를 바꿔주는 식으로 해야 나옵니다.	40
40	앱에서는 자막설정이 되는데 pc 웹에서는 자막설정을 어떻게 하나요ㅠㅠ? 영상 재생 화면에선 자막 설정하는 게 안 보입니다...인터넷에 검색해도 앱에 대한 설정만 뜨고 고객센터 자주 묻는 질문에도 관련 내용이 확인되지 않아 문의 드립니다.	40
40	어쩔수가 ㄴㄴ 구매했는데 자막이 없어서 못봐요\n취소좀 해주세요 영상 안봤음	40
40	영화 더빙판을 구매해야하는데 자막을 구입했어요. 통합이라해서 더빙 자막다되는줄알고요 플래그더문 영화인데 자막버전 구입취소부탁드립니다.\n더빙버전구매했고 누르자마자 자막떠서 껐어요	40
40	웨이브 자막설정은 없나요?	40
40	웨폰 48시간11000원 구매했는데\n자막음성만나오고 화면이멈춰요 내일까지봐야되는데 해결부탁드립니다	40
40	이강에는 달이 흐른다의 9회,10회에 자막이 언제 올라오나요…..	40
40	이용권 구매하고 광개토대왕을 시청 시 \n자막이 나오는건지 궁금해요	40
40	자막 설정을 자유롭게 바꿀 수 있는 줄 알았는데 아니었네	40
40	자막 처리 잘안돼있고 사용불편해요	40
40	자막끄기 방법없나요?	40
40	자막문의 드립니다.\n현재 '단죄'라는 드라마 보고 있습니다.\n그런데 스마트폰에서는 자막이 나오는데 스마트TV에서는 자막이 나오지 않습니다. 어떻게 된건지 해결책은 어떤건지 알려주세요.	40
40	자막을  켜고 보는데 갑자기 자막이 안나오는데 설정을 어디서 하는지 모르겠어여~ 알려주세여~	40
40	자막이 은나옵니다.	40
40	특정영상 음성과 화면에 자막만뜨며 영상 안나옴	40
40	한국영화나 드라마는 자막설정해서 볼수없나요?	40
40	해리포터 시리즈 영구소장 통합/자막판으로 결제한다는 것이 더빙편으로 잘못 결제하였습니다. 환불 후 자막판으로 재결제 할 예정이온데 환불처리 가능할까요..?\n\n아니면 혹시 더빙판으로 결제된 내용을 통합/자막판으로 변경 가능한지 문의드립니다.	40
40	자막끄기 방법없나요?	40
40	이강에는 달이 흐른다의 9회,10회에 자막이 언제 올라오나요…..	40
40	웨이브 자막설정은 없나요?	40
40	앱에서는 자막설정이 되는데 pc 웹에서는 자막설정을 어떻게 하나요ㅠㅠ? 영상 재생 화면에선 자막 설정하는 게 안 보입니다...인터넷에 검색해도 앱에 대한 설정만 뜨고 고객센터 자주 묻는 질문에도 관련 내용이 확인되지 않아 문의 드립니다. 	40
40	이용권 구매하고 광개토대왕을 시청 시 \n자막이 나오는건지 궁금해요 	40
40	한국영화나 드라마는 자막설정해서 볼수없나요?	40
40	30대후반아저씨의이세계통판생활 애니메이션 2화부터 한글자막 없습니다... 	40
40	안녕하세요.영화 싱스트리트를 시청하고 있는데요.한국 자막을 없애고 보고 싶은데, 자막 On/off 기능이 보이지 않아 문의 남깁니다.	40
40	자막을  켜고 보는데 갑자기 자막이 안나오는데 설정을 어디서 하는지 모르겠어여~ 알려주세여~	40
40	자막문의 드립니다.현재 '단죄'라는 드라마 보고 있습니다.그런데 스마트폰에서는 자막이 나오는데 스마트TV에서는 자막이 나오지 않습니다. 어떻게 된건지 해결책은 어떤건지 알려주세요.	40
40	모바일에선 자막이 나오는대TV에선 같은방송인대 안나와요설정은 같은대~	40
40	자막 글씨 크기 설정은 어디서 하는 건가요?	40
40	드라마 볼 때 아래 자막이 나와서불편 자막 아나 오게  방법이	40
40	외국어 자막은 설정이 가능한가요?	40
40	영화 중에 자막을 없애지 못하는 것이 있던 데 그건 왜 그런가요?	40
40	지금 하고 있는 드라마의 자막은 언제 제공되나요?	40
40	베리어 프리 자막이 제공되는 데는 얼마나 시간이 걸리나요? 	40
41	11번가 스탠다드 12개월 이용권 구매했습니다. 제가 알기로는 2025년 12월 31일 오후 11시 59분까지 웨이브 구독 가능해서 이따가 오후에 11번가에서 구매한 이용권 등록하려고 했는데 자동 결제가 되었습니다.	41
41	11번가 할인 쿠폰 이용예정	41
41	11번가에서 12개월 프리미엄 이용권을 샀는데 11번가에서 안내한 방법대로 온라인교환 버튼을 누르고 웨이브 앱으로 연결되어도 쿠폰번호 입력창이 안나오고 메인페이지로 연결됩니다. (웹/앱 동일)	41
41	11번가에서 구매한 이용권 쿠폰을 등록하려 했으나 없는번호로 뜨며 쿠폰적용이 되지 않는데 어떻게 해야하나요?	41
41	11번가에서 구입했어요\n'온라인 교환' 버튼 눌러도 메인창으로만 들어가져서 등록할 수가 없고,\n쿠폰 등록 메뉴에서 e쿠폰 번호를 넣어도 없는 번호라고 안되네요 ...\n제 번호가 999232989995 인데 혹시 등록 해주실 수 있을까요 ㅠㅠㅠㅠ	41
41	11번가에서 웨이브 이용권을 샀는데 \n등록오류가 있습니다\n빠른 해결 바랍니다.	41
41	1개월 프리미엄 이용권을 선물받았는데 어떻게 등록해서 사용하는지 궁금합니다	41
41	6개월산 쿠폰이 11/30일까지.등록이.가능한데\n기존에 쓰던 이용권 유효기간이 11/30일까지라 30일 지나고 쿠폰을 쓰자니 유효기간이.지나서 쓸수가 없습니다-. 지금 해지신청한 이용권을 즉시해지.해주세요. 확인되는대로 쿠폰등록하겠습니다.	41
41	E 쿠폰 구매했는데 어디서 등록하는건가요?	41
41	tv로 웨이브 보려고 11번가에서 베이직 쿠폰으로 구매했는데 사용 기기에 해당이 안되더라구요. 그래서 스탠다드로 다시 결제하려고 했는데 계정 하나당 1개 쿠폰만 등록 가능하다고 하네요ㅠㅠ 이 이용권으로 영상 시청 안했으니까 해지 부탁드려요 이게 해지되어야 다시 쿠폰 등록할 슈 있을 것 같아요	41
41	갤럭시아머니트리를 통해 6개월 스탠다드 이용권을 구매 했는데,\n쿠폰? 이용권 등록이 안됨.\n다른 방법을 알려주시길 바랍니다.\n\n\n\n\npc. 무조건 pc 상담 혹은 톡상담만 받을 거면 고객센터 연락처는 없에는걸 추천드립니다.	41
41	네이버 스토어 에서 쿠폰 구매했는데 없는 쿠폰이라고 합니다..답답합니다	41
41	네이버에서 웨이브 3개월권을 구매하여 쿠폰을 등록하려고 하는데, 없는 쿠폰 번호라고 뜨면서 등록이 되지 않아 문의드립니다.	41
41	더블프리미엄요금제 가입할려고 합니다  쿠폰남은 기간이 있어 안된가고 하는데 어떻게 해야하나요?	41
41	북앤라이프라는 앱에서 웨이브 이용권을 구입하였는데 어떻게 사용해야하는지 문의드립니다	41
41	웨이브 모바일 쿠폰 6개월 권을 구매해서 쿠폰 등록하고 사용하려고 하는데\n쿠폰 번호 입력했더니 없는 번호라고 나옵니다.	41
41	웨이브 프리미엄 1년 이용권을 타싸이트에서 쿠폰 구매 후\n웨이브에 등록되면 바로 적용되나요? 아니면 쿠폰함으로 들어가고 기존에 구독중인게 만료되면 그때 쿠폰 사용 눌러서 사용이되는건가요?	41
41	이용권 무료쿠폰을 받아 이번 달만 해지 후, 다음달부터 재결제 예정.	41
41	쿠폰 등록 어떻게 하는 건가요?	41
41	지금 1년 이용권 올해 12월 만료인 상품쓰고있는데\n새로 6개월짜리 쿠폰은 등록했습니다 \n새로등록한 쿠폰의 만료일이 11/30일이라서 \n지금사용중인 이용권을 새로등록한 이용권으로 바꾸고싶은데요\n기존이용권을 해지하라는데 어떻게 해지하나요	41
41	쿠폰구매등록완료 후\n문자메세지 오지않아서 문자인증이\n전혀안되는상황이라 이용할수가없네요	41
41	쿠폰사용 불가 없는 번호로 나옵니다	41
41	쿠폰을 사서 등록하려는데 쿠폰번호가 없는거라고 나와요	41
41	타 플랫폼에서 산 이용권을 등록하려는데\n등록이 안돼요\n0,1대신 영문O,I로 바꿔입력해도 등록이 안됩니다	41
41	티빙 쿠폰이 매달 들어오는 관계로 이제 더블 이용권이 필요 없어서 해지를 요청합니다. 더블 이용권을 처음 할 때 웨이브로 진행하였습니다.	41
41	현재 4월까지 지마켓에서 쿠폰으로 산 이용권 쓰고 있는데\n티빙 웨이브 더블 요금제로 변경하고 싶은데 방법이 있나요?	41
41	현재 이용중인 프리미엄 장기이용권_12개월을 해지하고\n\n프리미엄 12개월 이용권으로 다시 등록해주세요\n\n쿠폰코드는 999622868061 입니다	41
41	회사 복지로 tving x wavve 이용권을 사용하기 위해 기존에 사용중인 이용권을 해지하고 싶습니다. 쿠폰 반호로 등록한 이용권인데 어떻게 해지하면 될까요?	41
42	결제방식을 바꾸면서 차액이 코인으로 환불 되었는데요\n코인으로 현재 이용권 자동결제하려면 어떻게 해야할까요	42
42	다음 정기결제시 코인 사용할 수 있도록 해주세요	42
42	안녕하세요, 제가 가지고있는 코인사용을 이용권에 써야하는데 어떤식으로 해야하나요?	42
42	충전된 코인은 이용권결제 안되나요? 	42
42	이용권 변경해서 받은 코인은 어떻게 쓸 수 있나요?	42
42	해당 이용권 1달권을 보유중인 코인으로 결제하고자 합니다. 아무리 찾아봐도 결제 옵션에 코인으로 결제하기가 없으니 방법을 알려주시고, 코인사용이 불가능하다면 코인 환불을 받을 수 있는지 문의합니다.	42
42	다음달 정기 결제에 코인을 사용하려면 어떻게 해야 하나요?	42
42	코인이 있어서 사용할려고 정기결제 취소 후 다시 결제 했다가 코인사용이 안돼는데 어떻게 써야 하나요?	42
42	코인은 언제까지 써야 하는 건가요?	42
42	코인이 지급 되었다는 데 어디서 확인 가능한가요?	42
42	이용권 구매 및 취소과정에서 생긴 코인사용법문의합니다	42
42	이용권 변경으로 인하여 코인이 생겼는 데 어떻게 쓸 수 있나요?	14
42	이용권 변경으로 코인? 으로 돈이 들어왔는데\n이거 코인 사용을 어떻게 해야되나요???	42
42	코인 사용 어떻게 하나요?\n\n자동결제되버리니 코인을 다음달에 어떻게 사용할 수 있는지 모르겠습니다.\n\n따로 '다음 결제 시 코인을 사용하시겠습니까?'의 버튼이나 이런것 있어야 하는 것 아닌가요?	42
42	코인 자동결제로 사용할수있나요?\n다른 코인 사용방법 궁금합니다.	42
42	코인이 40만점이 있는데 컨텐츠 구매만 가능하고 이용권 구매는 안되나요? 어디에 사용할수 있나요?	42
43	2004년작 MBC 불새 요청드립니다.\n\n해당 드라마도 볼 수있게 부탁드립니다.	43
43	2006년07월17일 \n드라마 있을 때 잘해 \n다시 보고싶어요	46
43	300회이전 화차도 올려주시고 옛날 위기탈출넘버원 화면 선명하게 해주세요!!	43
43	kbs 결혼 못하는 남자, 웨딩\nmbc 겨울새, 그 여자네 집\n\n예전에는 옛날드라마들 자주 올라왔던 것 같은데 요즘에는 조금 주춤한 것 같아 아쉽습니다.\n요청한 드라마 콘텐츠를 웨이브에서 꼭 다시 봤으면 합니다.	43
43	MBC 드라마 중 명작인 욕망의불꽃을 고화질로 보고싶어요..ㅠ-ㅠ\n꼭 추가해주세요 너무너무 보고파요...	43
43	Mbc고전드라마\n제목: 있을때 잘해. 전회차 요청. 요즘 재방송중	43
43	sbs프로그램들을 보고싶어서 구독 하였는데 sbs프로그램이 없네요 ㅠㅠ	43
43	금쪽같은 내새끼가 12,19일 둘다 결방이 아닌걸로 아는데 결방이라고 공지한 이유를 정확히 알고싶습니다	46
43	남극의 쉐프 5회차 방송된 거 같은데 왜 5회차는 없나요?	46
43	너무 보고싶습니다! 꼭 들어왔으면 좋겠어요!	46
43	다른 영화를 보고싶어졌고 가격부담이 됨	43
43	대화의 희열3  5회가 없어요~박지성편 꼭 보고싶네요~~	46
43	드라마 Mbc 2005 \n신입사원	46
43	드라마 태왕사신기 요청합니다	43
43	런닝맨  콘텐츠 요청	43
43	만 올라와있고 2주간 업데이트가 안되어있습니다 언제 올라오는지 알려주세요	2
43	뮤직뱅크 인 리스본 (20251010 방송분)은 언제 업로드 되나요?	43
43	안녕하세요 웨이브 잘이용하고있는사람입니다 \n옛날드라마를좋아해 자주보는데 보고싶은 드라마가 있어 이렇게 문의드립니다 \n혹시 태왕사신기 올려주실수있으실까요?	43
43	안녕하세요. 콘텐츠 추가 요청드립니다.\n\n옛날 어린이 드라마 <마법전사 마수리>(1999)를 Wavve에서 다시 보고 싶습니다.\n국내 방송 아카이브 중에서도 많은 요청이 있는 작품으로 알고 있어\n추가 검토 부탁드립니다.\n\n감사합니다!	43
43	어제 방송한 뮤직뱅크인 포르투갈 웨이브에 아직 안 올라왔던데 언제 올라오나요? 요청합니다	43
43	역사스폐셜 시간여행자 3화 한산, 이순신의 바다 왜 서비스 중단 되었나요...?	43
43	영화 구매가 안 되는데 구독 설정도 안 된다하고.. 어떻게 해야 고칠 수 있나요 아바타 보고싶어요 ㅠ	43
43	예전에 mbc에서 재미있게 본 태왕사산기 다시보기 올려주심 감사하겠습니다	43
43	웨이브 평생 구독할 테니까 제발 좀 올려주세요	43
43	조용필 이 순간을 영원히 그날의 기록(2025.10.08 방영)은 언제 올라 오나용?	43
43	초반 황금어장 컨테츠에서 왜 무릎팍도사만 플레이가 되고 그후에 나왔던 라디오 스타는 내용이 전혀 없나요?\n저번에 문의드렸었는데 있다고 하신거 같은데 \n없네요	43
43	추리드라마를 좋아하는 유저입니다\n국내외 웬만한것은 거의 다본것같은데 요즘은 정통 추리물은 예전것만 못한것이많네요\n아무래도 장르의 특성상 소재나 아이디어의 고갈때문이 아닌가싶습니다\n\n그러다 형사콜롬보를 어둠의 경로로 한번 보았는데\n논리적으로 트릭이나 거짓알리바이를 깬다거나, 범인을 궁지로 몰아넣는것\n완전범죄를 만들려는 범인의 치밀한 계획,그 범죄의 빈틈을 파고드는 질문과 거짓의 연속.\n왜 추리물의 대명사인지 알것같았습니다.\n한번도 본적없지만 콜롬보라는 이름은 요즘분들도 다아시리라고 예상돼네요\n\n50년이 넘은 작품이라 어디서 구해서 보기도쉽지않고\nott중에 피콕에서 유일하게 서비스한다고아는데 국내 서비스도 되질않다보니\n지푸라기라도 잡는심정으로 요청드립니다\n\n아마 저같은 추리물 좋아하는분이나 예전 추억에잠기실분들 많이들 보실거라고 생각돼네요	43
43	티빙 이랑 합치기 전에도 여러번 요청 드렸는데\n태왕 사신기좀  올려주세요	43
43	티빙결함상품 사용중이예요.\n오늘 방송된거 몇시간뒤 시청할수있었는데\n이번요금제는 왜 못보는거죠?	43
43	한지혜 김석훈 주연 비밀남녀 꼭 좀 볼 수 있게 해주세요.부탁드립니다	43
44	TV에서는 라이브 시청이 안되나요?	46
44	타임 머신은 앞으로 얼마나 돌려 볼 수 있나요? 	46
44	라이브는 무료인가요?	44
44	라이브 볼때 광고가 나오나요?	44
44	라디오 라이브 채널이 점검중인가요?\n며칠째 재생이 안되던데 언제까지 점검인가요?	44
44	라디오 재생에 대한 답변 받았습니다.\n하지만 여전히 재생불가입니다!!!!\n그리고 LIVE 타임머신 기능도 안됩니다.\n1프로그램과 2프로그램 사이 광고중에도 타임머신 기능을 잘 사용했는데,\n이제는 광고정보더보기 버튼만 표시됩니다.\n(저는 광고형이용권이 아닙니다.)\n\n제발 광고형이용권 신규홍보만 하지 마시고 오랫동안 사용한 기존 이용자 불편이 없게 부탁드립니다.\n\n*라디오 재생불가! 타임머신 불가! (10/1~현재)	44
44	라디오 재생에 대한 답변 받았습니다.\n하지만 여전히 재생불가입니다!!!!\n그리고 LIVE 타임머신 기능도 안됩니다.\n광고중에도 타임머신 기능을 잘 사용했는데\n이제는 광고정보더보기 버튼만 표시됩니다.\n(저는 광고형이용권이 아닙니다.)\n\n제발 광고용이용권 신규홍보만 하지 마시고 오랫동안 사용한 기존 이용자 불편이 없게 부탁드립니다.\n\n*라디오 재생불가! 타임머신 불가! (10/1~현재)	44
44	라이브 방송  안됨?	46
44	라이브 방송은 나오는데 \n영화나 TV드라마는 서비스 연결이 지연되고 있습니다 잠시후 이용해 주세요 \n\n반복되고 안됨	31
44	라이브 방송이 됬다가 어느날 부터인가안되네요	46
44	라이브가안되네요	46
44	라이브채널없어짐	44
44	베이직 이용권 구매하면 폰으로는 타임머신 기능 사용가능한가요?\n\n이미 광고형 결제 했는데  다른 이용권 사용 원하면 따로 다시 결제하면 되나요?	44
44	실시간방송 깨져서나옴 눈아픔	44
44	안녕하세요, Wavve(웨이브)입니다.광고는 라이브 방송 중에 노출이 됩니다.* 방송사 광고 시간을 임의로 편집하기가 어려워방송사 광고 시간엔 그대로 송출되며,해당 시간에는 대체 광고가 노출될 수 있습니다.이 점 양해 부탁드립니다.만약 <일반 VOD> 다시보기에서 광고가 노출된다면어떤 콘텐츠/회차인지 접수 주실 경우 확인해보도록 하겠습니다.앞으로 더욱 노력하는 Wavve(웨이브)가 되겠습니다. 감사합니다.콘텐츠는 가득, 요금은 이득 '더블로 득 볼래?'https://www.wavve.com/voucher?voucher-type=tving_partner	44
44	안녕하세요. 혹시 라이브 채널에.. E채널도 츄가해주셨으면 좋겠는데여.. 가능할까용?? 제가 상엽배우님 13년동안 사랑하구있는 팬이라서... E채널에서 방송하구있는 하나부터 열까지 본방사수하면서 시청하고싶어서... 라이브 채널에 E채널도 츄가해주시면 좋겠슴니다.. 꼭좀 부탁드리겠습니다. 하루라도 빨리 답변 조치 부탁드려요	44
44	오ㅑ 라이브 채널이 없어? 1시간30분후에 자료 올리면서 방송시간 왜 그시간에 볼수 있을것 같이 써 있는지 몰겟네 욕나온다 라이브 해라	44
44	광고형 이용권은 타임 머신이 안되는 건가요? 	44
44	웨이브 티빙 더블이용권 구매했는데\n타임머신 기능은 안되는건가요?	44
44	타임머신 기능 이용 방법 	44
44	타임머신가능 이용권은 어떤거예요?	44
45	12월 28일까지 필리핀에서 시청이 가능했는데 2025년 12월 30일 갑자기 시청이 중지 되었습니다. 확인 부탁드려요	45
45	1개월 이용권을 결제했으나, 현재 해외(독일) 거주 중이라 Wavve 앱 설치 및 서비스 이용이 불가능한 상황입니다.\n서비스 접근 자체가 되지 않아 이용이 전혀 불가하므로, 결제 건에 대한 환불을 요청드립니다.\n\n확인 후 환불 처리 부탁드립니다.	45
45	2025.10.10.\n해외서비스 설정을 했다고 나오는데요.\n설정한 적이 없는데 누가 제 웨이브 아이디를 해킹한건지\n확인할 수 있나요?해외 서비스 설정-인증서 발급 및 해외 서비스 이용 되어 있는 부분 취소하고 싶습니다.신청한 적도 없는데 이용으로 되어 있어 당황스럽네요	45
45	5개월 째 해외에 거주하고 있어 웨이브를 이용할 수 없는 사용자입니다. 자동결제로 5달이나 결제가 되고 있는데 로그인조차 안되는 사이트 이용 불가 상황으로 해지도 못한채 돈이 지불되고 있습니다. 5개월간 사용내역이 없는 것이 확인될테니 환불과 해지해주시면 감사하겠습니다. 사이트에 들어갈 수 있는 방법이 없습니다. 연락처는 현재 해외거주로 받지 못하니 메일로 답변주시면 감사하겠습니다.	45
45	Permit 정보 만료로 해외 시청 불가인 경우는 어떻게 진행하면 시청이 가능할까요?	45
45	'The Good Doctor' 를 보려고 웨이브(Wavve)를 결제했는데 해외에서는 사용 불가능한 컨텐츠라고 해서 환불요청을 합니다. 다른 콘텐츠는 일절 시청하지 않았습니다.	45
45	가입하고 결제까지 다 하고 시청하려고 하니까 해외 거주한다고 시청 못 한다고 뜹니다.\n소액이긴 하나 어차피 7일내로 못 보는거 환불 해주시길 부탁드립니다.\n해외에서 이용 못하는거면 처음부터 접속 못 하게 해주셨으면 좋을 거 같습니다.\n너무 보고싶어서 간신히 찾아서 구매하고 보려고 하니까 못 본다고 뜨면 상당히 허무합니다.	45
45	개별구매 영화를 이틀 소장할 수 있는걸로 한국에서 구매했는데요 해외에서 보려고 하니까 해외스트리밍 거부된다고 뜨는데 환불이 되는건가요? 해외에 있는동안 결제한걸 볼 수가 없는데 공지 안된거 아닌가요?ㅠ	45
45	거주가 프랑스 입니다. 구독권을 신청했으나 결제만 되고 해외지역이라 거부당했습니다.환불 조치  및 구독취소 부탁합니다.	45
45	결제 했드만 뭔 죄다 보유하신 이용권으로 시청할 수 없는 콘텐츠입니다.\n\n\n이거 처 뜨는데 뭘 보라는거임? 볼 수 있는게 중국드라마 뿐이구만 ㅋㅋ\n\n그냥 처망해라 너네는	45
45	광고형 요금제로 웨이브고 해외에서 이용 가능한가요?	45
45	구매했습니다 그런데 볼 수가 없네요 \n위키드 48시간이요 ㅠㅠ	45
45	니루토를 해외에서 출장중 보려면 어떻게해야하나요?	45
45	니모를 찾아서 필리핀에서 결제했으나 해외에서 스트리밍이 안됨.	45
45	모든 프로그램 해외 스트리밍이 안돼요. 베트남입니다	45
45	미국 거주중으로, 1달 결제 진행했는데, 결제 다하고 시청하려고보니 해외에서 스트리밍이 안된다고 하네요. \n\n해외스트리밍이 안된다면, 결제 취소진행 부탁 드립니다.	45
45	미국에 있어요. 해외 구독 안되고 새로 설정 해야하는거 같은데 이용 안하고있습니다.	45
45	미국에서 이용을 못 하는 걸 모르고 결제했습니다	45
45	베트남에서 볼려고 콩 스컬아일랜드 구매했는데 이 국가에서 스트리밍 불가하다네요 환불해주세요 ㅡㅡ 미리 고지하시든가 살때는 말없더니 사고나니까 못본대	45
45	베트남에서 시청하려하는데 휴대폰앱을 현지에서 설치해서 그런지 시청이 안됩니다\n태블릿에서는 가능한데 호텔 티비가 안드로이드만 미러링이가능해서 휴대폰으로 시청하고싶습니다	45
45	쇼생크탈출을 구매해서 보려고 했는데 해외재생이 안되네요 웨이브는 인도네시아 해외 가능한것으로 아는데 이상해요 \n해외재생안된다면 구매한것 환불 부탁드립니다	45
45	스마트 tv에서는 이제 시청이 아에 안됩니다\n저희집 tv에서 넷플이나 티빙 유투브  다 되는데\n웨이브에서 보는 중국드라마만 재생이 안되요\n광고 나오고 바로 화면 이까매지면서 재생을 눌러도 화면이 안나와요\n\n요금 취소해주세요\n티빙으로 다시결제해야할것같아요\n빨리좀 환불해주세요\n할수없이 태블릿이나 핸드폰으로 보고 있어요	45
45	싱가포르 거주중 쥬라기 공원 보려고 가입하고 구입권 결제했는데 개별구매라고 떠서 또 개별구매 결제했는데 해외스트리밍 거부되었다고 뜨네요. 구입권도 개별구매건도 취소 환불 요청드립니다.\n\n핸드폰 번호는 싱가포르 번호가 입력이 안되서 \n입력한 번호로 이메일로 회신 부탁드립니다	45
45	아이디는 qawsedrf7009입니다\n해외에서 보려고 하는데 만료되어서 안된다고 하는데 빠른처리 부탁드립니다	45
45	아이폰에서 암호 관련 알람 받고 들어왔는데 \n사용안한지 좀 되었는데 \n오늘 해외서비스를 위한 인증서 발급이 되어있네요 \n제가 받은게 아닙니다 \n삭제 및 해외서비스 이용차단 암호 변경 하고 싶은데 어떻게 하나요	45
45	안녕하세요 \n1. 한달만 이용해 볼수도 있나요?\n2. 해외에서도 이용 할수 있나요?	45
45	안녕하세요 저는 지금 해외에 거주하고 있고 드래곤 길들이기2 영화를 구매했습니다.\n그런데 영화를 재생하려고 보니 해외에 거주하고 있어 컨텐트 재생이 안된다고 합니다. \n해외에서 영화 재생이 안되게 하려면 결제 자체를 막아야 하는 것 아닌가요? \n타 플랫폼은 해외에서 구매하려고 하면 결제 단계에서부터 막습니다. \n결제는 가능하게 하고 재생은 불가능하게 만들면 어떡하나요? \n환불 요청 드립니다.	45
45	안녕하세요 조금 전 이용권 결제했는데 현재 티빙에 이용중인 유플러스구독형 상품이 있어서 티빙과 연동이 안됩니다ㅜㅜ 구독일이 끝나는 11월25일 이후에 다시 구독 신청하도록 하겠습니다	45
45	안녕하세요 현재 태국에서 거주하고 있는데요.\n해외 스트리밍 이용기간이 만료되었다고 떠서요.\n어떤 이용권을 이용해야 볼 수 있는지 최저가로 알려주시면 감사하겠습니다.	45
45	안녕하세요 현재 호주에 있고 영화 '웨폰' 개별구매해서 이미 결제까지 완료했는데 재생하면 해외 스트리밍 불가라고 나오네요... 어떻게 해야 할까요?ㅠㅠ	45
45	안녕하세요,\n현재 호주 거주중인데, 여기에서 웨이브 이용이 가능한 줄 알고 어쩔수가 없다 영화를  방금 11,000원 주고 대여했습니다.\n근데 해당 지역에서 이용할 수 없다는 에러창이 뜹니다.. 재생도 안되네요.. 카드결제 취소 환불처리 해주시면 정말 감사하겠습니다.. ㅠ\	45
45	안녕하세요. \n\nwavve를 국내에서 이용하다가, 회사의 인사변경으로 인도 주재원으로 발령 받아 \n25년 7월경부터 인도에서 근무하고 있습니다.\n\n초기 정착 때문에 정신없던 시기에 인도현지의 스마트TV 또는 세탑박스에 wavve를 설치했으나 \n해외 서비스 불가지역인가.. 하는 이유로 스트리밍을 지원하지 않는다는 사실을 알게 되었습니다.\n\n이 문제를 해결할 방법이 있나요?\n\n아무래도 앞으로 최소 3년이상 거주해야 하는데, 한국 방송 못 본다고 생각하면 답답하네요. ㅎㅎ\n그래도 1년 이용권을 결재한 유료 사용자인데..., \n\n해외(인도) 주재원 또는 교민들을 위해 서비스 가능하게 하는 방법은 없나요?\n\n회신 부탁드립니다.	45
45	안녕하세요. \n\n제가 체인소맨 레제 영화를 10,000을 내고 구입하였는데요. 해외에서는 시청이 불가능하다고 하여 환불받고 싶어서 문의드립니다.\n\n감사합니다.	45
45	안녕하세요. \n저는 현재 해외 거주 중으로 방금 '나홀로 집에 2'를 영구 소장 구매하였습니다.\n하지만 스트리밍 하려고 하니 해외지역이라 스트리밍 불가라고 나오네요.\n제가 지금 그리고 앞으로도 이용할 수 없으므로 환불 부탁드립니다.\n\n구매하기 전에 스트리밍 불가 지역이 있는줄 알았다면 구매하지 않았을 것입니다.\n\n환불해주세요.	45
45	안녕하세요. \n해외사용불가로 떠서 확인해보니 웨이브고서비스가 있기는 하나 아시아7개국ㅇ 국한되어 있네요. 해외출장이 잦아 국가를 특정하지 않고 해외곳곳에서 볼 수 있는 있는 방안은 없는건가요?	45
45	안녕하세요. 구독을 하고 있는데 해지를 위해 로그인을 하려했지만 로그인이 되지 않습니다. \n\n현재 해외 거주중이라 그런지는 모르겠으나, 구독을 해지할수가 없네요. \n\n구독 해지를 부탁드립니다. 감사합니다	45
45	안녕하세요. 다름이 아니오라 이 서비스가 영국에서는 지원이 되지 않는 것을 결제 후에야 알게 되었습니다. \n영화‘얼굴’을 보고 싶어서 결제를 한 후 처음부터 보기를 눌렀는데 앱스토어로 연결되며 This app is currently not available in your country or region. 이렇게 뜨더라구요.  \n영국에서는 이 서비스를 아예 사용 할 수 없는 것 같습니다. 이에 따라 이용권과 영화 개별보기 이용권에 대해 환불을 요청드립니다.	45
45	안녕하세요. 웨이브 고객센터 담당자님.\n\n금일 웨이브에서 영화를 대여하였으나, 현재 해외 체류 중인 관계로 한국 IP 제한으로 인해 재생이 불가능한 상황임을 확인하였습니다.\n대여 후 재생은 한 차례도 이루어지지 않았으며, 서비스 이용이 불가한 상태입니다.\n\n해외 체류로 인한 서비스 이용 제한을 사전에 충분히 인지하지 못한 채 대여를 진행하여, 부득이하게 환불을 요청드리게 되었습니다.\n콘텐츠 이용 이력이 없는 점을 고려하시어 예외적으로 환불 검토를 요청드립니다.\n\n필요하신 추가 정보가 있다면 안내해주시면 즉시 제공드리겠습니다.\n검토해주셔서 감사합니다.\n\n감사합니다.	45
45	안녕하세요. 저는 그린치를 보려고 구매했는데 (1200원) 해외에서 스트리밍이 안된다고 하네요. 환불 부탁드리겠습니다. 로그인을 하려고하는데도 오류가 계속 나서 방법이 없네요. 환불은 결제한 정보로 해주시면되세요. 감사합니다.	45
45	안녕하세요. 저는 현재 미국에 학업목적으로 거주하고 있는 학생입니다. 약 2일 전에 Wavve 베이직 이용권을 결제했습니다. 결제 당시엔 문제없이 진행이 잘 되었는데 결제 후에 미국이 서비스 제공이 안되는 지역이라는 것을 알게 되었습니다. 저는 그로인해 어떠한 콘텐츠를 시청할 수 없었고 시청하지 않았습니다.\n따라서 취소와 환불 처리를 요청합니다.\n해당 사항을 고려해주시면 정말 감사드릴 것 같습니다.	45
45	안녕하세요. 해외 여행 중 태블릿 pc를 초기화해서 앱을 새로 설치하였습니다. 그래서 인증서가 미발급 된 상태입니다. 해외에서 인증서를 발급 받을 수는 없는지요?	45
45	안녕하세요. 현재 체류중인 국가 (미국)에서 웨이브에 가입했는데, 정작 콘텐츠를 시청하려고 하니 '해외에서는 이용할 수 없는 서비스입니다' 라는 메시지가 나옵니다. \n어차피 서비스를 이용할 수도 없다면, 구매한 돈을 환불받을 수 있을까요?	45
45	안녕하세요. 현재 태국 방콕 여행 중인데  스트리밍을 하면 허용된 국가가 아니라는 메세지가 나오면서 스트리밍이 안됩니다. 태국은 허용 국가로 알고 있는데 아닌가요? 확인 부탁 드립니다.	45
45	안녕하세요.\n\n웨이브 이용권을 결제하였으나, 현재 캐나다에서 접속 및 이용이 불가능한 서비스임을 결제 후에 알게 되었습니다.\n결제 전에는 해외 이용 제한에 대해 명확한 안내를 인지하지 못했으며, 실제로 서비스 이용이 전혀 불가능한 상태입니다.\n\n이에 따라 본 이용권은 사용 이력이 없으며,\n서비스 제공이 불가능한 사유로 인해 청약철회 및 환불을 요청드립니다.\n감사합니다.	45
45	안녕하세요.\n제가 해외거주 중인데, 웨이브에 들어왔더니 메일 홈이나 이런 것들이 작동이 되길래 해외에서도 이제 볼 수 있도록 서비스를 운영하고 있나보다해서 보고 싶은 드라마가 있어서 이용권 결제를 하고 보려고 했는데 해외에서는 서비스가 막혔다고 플레이를 누르니까 안내가 뜨네요.. 그래서 약간 실망과 좌절에 조금은 낚인 느낌을 받았습니다.\n죄송하지만 이러한 오해가 없도록 처음부터 해외에서는 접속이 안되는다는 문구나 나오면 너무나 좋을 것 같습니다.\n\n그리고 이용권은 이미 결제했지만, 결제한지 5분도 지나지 않았고, 본 컨텐츠가 없으니 환불처리 부탁드리겠습니다.\n빠르게 처리 부탁드리겠습니다. 감사합니다. 그리고 연락이 필요하시다면 메일이나 카톡으로 남겨주시면 감사하겠습니다. 해외에 있어서 일반 문자나 통화는 불가합니다.	45
45	안녕하세요.\n해외(프랑스)에서 vod시청하려고 노트북에서 로그인했는데 에러가나서 문의드립니다.\n해외에서는 아예 이용할수 없나요?	45
45	안녕하세요.\n해외에서 시청이 안되는줄 모르고 48시간 대여하였는데, 이용이 안되어 환불가능할지 문의드립니다.\n감사합니다.	45
45	안녕하세요\n\n수고가 많으십니다\n\n웨이브에서 연간사용권 이용기간이 끝나고\n\n요금제를 변경하려고 생각했던 중\n\n해외에 있는 기간 동안 이용기간이 만료되어서\n\n자동으로 결제가 되었고 해외에서는 앱 접속이 되지 않았습니다\n\n귀국 후 요금제를 변경했더니 차액만큼 코인으로 정산이 되길래\n\n정산이 되어서 발생한 금액과 기존 잔액의 합계액(135,940원)에\n\n대해 환불을 요청드리고자 합니다\n\n감사합니다	45
45	어쩔수가없다 영화를 구매하였는데\n해외에서 이용 불가능하다고 합니다. \n결제전에 알았다면 결제 안했을텐데, 결제하고 보려고 하니 시청불가하다는 알림이 떴습니다. \n환불 부탁드립니다.	45
45	영국에서 결제했는데 외국에선 웨이브를 사용할 수 없음 - \n\n정기 결제 전에 취소했어야 했는데\n정기결제 되어 버림.\n환불 요청합니다.\n\n위의 연락처는 부모님 전화입니다.\n부탁드립니다.	45
45	영상 재생하면 스트리밍불가라고 떠요	45
45	영화 (노팅힐) 를 대여하였는데 웨이브 어플이 인스톨 불가능한 관계로 시청할 수 없어 빠른 환불 요청합니다\n\n(Ios 26.0.1 / 해외에서 구매한 핸드폰 / 앱스토어에 웨이브앱 미존재)	45
45	영화 ‘사랑할 땐 누구나 최악이 된다’를 개별 콘텐츠로 구매하였으나 해외 (독일) 스트리밍이 거부되어 시청하지 못하고 있습니다. \n이에 환불을 요청합니다. \n감사합니다.	45
45	영화 그을린 사랑 7일 이용 결제했는데\n제가 체류중인 국가에서 재생이 불가능하다고 뜹니다.\n환불을 부탁드립니다.	45
45	영화 신명 11월 17일 오전 1시 21분 구매했어요\n개별구매로 5,500원(다운로드 아니고 스트리밍으로 7일간 이용) 지불했구요,\n서비스 이용 주의사항에 일부 해외 서비스 대상 국가에서 이용 할 수 있고 해외 서비스 대상국가에 싱가포르가 있어서 내용 믿고 구매했습니다.\n근데 재생이 안되는데요? 싱가포르에서 재생할 수 없는데 잘못된 정보아닌가요? 환불처리해주세요\n\n연락처는 해외거주중으로 정지상태라 연락받을수 없습니다.	45
45	영화를 보려고 구매했는데 해외에수 스트리밍 불가로 관람이 불가합니다. CP코드라고 뜨는데요. 여기는 태국입니다. 재생 불가로 환불 신청합니다	45
45	영화보려고 가입했습니다. \n그런데 미국에서는 볼수가 없다고 나오네요 \n내년까지 미국에 있을 예정이라서 환불요청드립니다. \n\n감사합니다.	45
45	예전에  해외시청  7일  되었건거  같은데요  요즘은  안되나요?? 티빙이랑 더블권이  나오면서  알수가  없네요 .	45
45	왜 해외에서  시청을 할수가. 없는거죠….?	45
45	웨이브 가입후 해외에서 시청이 가능하가요? 호주에요\n가능하다면 가입하고 싶은데 어떻게 가입해야 하나요?	45
45	웨이브 프로필이 현재 두갠데요, 이용요금 관계없이 3~4개 프로필 만들 수 있게 바꿔주세요. 경쟁업체 넥마이너스(+)는 프로필 4개라 좋은데...\n\n드라마나 영화 봤는지 안봤는지 확인할 수 있게 싫어요, 좋아요 그런 비슷한거 추가 해주세요.\n\n뒤늦게 티빙+웨이브 요금제나오는데, sbs는 빠져버리고, 계속 경쟁 업체 견제 좀 해줘요, 넥마이너스 하고 싶지 않은데 국내 OTT는 모든게 느린듯...이래서 결제하겠나요;\n\n이러다 지상파 컨텐츠 제작 다 사라지겠습니다. \n해외도 좀 진출해서, 출장자들 볼 수있게 해주고(현지외국인포함), 그쪽방송국이랑 합쳐서 컨텐츠 추가도 하고.....넷마이너스가 국내 방송 다 잡아 먹게 생겼습니다. 쉬운일 아니지만 해외로 나가고 컨텐츠 늘려야 견제도 하고 다른 나라 방송국과도 협업도하고 윈윈하고...K빨은 우리가 살려야 하는데 넥...스...가 다 챙겨 먹고 있으니...	45
45	웨이브를 계속 사용하는데 인증서 최근 갱신일이 2월에서 바뀌질 않아 웨이브를 베트남에서 시청할 수가 없어요	45
45	위키드1을 구매했는데 해외에서 재생이 안 된다고 합니다. 환불처리 해주시던지 볼 수 있도록 지원해주시기 바랍니다. 인도네시아라서 wavve go 나라로 확인됩니다.	45
45	이용권 환불 요청합니다\n\n개미 구매했는데 해외에서 못본다고 나와요\n\n해외거주자입니다	45
45	인도네시아 거주자입니다. 결제후 사용 가능할까요? 간혹 인도네시아의 경우 사용제한이 걸려있는 곳이 많아서요.	45
45	인증서 미발급으로 뜨고 재생도 안됩니다. 지역은 베트남입니다.	45
45	일본에 있는중 이벤트 호라이즌 대여하였는데, 재생하니 해외에서는 시청 불가라고 뜹니다.. \n사전에 해외에서는 시청이 제한된다고 안내받지도 못하였는데 환불이 가능할까요? 잘 부탁드립니다. ㅠㅠ	45
45	제가 이용권을 결제했는데.. 일본에 거주하고 있어서 스트리밍이 불가하네요... 이용권 환불할 ㅜㅅ 있을까요?	45
45	제가 제 계정에 들어가서 해지를 하려고 해도 \n현재 해외 거주중이어서 로그인 접속 자체가 차단됩니다.\n이럴 경우 어떻게 해야할까요?\n카카오연동 로그인 계정이라서 너무 답답하네요..ㅠㅠ\n해지 방법 안내 부탁드립니다.	45
45	제가 해지하려고 하니까 로그인 하라는데 해외라서 아예 접속이 불가하네요.\n해지해주세요. 캐나다 있는 동안 어차피 이용 못하던데	45
45	조금전 이용권을 구매하였으나 티비가 미국서 구매한 제품이란 시청이 불가능하여 취소 및 환불을 요청합니다. 컨텐트 시청을 하지 못하였습니다.	45
45	주재원으로 베트남에 거주하게 되었습니다\n해외에서 계속 사용하려면 어떻게 해야되나요\n12월1일부터 해외거주중인데... 지금까지 문제없이 시청을 했는데...오늘부터 해외 스트리밍이 거부되었다고 나옵니다\n그리고 해외 서비스가 제한된 콘텐츠라는 문구도 자주 보입니다	45
45	중국 예능이랑 드라마 요청드립니다.\n개시추리파\n명성대정탐5\n재폭설시분	45
45	지금 태국이고, 아직 사용을 안했는데, 기간 만료라고 하네요.	45
45	컨텐츠 시청 위해. 이용권 결제했으나 해외IP로 인해 시청 불가함. 이에 이용권 전체환불 요청함니다. 혹 해외에서도 컨텐츠 (신인감독 김연경) 시청 가능한 방법이 있다면. 이용권 취소하지 않고 그 방법으로 시청할 의향 있음.	45
45	태국에 입국해서 시청을 하려는데 permit 제한이라고 나오는데 해결방법 있을까요?	45
45	피의게임3 시청을 위해 네이버페이로 결제하였으나 영상을 플레이하는 그제서야 해외거주자는 시청불가하다는 안내를 보았음. 빠른 환불을 요청함. 한국 전화번호는 존재하나 현재 사용중이지 않기 때문에 반드시 이메일로 연락바람.	45
45	필리핀인데 시청 되는줄 알고 7일대여 했더니 시청이 안되요 한국가는 날을 한참 남았어요..	45
45	한국에서 개통한 폰인데\n해외라고 서비스가 안되는데 \n왜 그러는지요??	45
45	해리포터 시리즈 보고싶어서 결제했더니 해외 스트리밍 불가 지역이라고 재생이 안되네요..	45
45	해외 거주중인데 해외에선 시청이 불가한줄 모르고 결제하였습니다.\n12/5 당일 결제하였으며 현재 아무 시청기록도 없습니다\n부탁드리겠습니다.	45
45	"해외 사용 인증까지 마쳤는데 로그인을 하려고 하면 ""서비스 연결이 지연되고 있다. 잠시후 다시 이용해달라""는 메시지만 자꾸 떠요."	45
45	해외 사용 인증서를 받고싶은데 방법이 없을까요? 이미해외 체류중인데요	45
45	해외 스트리밍 불가 컨텐츠로 기한 내 재생 불가	45
45	해외 스트리밍 불가지역 베트남	45
45	해외 스트리밍이 안된다는 안내를 보지 못했는데, 구매하고 나니 해외 스트리밍이 안된다고 안내창이 뜨네요\n저는 두바이에 살고 있고 컨텐츠를 사용하지 못했으니 환불 바랍니다.	45
45	해외 오래 거주하게 되어 ott 이용권 구매후 사용하랴 했으나 일주일만 가능하다는 것을 알게되었습니다.	45
45	해외(베트남)에서 스트리밍이 안됩니다. 인증서가 발급되지 않습니다ㅠ	45
45	해외(일본)에서 애플티비로 보려고 했는데 자동으로 웨이브로 넘어와지면서 해외라고 재생불가라고 뜨는데 이거 보려고 애플 티비 결제 했는데.. 못보는 건가요	45
45	해외(캐나다) 거주중, 단편(내 아내의 모든것) 구매를 했으나 해외스트리밍 제한으로 사용 불가	45
45	해외(태국)에서 나우유씨미 마술사기단 구매후 시청하려했으나 인증서 인증날짜가 25년2월로되어있네요.앞서 문의남겨서 예외적으로 인증 승인 되었다고하는데 아직도 인증날짜는 2월이라 시청  거부되네요.\n해결부탁드려요. 해외나와있는상황이라 인증을 못하네요	45
45	해외결제(태국)가 되길래 단품 결제 했는데 막상 보려니 해외는 안된다고 합니다. 이용권 구입의사는 아직 없습니다. 20일 후에 한국 돌아가니 7일이 넘어갑니다. 환불 받고싶습니다. 가능한가요?	45
45	해외서비스 이용만 해지하고 싶은데요\n해외 서비스 이용 인증서 발급한적이 없는데\n발급 되어있네요? 해킹인가요	45
45	해외서비스 인증서 요청을 한적이 없는데 이게 뭔가요?\n해킹이 의심되네요???\n제 아이디로 해외에서 접속 차단을 하고 싶은데\n어떻게 해야하나요???	45
45	해외스트리밍 불가로 이용권이 더 이상 필요하지 않아 환불요청가능한지 문의드립니다.\n감사합니다.	45
45	해외에 11월 5일에 온것이 아닌데 인증서 갱신이 되지를 않습니다.	45
45	해외에 나와서보니 제가 보던 중국드라마(경여년2편)가 서비스불가능이라고 하네요.  일시즁지를 하고 귀국후 다시 재개해도 될까요.  가능하다면 조치를 부탁드립니다	45
45	해외에 잠시 나와있는데 해외에서 접속 불가하고 하네요. 이미 못본채로 여러달 요금만 내고있는데, 온라인으로 해지하려고 해도 온라인 접속조차 한국 아니면 안된다고 해서 문의드립니다. 요금제 취소하고 싶습니다. 감사합니다.	45
45	해외에서 거주하면서 컨텐츠 시청이 제한되어 한 번도 이용하지 않았어요.\n해외거주 기간동안 2년동안 발생한 요금 환불 요충합니다.\n출입국 증명서 제출 할 수 있습니다	45
45	해외에서 보고싶은영화잇어서 가입하고 7000원냇는데 해외는 불가지역이라서 다운로드도안되고 근데인터넷페이지에선 가입이랑 결제까지됫네요? 보지도못하는제 환불해주세여 티빙이랑 연결되어잇어요	45
45	해외에서 스트리밍 이용시 인증서 만료메시지가 뜨는데 한번도 해외에서 스트리밍 해본적ㅇ 없습니다. 빠른 조치 원합니다	45
45	해외에서 영화를 개별 구매하였는데, 사용 볼가 지역이라 시청이 어렵습니다.\n7일동안 사용이 가능하다고 하였는데, 제가 7일 이상 해외에 나와있을 예정이라\n혹시 구매 취소가 가능한지, 혹은 시청가능 기간을 연장할 수 있을까요?\n\n감사합니다.	45
45	해외에서 영화보려하는데 인증서 기간이 지나 못보네요.\n인증서갱신부탁합니다	45
45	해외에서 재생이 안되는지 모르고 구매했네요.. 환불 처리 부탁드립니다.	45
45	해외에서는 지금처럼 장기 이용권이 불가하면... 이번 12월11일에 결재된 이용권은 취소해야 할꺼같아요...\n취소를 어떻게 해야되는지 도움 부탁드립니다\n감사합니다	45
45	해외에서도 시청 가능한 줄 알고 이용권 구매하였는데,\n시청이 불가능하여 환불 요청합니다.\n 시청이 불가능하여 시청이력이내 사용이력도 없습니다.	45
45	해외여서 스트리밍이 안된다고 나옵니다. 미국입니다.	45
45	해외이용서비스 인증서 발급 받은적 없는데 발급됐고 갑자기 프로필 3개가 더 생성됐습니다. 확인부탁드리겠습니다	45
45	해외인증서  어떻게 등록해야 이용이 가능한가요?	45
45	현재 미국에서 가입을 했는데 \n해당국가는 지원이 안되어 볼수가 없다고 뜹니다. \n환불 요청드립니다. \n감사합니다.	45
45	"현재 부모님께서 태국 여행 계중신데\n일일 드라마 및 주말드라마 시청이 안된다고 합니다\n미스트롯은 시청가능했다고 하시는거보니\n3사 방송 시청이 어려웠던게 아닌가 싶습니다\n어르신들이라 자세히 말씀해주시는게 어려워하시더라고요\n드라마 시청 하려고하면\n\n""콘텐츠제공사의 사정으로 해외 서비스가 제한된 \n콘텐츠입니다 (CP코드=C3)""  라고 뜬다고 합니다.\n그러면서 얼마(8000원정도...) 결제하라고 뜬다는데..\n결제하면 되는건가요?"	45
45	현재 일본에 와있는데 시청이 거부되었다고 해서 문의드립니다. 해외에서는 웨이브 시청이 불가하나요?	45
45	현재 캐나다에 거주중입니다. 영화 '말아톤'을 보려고 일부러 월 결재를 하였는데 해외스트리밍이 거부되었다고 나옵니다. 정말 황당하네요. 월 결재 취소부탁드립니다. 지속적인 정기구독 또한 의사가 없습니다.	45
45	현재 태국인데 구독권 없이 영화 하나 대여 했습니다\n근데 해외라 재생이 안된다 해서 찾아보니 태국은 가능하다는데 환불도 안되나요? 아님 다른 방법 없나요	45
45	현재 해외 거주중인데 이용이 불가한 걸 모르고 결제하여 이용이 되질 않습니다. 환불이나 부분환불 가능하다면 부탁드립니다.	45
46	10 p월4일 토요일 sbs 에서 하는 접속 무비월드 애청자인데 안하네요?\nsbs는 방송 이제 안하시는건가요?	46
46	10년이상 봐온 SBS 방송 못보게 할꺼면 돈받지 마세요.\n\n뭐하는 짓거리 예요? 도대체?\n\n탈퇴하는 방법은 왜 찾기도 어렵게 해놨나요?\n1:1 문의 하기 이 따위꺼 해놓지 말고 그냥 회원탈퇴하는 방법 올려 두세요.\n\n글쓰면서 욕나오니까 욕도 아깝다. 썩을것들 한테.\n\n티빙도 탈퇴했는데 웨이브 별반 다르지 않네.\n\n개 X 같네.^^\n\n탈퇴방법 OK?\n\n더이상 욕나오게 하지말고.	46
46	10월1일 갑짜기 sbs채널자체 시청  다시보기가 안되요  요금은 스탠다드 로했는데요	46
46	3팩스 이용권 사용시 sbs 나오는지 문의	46
46	9월 30일부로 서비스 종료됐다고 하면 다예요????????????\n서비스 연장을 하던, 요금을 줄여주던 뭔 대책이 필요한 거 아닌가요!?\n이렇게 일방적으로 중지라고 통보하면 그만이예요!?\n\n공지는 언제 어떻게 올렸는지도 모르겠고\n어느날 갑자기 프로그램이 사라졌는데\n문의했더니 서비스 종료???\n공지사항 링크를 그제서야 공유????\n\n너무 무책인한 거 아닌가요?	46
46	jtbc방송이안되더니 나오니까\nsbs가 차단되고 왜그러는지\n해명을하고 계속해서 안내보내면\n해지할겁니다.	46
46	SBS  TV  시청은 안되는 걸까요?	46
46	Sbs  vod   관련  다시는 못보는건지?  \n갑자기 왜 이렇게된건가요?	46
46	SBS  그것이 알고싶다  궁금한이야기  보는걸로 결제 했는데 ....볼슈가 없어서 해지요청	46
46	sbs  라이브방송 VOD 다시  부활 식혀주세요	46
46	sbs  라이브방송 VOD 다시  제공  부탁드려요.\n너무  불편해요.	46
46	Sbs  모든 프로그램을  다 볼 수 없는건가요?vod라도 못 보나요? 그러면서 가격은 동일한 건가요?	46
46	sbs  실시간라이브방송 및 VOD 다시  제공 부탁드려요.\n너무  불편해요.	46
46	sbs  컨텐츠는 갑자기 왜 시청이 불가하죠? 다시 볼 수 있으면 좋겠습니다	46
46	Sbs Live가안되요	46
46	SBS Live채널이 안나와요	46
46	sbs plus만 채널있고 sbs fun E랑 sbs life 채널은\n없어요 문의 주신글에는 시청가능한 채널에 저 두가지가 있어서요	46
46	sbs vod 서비스가 종료된다는 공지는 무슨 얘기인지 \n\ntving이랑 묶어서 보는건 sbs 콘텐츠 안된다해서 각자 보고 있는데 마찬가지로 sbs (런닝맨, 골때녀 등등) 일반에서 보는게 중지된다는건가요\n\n따로 이용권을 보는게 의미가 없는건지	46
46	sbs 가 원래 없었나요?	46
46	sbs 가요대전 등 sbs 프로그램이 검색되지않습니다.	46
46	SBS 골 때리는 그녀들 이라도  시청가능하게  해주면 좋겠어요	46
46	sbs 너는 내운명 2를 vod 플레이 하려고 하는 데 검색 차체가 않되고 콘테츠가 없다고 나오네요	46
46	sbs 는 왜 정규방송이 안나오나요?	46
46	sbs 다시 계약 해주세요\n\n런닝맨 보고 싶음	46
46	Sbs 다시보기 , 라이브 시청할수 없는데 왜 안되는건가요?	46
46	Sbs 다시보기 및 콘텐츠 부재로 해지	46
46	sbs 다시보기 없어졌나요 안보여요	46
46	Sbs 다시보기 할수있게 해주세요	46
46	Sbs 다시보기.실시간 언제부터 되나요? 안되는이유가 잇나요	46
46	SBS 다시보기가 안올라오는데 계속 안올라오는겁니까?	46
46	SBS 드라마  VOD 언제 다시 시청 가능 할까요?	46
46	Sbs 드라마 안 나오나요?	46
46	SBS 드라마 자이언트 볼수있게 해주세요	46
46	SBS 드라마는 검색이 안돼죠	46
46	SBS 때문에 웨이브 결재를 다시를 했는데요\n다시 원상으로 안되나요?\n에스비에스 때문에 웨이브 구매를 했어요\n근데 에스비에스 서비스가 종류 된지 모르고 이용권 구매를 했습니다.\n빠른 답변 바랍니다.	46
46	sbs 라이브 vod 볼수 있는 방법좀 알려주세요	46
46	SBS 라이브 등등 SBS 전체 시청 종료인가요..??	46
46	SBS 라이브 방송및 다시보기가 안돼고 있어요	46
46	sbs 라이브 방송이 안뜨네요	46
46	Sbs 라이브가안되서 해지할래요	46
46	SBS 라이브나 골때녀 등 모든 프록램을 앞으로 WAVE 에서는 못보는건가요???	46
46	SBS 라이브는 나오는데 언제부터인가 미운 우리 새끼,  꼬리에 꼬리를 무는  이야기 등 SBS 지난 콘텐츠가 검색해도 안 나옵니다. \n웬일이죠?	46
46	Sbs 런닝맨 꼬꼬무 즐겨보는데 \n그거 때문에 웨이브 한 것도 있는데 \nSbs가 넷플릭스랑 체결 했다고 \n퀵브이오디도 내리더니만 아예 브이오디 자체를 내리다니 진짜 웨이브로 뭘 봐야해요 볼 게 없어요 볼만한 건 다 없어짐 \n\nSbs 복구 안 하면 다음 결제는 안 함	46
46	SBS 런닝맨 못보나요?\n\n앞의 1:1 질문에 왜 답을 안 해주시나요????	46
46	Sbs 만이 보는데  시청이 안되는데. 해지도 힘드네	46
46	SBS 미 포함	46
46	SBS 방송  시청 왜 안됨?\n멋대로 변경하고 뭐하는거임	46
46	SBS 방송 끈는다는 공지 하나 달랑 올려 놓으면 끝입니까?\n\n개X 같이 운영하시네요.\n\n몇년동안 시청해온 채널을 한순간에 싹쭉 잘라버리고\n\n알림도 없이 꼴리는대로 쳐 운영하네..사람 3끼 맞나요?\n\n사람이면 사람 처럼 운영하세요.\n\n그전에 봐왔던거 채널 볼라고 하니 아무것도 검색도 안되고\n\n아예 찾아볼수가 없네 에라이 동물보다 못한 새끼들 같으니라고..\n\n잘 쳐먹고 잘살아봐라. 개 3 끼들..	46
46	SBS 방송 나오게 해 주세요 ?? 모범택시 보여 주세요 ??	46
46	SBS 방송 나오지 않아서	46
46	sbs 방송 실시간 보기 안되나요	46
46	sbs 방송 재방송을 보려고 하는데 화면이 뜨지를 않습니다.	46
46	Sbs 방송 프로그램은 모든 프로그램이 안 나오나요? 그러면서 가격은 동일한 시스템 인건가요?	46
46	SBS 방송 프로그램을 넣어주세요. SBS도 지상파 방송인데 왜 빼놓으시나요. 보고 싶어하는 사람 좀 배려해주세요.	46
46	Sbs 방송관련 서비스가 중단 된 걸 알았습니다. \n\n처음 연간회원권 구독시 sbs 방송을 위해서 웨이브 티빙 더블 이용권도 구매하지 않고 단독 이용권을 구매해서 사용했는데요, \n\n소비자 입장에서는 처음 구독할때와 다른 시청권에 불만을 느낍니다. \n이런 일반적인 시청권 변경에 대한 소비자 보상은 있는지 궁금합니다.	46
46	SBS 방송내용이 하나도 없네ㅇ 왜그런거예요	46
46	sbs 방송분은 왜 안 보이죠?	46
46	SBS 방송시청을 할 수 없어요.	46
46	sbs 방송은 앞으로 어디서 볼수 있나요?	46
46	SbS 방송은 왜없나요?	46
46	sbs 방송이  안 나와요 이유가 있을까요?	46
46	Sbs 방송이 어느시점부터 다시보기가 안되는데 왜 그런가요?	46
46	Sbs 방송이 없습니다\n유일하게 보는 프로그램\n그것이 알고싶다\n궁금한이야기y\n꼬꼬무\n볼수있는 방법을 알려주세	46
46	SBS 보고싶어요ㅠㅠ	46
46	SBS 보던게 다 없어지니 볼게 없네..	46
46	SBS 수신이 끝겨 아쉬워요.\n다시 볼수 있도록 해 주세요~\n수정이 안될시 탈퇴할 의사도 있을정도로 불편하네요.	46
46	sbs 시청 가능해서 1년 구독 연장했는데 갑자기 안나옴	46
46	SBS 시청 관련 문의	46
46	sbs 시청도 안되고 소리만 나오고 화면이 나타나질않네요	46
46	SBS 시청을 위해 1년짜리 결제했으나 시청불가	46
46	SBS 실시간 VOD와 LIVE 채널 자주 이용했는데,\n이용 불가하여 많이 안타깝고, 애청자로써 불편한데\n재계약 해주시면 안될까요?\nWAVVE 장기 이용자로 건의합니다.	46
46	sbs 실시간 등 프로그램이 나오지 않는데 이유가 무엇일까요?	46
46	SBS 실시간 방송 및 VOD 서비스가 추후에 다시 복귀될 가능성이 아예 없는겁니까?? SBS에서 너무 재미있는 프로그램들이 많았는데 못보게 되니깐 너무 답답합니다.	46
46	SBS 안되서 이용권 일시정지 하고 싶은데 어떻게 하나요?	46
46	sbs 없어서 해지요청 합니다	46
46	SBS 없어져서 내일부터 이용 안할거니 해지해주세요	46
46	SBS 예능 방송 송출 안에 줍니까	46
46	sbs 예능 왜 없어졌어요?sbs 예능 왜 없어졌어요?sbs 예능 왜 없어졌어요?sbs 예능 왜 없어졌어요?sbs 예능 왜 없어졌어요?sbs 예능 왜 없어졌어요?sbs 예능 왜 없어졌어요?	46
46	sbs 왜 없나요?	46
46	sbs 왜안나오나요?	46
46	SBS 이제 웨이브에서 라이브 못봅니까? 아니 퀵vod안되서 골때녀 보려고하는데 라이브채널에서 이젠 SBS24시간뉴스채널만되네요?	46
46	Sbs 인기 프로그램은 볼 수 있다고 하는데, 런닝맨은 제외인가요? 따로 구매 프로그램도 없던데, 웨이브에서는 더는 시청 불가인가요.?	46
46	SBS 정규방송	46
46	SBS 종료로 인한 사용빈도가 줄어들고 시청프로그램이 줄었음에도 가격이 인하되지 않은점	46
46	SBS 주채널이 10월1일부터 없어진 건가요?	46
46	SBS 채널 라이브가 안보여요	46
46	SBS 채널들 9월30일까지 적혀 있었던거 같은데요\n\n그럼 이후 부터는 SBS채널 시청 못하는건지요?\n\nSBS드라마, 예능 ,스포츠 등등\n\n좀더 자세한 답변을 해주시면 감사하겠습니다\n그리고 빠른 답변 부탁드립니다	46
46	Sbs 채널에서 하던거 검색해도 안나오는데 어떻게 된걸까요? 미운우리새끼,그것이 알고싶다, 동물농장  그전에 했던것도 안뜨고요	46
46	SBS 채널을 무료로 시청할 수 있는 신규 라이브 채널로 추가해주세요	46
46	sbs 채널이 갑자기 보이지 않네요	46
46	SBS 채널이 뉴스만뜨고 안나오는데 어떡해 된건가요?	46
46	Sbs 채널이 안나옵니다.	46
46	sBS 채널이 언제쯤  복구 되는지요?	46
46	sbs 채널이 없어져서 아쉽네요\n그것이 알고 싶다 보고 싶어서 가입했는데…	46
46	sbs 채널이 없어졌네요	46
46	SBS 채널프로가 다 없어졌네요ㅠ \n미우새 도 없고 \nSBS도 볼수 있게 해주 세요	46
46	SBS 컨텐츠를 위해 구독중이였는데\n종료되어 잔여 구독권 해지요청드립니다	46
46	SBS 콘텐츠 다시 복구 되는건가요 아님 웨이브에서는 아예 시청이 안되는건가요??	46
46	SBS 콘텐츠 중단 불만	46
46	SBS 콘텐츠가 빠진 내용을 이제 확인을 했는데\n구독권을 웨이브+티빙 통합권으로 바꾸고 싶은데\n\n연간구독권을 해지나 변경을 할 수 있나요?	46
46	sbs 콘텐츠가 없어졌는데 안되는건가요?	46
46	sbs 프로그램 모든 부분에 대해 다시 시청할 수 있도록 해주시면 안되나요?	46
46	sbs 프로그램 시청이 불가된게 너무 불편해요	46
46	SBS 프로그램 시청이 안되는데 언제 바뀐건가요? 원래는 시청 했었는데.. 시청하려면 어떻게 해야되나요?	46
46	SBS 프로그램 안나와요. 엄청 불편해요	46
46	sbs 프로그램 즉 런닝맨을 보려면 어떻게 해야 하나요?	46
46	sbs 프로그램은  왜  안나오나요?	46
46	sbs 프로그램은 이제 못보나요	46
46	SBS 프로그램을 주로 시청하는데 서비스가 종료되어 1년 이용권을 해지하고 싶습니다.	46
46	sbs 프로그램이 안 나와요^^일부러 웨이브 스텐다드 한건데 빨리 고쳐주세요	46
46	SBS 프로그램이 없어졌나요?	46
46	Sbs 프로들이 다 안보여요 ㅜㅜ 평생 못보는거예요?	46
46	SBS, SBSbiz 등 SBS 관련 채널 라이브, 콘텐츠 이용이 제한되어 있습니다. 저번에 문의드린 후 일시적으로 해결되었으나 또다시 반복되고 있네요. 획실한 해결 요청드립니다.	46
46	SBSTV 안나와요\nSBS 송출 제발 주세요	46
46	sbs가 갑자기 없어졌는데 이유가 뭘까요?	46
46	sbs가 더블이용권만 안되는줄 알고 프로모션 신청안했는데\nwave자체도 sbs가 안되는거였나요?\n오늘부터 안나오네요?	46
46	Sbs가 빠졌으면 요금도 줄여야지\nMbc. Kbs에 머가있냐\n웨이브 탈퇴하고 넷플릭스 로 옮긴다	46
46	sbs가 아예 없어졌는데요?\n웨이브에서 sbs라이브채널 못보나요?	46
46	SBS가 안나오네요	46
46	Sbs가 안나와요	46
46	SBS가 않나와서 볼게 없어요	46
46	sbs가 없어져서 해지 요청합니다.	46
46	SBS가 없어졌네요	46
46	Sbs가 없어졌어요	46
46	SBS가 없어진건가요..	46
46	SBS가 없으면 그닥 웨이브 구독할 맘이 없어서 문의해요	46
46	SBS가 왜 안 나오나요???	46
46	SBS가 웨이브에서 안나오는데 많이 불편합니다.	46
46	SBS가 이제 아예 없어졌는데 ㅡㅡ^ 뭐 이건 선 조치 후 보고도 아니고 사용 요금을 낮춰줘야 하는 거 아닙니까? S B S 자체가 넷플릭스로 옮겨 가서 광고 엄청 하던데 여태 까지 보던 동상이몽 부터 한 두 가지가 아닌데 뭐 다른 좋은 점이 있는 것 도 아니고 사용료 낮춰주세요 손해보는 느낌 이자나요  프로그램이 없어진것도 아니고 채널하나가 아예 삭제 됬는데 뭐 하느겁니까? ㅡㅡ^  사용료 낮춰 주세요 돈이 아깝네요 지금 티빙이나 넷플로 갈아 탈까 생각중입니다. 사용료 안 낮춰주면 바로 고 합니다.	46
46	SBS가안나와요  어떤걸가입해야나오나요?	13
46	SBS건은다운이않되네요	46
46	SBS고객님드라마드안되나요풀어줄게요	46
46	sbs까지 스텐다드 이용권구매해는데 sbs 라이브 안되요	46
46	SBS뉴스가 그래도 편파적이지 않고 중립적으로 \n\n방송을 하는데 이제는  SBS뉴스도 보지 못하고\n\n아예 SBS 방송을 못보게 하는거예요???	46
46	sbs는 갑자기. 안보입니다 \n\n요금체계에 따라 안보이는 것일까요 ?	46
46	SbS는 다시보기 시청이 안되나요?	46
46	SBS는 안되는건가요?\n요금제를 바꾸면 도나요?	46
46	SBS는 왜 안나오나요?\n다시 가입한거라 좀 놀랐네요.\n모범택시3는 안봐도 좋은데 그외 시사나 교양같은건 좀 볼수있게 하면 안되나요??	13
46	SBS는 왜 안되나요?\nSbs예전 시트콤볼려고 가입했는데..	46
46	Sbs는 이제 아예 제외 되는건가요?	46
46	SBS는 이제 안나오나요??	46
46	SBS는 이제 안나오는건가요? 갑자기 다른채널도 볼수있어서 좋긴한데 꼬꼬무/미우새/동물농장 등등을 볼수가 없네요?	46
46	Sbs는 이제 안되나요?\n티빙이랑 결합 상품으로 변경시 금액적으로 이득과 손해가 어떨게 돼나요?	46
46	sbs는 이제 완전히 끝인건가요? 지상파 자체도 실시간으로 이용이 안된다면 굳이 웨이브를 유료로 시청할 필요는 없는거 같은대... 계획도 없는 건가요  아니면 언제고 다시 서비스를 시작 하게 되는 건가요?	46
46	sbs는 지상파가 아닌가요?\n지상파에도 sbs가 없었구요.\n예능 실시간 런닝맨 보려고 했는데 볼 수도 없었구요.\n검색도 안됩니다.\n왜 인가요?	46
46	Sbs는방송중단되었나요?	46
46	sbs다시보게해주세요\n아니면 탈퇴합니다..  절름발이 방송도 아니고 sbs때문에 보고있는데....	46
46	sbs다시보기는 안되나요\n나오는 요금제가 따로 있나요	46
46	SBS도  볼수있게해주세요	46
46	SBS드라마 왜  안나오나요?	46
46	sbs드라마,예능등이 모두 갑자기 사라졌는데요 (ex 런닝맨,드라마 닥터스,미운우리새끼등)\nsbs관련 콘텐츠는 다시 볼수없는건가요?\n지상파 방송때문에 wavve를 시청하는거라 당황스럽네요	46
46	Sbs드라마,예능은 이제 시청못하나요?	46
46	Sbs드라마가 안나와요.	46
46	SBs등 실시간 방송을 보려햇으나 채널 축소로 해지부탁드립니다	46
46	sbs때문에 보던건데 이제 볼게없어요	46
46	Sbs라이브 가. 안되는 이유가 뭔지. 알고싶네요	46
46	SBS라이브 시청이 안되는데...\n이제 시청할 수 없나요?	46
46	SBS라이브가 안되요	46
46	SBS라이브가안나와요	46
46	sbs를 못 보는거냐고 물어보는게 아니라\n\n잘못된 정보 전달로 인해서 티빙과 웨이브 결합 할 수 있었던 상황에서 \n\n이중결제를 하고 있으니 보상하라는겁니다 \n\n잘못된 정보 전달로 인해 결합 상품 안한거니까	46
46	SBS를 보는거 좋아하는데 종료되었다고 해서 철회부탁드립니다.	46
46	sbs를 보려고 만2천900원을 결제하고보는데 왜 sbs가 안나오나요? 런닝맨봐야하는데 왜 안나와요?	46
46	SBS를 주로 보는데 이제 제공되지않아 사용불필요	46
46	SBS를 핸폰으로 시청했는데~ 왜 실시간 생방이 안되나요?\n수험생이 있어서 늘~핸폰으로 모든방송을 시청하는데 유일하게 SBS가 나오질 않아요~ 시청할려면 어떻게 해야되나요? 언제부터인가 안보이는 이유가 뭔지 궁금합니나!	46
46	SBS방송	46
46	sbs방송 문의	46
46	SBS방송 안나오나요?	46
46	sbs방송 안나와서	46
46	SBS방송 왜 빠진겁니까\n지상파 채널이라 웨이브 구독하는건데 왜 빠진겁니까\n뭐 OTT끼리 나눠먹기입니까????!	46
46	Sbs방송 왜 안나오나요	46
46	sbs방송들이 왜 다 없어졌나요?	46
46	Sbs방송때문에요	46
46	sbs방송이 9.30.자로 빠졌는데 나는 연간 계약을 통해 해당 컨텐츠 이용의 보장이 되어있음에도 손해를 일방적으로 보게되었어요. 이에 대한 보상을 신청합니다.	46
46	Sbs방송이 갑자기 안나오는게 맞나요??	46
46	SBS방송이 안나오는데 이제안나오는건가요?	46
46	SBS방송이 안나옴	46
46	SBS방송이 안나옵니다 어떻게 해야되는지요?	46
46	Sbs방송이 안나와요	46
46	SBS방송이 왜 안되나요\n웨이브정말 형편없는것 같아요	46
46	SBS방송이안나옴	46
46	sbs방송이안나와요	46
46	sbs방송이왜빠진건가요~??	46
46	sbs방송체널이 없어짐	46
46	SBS방송프로그램 안보입니다?	46
46	Sbs보고싶은데..없네요..\n보고싶은게없어 결제 못할것같아요...\n왜 그런지 궁금하네요....	17
46	Sbs보려면. 어떻게해야하나요	46
46	SBS빠져서 볼게 없어요	46
46	sbs빠진 타격이너무크네요ㅡㅡ	46
46	sbs서비스가 없어서	46
46	SBS시청은 불가능 한가요?	46
46	sbs시청이 안돼나요	46
46	sbs시청이 안됩니다\n저는 되는줄알고 결제했거든요\n또 타임머신 기능 또한 안됩니다\n설명도 없고요\n바로 철회가능할까요	46
46	sbs실시간및vob 서비스\n완전 종료되는건가요?\n다시 서비스 안되는건가요?	46
46	SBS실시간방송 종료되었다고하는데 이제 더이상 SBS방송은 못보는건가요	46
46	sbs안나와요	46
46	SBs없어졋는데다시복구해두세요	46
46	sbs없어지고 볼거리가 크게 줄어서 저렴한 요금제로 변경하려고 합니다	14
46	Sbs없으니까 볼게 없어요	46
46	SBS에서하는드라마는왜안보여주나요 잘보고잇엇는데 어느한순간에부터 안하는것같네요 다른방송으로갈아타야하나요	46
46	Sbs예능 미우새 돌싱포맨 시청 안되나요?	46
46	SBS예능 미우새 돌싱포맨이 안보이는데 어떻게 하면 볼수있나요?	46
46	SBS예능 미운우리새끼 방송을\n이제 볼수가 없나요 ???	46
46	SBS예능 왜 싸다 없어져죠?	46
46	Sbs왜안나와요,	46
46	SBS왜안ㅇ나와요?	46
46	sbs요?	46
46	Sbs을어떻게보나요	46
46	Sbs이젠 안나오나요?	46
46	sbs자체가 다시보기 안되는건가요?\n그럼 탈퇴하고싶습니다	46
46	SBS정규방송 계약종료 되었다던데?\n다른방법으로 볼수있는방법있나요?	46
46	sbs정규방송 계약종류 로  볼수없다는데??\n 다른 방법 으로 볼수있는 방법있나요?\n예를 들면 요금제 변경 또는 월정액 가입경로 로 ?	46
46	Sbs정규방송 안나옴	46
46	sbs채널 다시 볼수 있게 도와주세요ㅠㅠ 매주일요일마다 예능 프로그램을 시청중입니다	46
46	Sbs채널 라이브방송에서 안나오나요??	46
46	sbs채널 실시간 요청 합니다	46
46	SbS채널에서 나오는 드라마나 예능은 못보는건가요???	46
46	sbs채널은 볼수없나요?	46
46	sbs채널은 완전 삭제 된건가요?\n갑자기 사라졌네요	46
46	SBS채널은왜종료가됬나요	46
46	sbs채널을 보려고 로그인을 했는데 sbs채널,예능 드라마 모든것들이 사라졌습니다	46
46	SBS채널이 live에서 안 나오네요. 왜 이렇게 되었나요? ㅠㅠㅠ	46
46	Sbs채널이 계속 안보이는데\n왜그런거죠?	46
46	sbs채널이 왜 사라졌나요. 시청할수 있게 해주세요	46
46	Sbs채널이 왜갑자기  중지되는건가요\n아예 없어지는건가요?	46
46	SBS채널이안나옴	46
46	Sbs체날이  안나와요	46
46	sbs체널이  없네요	46
46	SBS체널이 안나와요	46
46	sbs컨텐츠 안되니까 별로네요.\n해지해주세요.	46
46	sbs프러그램은 사라진건가여?	46
46	SBS프로그래이 없죠 저 프로 그램 볼여구\n구독하는것데	46
46	Sbs프로그램  검색이 안됩니다	46
46	SBS프로그램 문의 합니다\n9월30일부터 SBS가 종료되어서\n문의 드려요  다른 프로램 SBS만되고..\n나머진  이제 안되네요   프로그램  다시 복구\n는 안되는지요?	46
46	SBS프로그램 서비스종료로 해지하고자합니다.\nWave x tivig으로 넘어가야할것같네요\n티빙도 사용중인데 혹시 제가 현 서비스를 이용하는게 좋은점이 있을까요?\n예전 얼리버드? 한창 광고할때 sbs프로를 보기위해 웨이브를 냅뒀는데 그마저도 안된다고 하니	46
46	Sbs프로그램보려고	46
46	SBS프로그램요	46
46	Sbs프로그램은못보나요	46
46	sbs프로그램을 주로 시청중이었는데 \n웨이브에서 아예 빠지는 건가요?	46
46	sbs프로그램이 전체안나오던데.\nsbs까지 안나오면 웨이브 1년치 구입도 안했을건데.\n1년치 구매해서 돈아깝다 짜증나네요.\nsbs도 없는데 1년구독자는 손해보면서 그대로 있어야하나요?	46
46	SNS시청이  언젠가부터 갑자기 오류로 시청 불가인데?왜그런건가요?	46
46	Tiving Wavve 연결 요금제 쓰고있는데, 광고에는 SBS 컨텐츠 이용 불가 이런내용 포함 안되어있고, 시청하려고 하니 해당 요금제에서는 사용 못한다고 하는데 묶음 요금제 광고에 SBS 못보는 내용도 포함되야 하는거 아닌가요??\n허위 광고랑 다를바 없어보이는데요;	46
46	TV SBS 안나와요	46
46	tving+wavve 동시 구독권 안내 당시 동시 구독권은 sbs채널 미포함되고 sbs 채널을 이용하려면 wavve 단독 구독권 사용하라는 안내가 있었는데 동시 구독 이벤트 끝나자마자마 단독 구독권자도 sbs 채널이 빠지는 건 사용자 기만이라 생각하고 wavve의 단독 구독료도 채널이 빠지는 만큼 차감되어야 한다고 생각합니다. 팝업도 없는 게시판에 한줄 공지하고 책임이 없다는 식의 대처는 오랜 시간 wavve 를 이용한 사용자로써 참 실망 스럽습니다. sbs 채널 원복 계획은 있나요?	46
46	TV농물농장도다시보기가종료된건가요 궁금합니다	46
46	TV동물농장 프로그램이 왜 검색해도 왜 안 나오나요?	46
46	wavve 단독 사용중이나 SBS VOD 없어짐으로 인해 wavve 단독 사용 해지 요청	46
46	wavve의 취지중 하나가 지상파 방송을 실시간으로 볼 수 있다는 것이였는데, SBS VOD는 이해는 하지만 실시간도 지원이 안되는건 wavve의 홍보(지상파 방송을 실시간으로 볼 수 있다!)에도 맞지 않는것 같습니다.\nSBS 실시간 방송은 볼 수 있게 해주세요.\n저는 지상파 방송 실시간때문에 프리미엄 1년씩 결제하는 사람입니다..	46
46	가입할때 SBS가 있어서 1년 끈었는데 SBS없어져서 1년 끈은거 해지해주세요\nSBS 없으면 티빙결합요금제가 더 나으니까요	46
46	갑자기 sbs 지상파채널이 보이지않습니다	46
46	갑자기 SBS 컨텐츠가 안보이네요.\n\n티빙도 구독중인데, 더블요금제가 아니고\n각각 결제해서 사용하고 있는데,\n어느날부터 갑자기 SBS컨텐츠가 안보이네요!	46
46	갑자기 sbs가 사라졌어요  이제 sbs는 안나오나요?	46
46	갑자기 sbs가 안나와요? 왜그런거에요?	46
46	갑자기 sbs채널 다시보기가 안되네요 ㅠ	46
46	갑자기 설명없이 sbs다시보기 기능이없어짐	46
46	골때녀 볼라는데 볼수가 없네요.	46
46	골때리는 그녀들 vod 랑 다시 보기가 다 없어졌는데\n이유가 무엇입니까 ??	46
46	골때리는 그녀들 왜 방송 중단되었나요?	46
46	골때리는그녀들은 이제 방송 안보여 줍니까!?\n뭐지?? 유료화 된건가요?	46
46	공중파  다  볼수  있어서  워이브  보는데   sbs 하나 보자고  또  다른거  구매?   웨이브도  이젠  끊어야할듯	46
46	광고형 sbs이용안되어 다른이용권구매하려합니다	1
46	구매자에게  일절 얘기도 없이  sbs를 뺐나요?\n앞으로 어떻게 할건지  알려주세요\n\n초창기  웨이브부터  시청했는데,  sbs 없으면 탈퇴해야될꺼같아요	46
46	그것이 알고싶다\n꼬리에 꼬리를 무는이야기\n방송이  어디 갔나요?	46
46	그냥 공지만 띄우고 종료 라고하면..기존 지상파 위주로보던 사람들은..정말황당하네요.\n안그래도 sbs다시보기가 없어서져서 왜그런가했더니..그럼 웨이브가 무슨 메리트가있나요?\n몇년지난 드라마나 재탕 올리고..안그래도 볼거없어서 해지할까 고민중이였는데..진짜황댕하네요	46
46	그럼 sbs드라마는 웨이브에서 전혀 볼 수 없나요?전 티빙과 연합된 걸 신청하면 못보는 줄 이해해서 티빙과 웨이브를 따로 신청해서 보고 있거든요	46
46	그알이나 궁금한이야기y 등등 지난 시청내역도 지워졌고 검색해도 안되네요? 왜그러죠??	46
46	기존 SBS 드라마등 드라마 방송등을 볼수 있도록 재계약을 해서라도 시청할수 있도록 만들어 주세요	46
46	기존에 웨이브와 티빙 각자 프리미엄 결제로 시청중이었다가 통합이슈로 sbs시청이 안된다는 이야기를 듣고 요금할인이 되기도 해서 통합결제를 하려다가 고객센터 상담사님의 설명을 듣고 다시 각자결제로 돌려 sbs를 시청할 목적으로 최근 결제를 했는데 sbs 서비스가 없어요	46
46	김사부, 야인시대 등 과거 혹은 현재의sbs 드라마들은 앞으로 제공되지 않는 건가요?	46
46	꼬꼬무,그알,근데 런닝맨은돼는거같고  어찌해야되나요?	46
46	꼬꼬무.그알.궁금한이야기 프로그램 없어졌나요?	46
46	꼬꼬무나 그알 등등 sbs관련 프로그램 들이 없네요	46
46	꼬꼬무등 sbs채널은 볼수없나요?	46
46	다른 방송사는 보이는데\nsbs 드라마, 예능 등이 안보여서 볼수가 없네요	46
46	다른티비 프로그램은나오는데\n갑자기한달전부터 sbs프로그램만안나옴	46
46	다시보기 큰부붕인 sbs가 빠져나갔는데 불구 이용요금은 똑같다니 매우 실망이에여 당장해지해줘요	46
46	답변내역 확인했는데도 어떻게 조지를 하겠다가 없어서요.\n\n지금 타임머신 기능도 안되고\n광고 시간만 되면 아무것도 할수 없게 같은광고 되풀이 되게끔 나오고 있는데요\n세뇌 시키는건지 가스라이팅인지 알수가 없습니다.\n\n광고시간를 없애달라는게 아닙니다.\n원래 있던 타임머신도 안되고\n같은광고를 계속 봐야 하니 \n왜 이렇게 엉터리로 바뀌었는지 모르겠네요\n\nsbs 는 없어졌고\n같은광고를 계속 봐야 하고 \n10-20초짜리 광고 10분이면 몇번보는지 아세요?\n같은말만 계속 되풀이되게\n누가 티비 켜놓고 광고 보고싶은 마음이 들까요?\n웨이브 왜이러는거죠?	46
46	더블 프리미엄 이용권을 구매하려고 하는데 SBS는 제한이 걸려있다고 해서요, 프리미엄 요금도 SBS 시청이 불가능 할까요?	46
46	더블스탠다드 요금제 아용중인데\nSBS 예능과 드라마를 볼 수 없어서\n불평한게\n\n이럴땐 어떤 요금제를 선택해야  하나요	46
46	더블이용권이 아닌 웨이브 티빙 각각 결제해도 \n웨이브에서 sbs 시청이 불가능하다는 소리안가요?	46
46	더블이용권이 아닌데 왜 SBS상품은 볼 수 없는거죠?	46
46	더블쿠폰팩을 이용하면 SBS방송도 시청 가능한가요?	46
46	돌씽 포맨 안나오더니 이제 런닝맨? 이제 미우새? 그러고선 가격은 그대로 장난하나? 원복안함 해지함	46
46	라이브  에서  sbs 반송이  안나와요	46
46	라이브도 그렇고 재방송도 그렇고 지상파 sbs가 아예 안나오는데 왜그런걸까요?	46
46	라이브도 그렇고요.. 다시 보는 프로그램 중 sbs 에서 방송 하는 프로그램 전부 검색도 안되고 지난 방송조차도 안됩니다. 빠른 조치 부탁드립니다.	46
46	라이브를 비롯한 sbs 프로그램 시청이 안되네요\n해결해주세요	46
46	라이브에 sbs없어진건가요?	46
46	라이브에서도 SBS채널이 사라졌는데 이제 wavve에서 sbs 컨텐츠는 못보나요?	46
46	라입에 SBS 만안나와요	46
46	런닝맨 안나와요 sbs프로그램 없어진건가요? \n언제 나오나요? 이제 완전히 안나오나요?	46
46	마음대로 방송사 빼지 마세요. 이용자가 보기를 원하는 방송사인데 왜 빼시나요. 공지사항 넣고 일방적으로 통보하는 것인데, 이유도 마땅치 않고 이용자만 불편합니다.	46
46	못 받는 프로그램을 보게 해 주세요 다시 볼 수 있어서 사용하는데    모범택시 다른 종류도 보게 해 주세요	46
46	미우새나 비서진등 왜 없나오?	46
46	미운우리새끼가 얼마전부터 사라졌는데 언제 복원이 되나요?	46
46	반갑습니다\n\n몇일전부터 문득 들었는데\n\nsbs드라마 여기서 볼수 없는건가요?	46
46	방금 답변글 받았는데 SBS에 대한 채널인\nSBS관련 채널에서  나오는 모든 드라마.   예능.\n다큐멘터리  이런 프로그램들이\n이것들이  아예 안나온다는 것인가요?	46
46	방송3사 보려고 웨이브가입한건데요 sbs빠지면 요금제 낮춰야하는거 아니에요?	46
46	방송3사중 하나인 sbs가 종료되었는데 왜 요금은 그대로 인가요? 이용할수록 요금은 오르고 서비스는 내려가는데..\n방책이나 대안은 없는건가요?	46
46	방송사가 없어져서… SBS	46
46	보물섬,가문의영광등 SBS드라마요청	43
46	스탠다드 상품 가입자로\n얼마전까지도 SBS방송들이 다 보였는데 최근에와서 안보이네요??\n어떻게 된거죠??	46
46	스탠다드12개월 이용권 사용중인데 sbs도 이제 안되고 컨텐츠가 안되는게 많네요. 웨이브×티빙으로 바꿀려면 연간권 이용자는 어떻게 해야 합니까? 이럴줄 알았음 연간권 구매 안했을 겁니다. 컨텐츠 없앤 부분에 대한 해결책을 제시해 주세요.	46
46	스탠다드요금제로 결제를 했는데 SBS방송 시청이 불가능한가요?	46
46	실시간 또는 예능 sbs 볼 수 없나요..??\n앞으로 계획이라던지 알고 싶어요	46
46	실시간라이브에서 sbs채널은 없나요?	46
46	안녕하세요 \nsbs때문에 티빙결합요금제 안하고 연결제 또했는데요\nsbs가 빠지니까 메리트가없어서요\n이미 1년결제했는데 티빙결합으로 바꿀수있는지\n바꾼다면 얼마인지 알고싶어요	46
46	안녕하세요 SBS 좋은 아침 이 종료가\n되서 불편합니다ㅠㅠ 그전에 다시보기\n되었는데 지금은 결제할 일이  없네요\n지상파 좋은데요 다 종료가 되서 SBSㅠㅠ	46
46	안녕하세요 SBS 프로그램 여쭤봅니다 \n\n웨이브 에서는\n\n앞으로 SBS런닝맨 미운우리새끼 같은 프로그램은 아예\n\nVOD가 올라오지 않는건가요??	46
46	안녕하세요 sbs방송 서비스를 종료한 이유가 있을까요?ㅠ\n그것이알고싶다 웬만해선그들을막을수없다,,주로 이용하는 애청자입니다,,\n속상하네요.,,	46
46	안녕하세요 수고 많으십니다.\n\nSBS(지상파) 라이브 방송 재개 예정 없는지 궁금합니다. 기존에 SBS 라이브 방송 웨이브를 통해서 잘 보고 있다가 최근 공지사항에서 관련 라이브가 중단된 것으로 확인돼 문의드립니다.\n\n회신 기다리겠습니다.\n감사합니다.	46
46	안녕하세요.\nSBS방송을 보고 싶은데\n안보여서\n왜그런지 빠른 답변 부탁드립니다.\n감사합니다.\n\n(ex:동물농장&런닝맨&.미운우리새끼등등)	46
46	안녕하세요.\n제가 가입하고 있는 [우주패스] Wavve 콘텐츠팩 프리미엄 연간 요금제로 제가 알기론 sbs가 방송 되는걸로 아는데 몇일전부터 live 등 볼 수도 없고 검색도 안돼네요.\n\nsbs를 보려고 티빙하고 결합상품 요금제를 포기하고 따로 각각 연간요금제를 구독중입니다.\n자세한 설명부탁드립니다.	46
46	안녕하세요.\n티빙이랑 결합 요금을 쓸 경우 sbs 사용이 불가하다고 해서 결합 요금을 사용 안했는데\n9월 30일부터 sbs 프로그램이 전체 사용 불가로 된걸로 확인되었습니다.\n규정이 바뀐걸까요?	46
46	안녕하세요.이제까지 wavve를 사랑하며 오랫동안 꾸준히 이용하고있습니다.\n\n그런데 언제부터인지 \nsbs 예능프로 런닝맨,그것이 알고싶다 프로그램도 검색이 안되고,\n라이브도 sbs채널은 보이지 않아서요.\n\n혹시 wavve에서는 서비스가 종료되었나요? \n(아니면 제가 못찾는건지^^;;)\n\n서비스가 종료되었다면 재개될 가능성은 있는지 궁금합니다.\n\n\n답변 부탁드립니다.\n감사합니다	46
46	안녕하세요\nsbs방송 드라마,예능,시사교양등\n프로그램 볼 수 없나요?\n예)꼬꼬무,미우새,런닝맨,그알	46
46	안녕하세요\nSbs방송 안나오던데요\n어디서 볼수 있을까요???	46
46	안드로이드폰에서는 sbs가 나오던데.. pc에서는 뜨지가 않는데 왜 그런가요?	46
46	앞으로 sbs 방송은 아예 못 보나요?	46
46	앞으로SBS는  시청이 불가인가요?	46
46	어느순간부터 sbs방송등이 안나오는거 같아요 마이턴이나 미우새같은 왜 그런건가요?	46
46	어제 수요일이라~ SBS에서 하는 골때리는그녀들 시청하고자 웨이브 들어 왔는데..\n컨텐츠가 없습니다.. 머징 하면서 지상파 방송클릭하고 보니 SBS가 없어서 큰 싫망했네요\nSBS채널은 없어지는 건가요~~ 아니면 일시적으로 채널를 없었나요?  궁금해서 물어봐요!!	46
46	언제부터 sbs방송 프로그램이\n안보이는데요\n왜그런거예요??	46
46	얼리버드 행사 중에는 더블 이용권에서 SBS 콘텐츠 시청이 불가능 하다고 적혀 있었는데 지금은 안적혀 있어서요. 혹시 지금은 더블 이용권을 구매하게 되면 SBS 콘텐츠도 시청 가능한가요?	46
46	얼마전까지만해는 sbs 프로그램을 시청했었는데 동상이몽 미우새 다 사라졌네요;;\n뭐죠?\n갑자기 sbs프로그램이 왜 안나오는지요	46
46	얼마전부터 SBS라이브 방송의 시청이 되지 않더군요?\n왜 SBS라이브 시청이 되지 않는지 알고 싶어요	46
46	얼마전부터 잘 나온던 sbs 방송이 안나와여	46
46	업데이트후로 공지도 없이 sbs왜 안되나요? 이유 말해보세요  현재 사용하는 요금으로 계속내고있는데 sbs없으면 요금 빼고 봐야지요\n공지도 없이 sbs삭제 없이가 없네요	46
46	엊그제부터 sbs 프로그램이 안뜨던데\n이제 볼 수 없는 건가요??  꼬꼬무.  그알 이런거요ㅜㅜ	46
46	예전에 sbs 백년손님 프로그램을 볼수 있었는데 지금 sbs프로그램이 안보이는 이유가 있나요??	46
46	예전에 라이브 채널에 SBS가 있었는데 없어졌네요??\n잘 이용했는데 없어진 이유가 뭘까요??	46
46	예전에는 볼 수 있었는데.  이제 SBS방송 드라마, 예능은 wavve에서는 볼 수 없는 것인가요?	46
46	예전에는 웨이브에 SBS의동물농장 프로그램이 있어 그것을 볼 수 있었는데 이제 웨이브에 SBS의동물농장 프로그램이 없는 이유가 궁금합니다.웨이브에서 다시 SBS의동물농장 프로그램을 볼 수 있게 해주세요.	46
46	오늘 다시보기할려고하니 SBS가 안되네요 ㅠ	46
46	오늘 들어가니 SBS방송들이 안나오네요\nSBS예능들을 볼려고 1년 약정으로 가입을 했는데....\n지금 해지하면 환급금을 어떻게 지급 하나요?	46
46	왜 sbs 가 지상파에 없나요? 있다가 사라졌어요	46
46	왜 SBS 최근 드라마인 나의 완벽한 비서는 없나요?\nSBS인데요???	46
46	왜 SBS 컨텐츠가 사라졌나요?\n\n다시는 볼수 없는건가요? 언제쯤 다시 볼수 있나요? \n솔직히 SBS컨텐츠 볼려고 웨이브 결제하는건데 \n너무하시네요	46
46	왜 sbs는 안나오나요	46
46	왜 sbs드라마 다 없어졌나요? 이게 무슨일이에요? ㅋㅋㅋㅋㅋㅋ	46
46	왜 sbs방송vod를 중단합니까???\n\n지상파 방송을 보려고 하는데 임의 대로 방송안하는게 참 갑이 무서운건가봅니다.	46
46	왜 갑자기 sbs방송은 못보는거죠ㅠㅠ 지상파는 다 되는 줄 알고 웨이브로 보고있는데...	46
46	왜 라이브에서 sbs 안나오나요	46
46	요금제에 따라서 sbs는 안나오는 건가요?	46
46	요즘 SBS 채널 안나오는 이유가 뭔가요???\n무료로 보는 것도 아니고 유료 서비스 하면서 \n공지를 올리던지 이유라도 알아야 하는거 아닙니까???	46
46	요즘sbs 다시보기가 안돼서요.	46
46	월 9,000 이용 고객인데 지상파 sbs 시청 왜 안되나요?	46
46	웨이브 단독 요금제 사용중인데 sbs방송을 찾을 수가 없네요? 왜 볼 수가 없죠?	46
46	웨이브 단독 요금제는 sbs 볼수 있나요?	46
46	웨이브 스탠다드결제.\n왜 sbs출력이낭되는건지\n\n연락요	46
46	웨이브 이용권만 사용하는경우\nsbs 시청 가능한가요?	46
46	웨이브 참 웃기는 OTT네요..\n이 따위로 하니 ..쯔쯔\nSBS와 프로그램 결렬되어 방영 안하면 고객에게 안내말씀 해줘야 되는거 아녜요?\n\n참 희안하다...\n곧 검토후 웨이브.탈퇴 예정입니다.\n티빙과 더블 해서 그거 신청 했다가 SBS안나와서 다시.티빙과 웨이브 재가입 했던니만 이런 사태가 예정 되어 있었는데 공지도 안하고...\n진짜 화나네요	46
46	웨이브&티빙이 1위를 하려면 sbs와 콘텐츠공급을 하세요	46
46	웨이브\n단독 요금제는 sbs 볼수 있는건가요?	46
46	웨이브+티빙 이용권 사용 중이다가 SBS(꼬꼬무)시청을 위해 이용권 변경하였으나 사전고지 없이 꼬꼬무 프로그램 서비스 종료되어 이용권 해지 및 변경 요청드립니다.\n즉시 변경이 가능하다면 기존 신청했던 웨이브+티빙 이용권으로 변경 부탁드립니다	46
46	웨이브는 종편은 거의 안나오고  그나마 지상파가 나와서 보는데...\n왜 SBS 콘텐츠는 왜 볼 수 없는지...해킹 사태로 고객Care 프로그램 백날 하면 뭐하나..\n고객을 요청하면 정상화 사켜야 되는 것이 아닌지..SBS 콘텐츠 시청금지 사유도 없고..\nSKT는 고객을 위해 뭐하는지...해킹사태로 고객들에게 불편과 여러가지 어려움을 주었는데\n몇일이 지났다고,,서비스 중지시키는지..이러니 SK라고 하지....빨리 원상복구 시키던지 티빙서비스와 연동하던지..비싼 요금제를 사용하고 있고 T우주 가입도 되어 있는지..\n혜택을 계속 줄고 있으니...SKT 고객만족 0점이다..빨리 원상해라	46
46	웨이브에서 SBS 실시간 방송 및 VOD 서비스 이제는 안 되나요?	46
46	웨이브에서는 지상파 kbs와 mbc를 실시간방송과 프로그램 다시보기 서비스를 제공하고 있는데, 몇달전에 서비스가 종료된 sbs 실시간방송과 다시보기 서비스를 다시 제공해주세요~ 해당방송사 모바일앱인 sbs플레이에서만 다시보기와 실시간방송 보는게 번거로움이 많아요ㅠ	46
46	이러니 어떻게 한달 할인 결제 받고 보고싶은거 못볼수 있을까요?\n시청률 좋은 프로그램 SBS 계약 해지 된것인지 없어지고,JTBC 실시간 드라마를 못본다니 많이 아쉽습니다.	46
46	이럴때  디즈니와 넷플렉스 까지 다 같이 보는것을 확인해주세요 \n안되면 \n디즈니와  현재 사용하고 있는  웨이브와 티빙까지 결합상품을 등록하는 방법을 도무지 pc에서 \n보이질 않아요 \n\n디즈니 신청하면  광고없이 3가지를 다 볼수 있게요 \n그리고 왜 sbs는 안되는지 그 이유두요	46
46	이용권 바꿔도 sbs가 안나옵니다. 며칠째 계속입니다.	46
46	이제 sbs 계열은 아예 못보나요..??ㅠㅠ\n그것이 알고싶다, 궁금한 이야기y 보려고 웨이브 이용했는데..ㅠㅠ	46
46	이제 sbs 못보나요?	46
46	이제sbs볼수없나요?	46
46	일반이용권구매했는데 sbs방송보기가 안되서 문의합니다	46
46	잘나오던sbs예능프로가 나오지않읍니다\n시청하게해주십시요	46
46	잘보고있어요\n그런데 왜 SBS는 시청이 안될까요\n볼수있게 해주세요	46
46	저기요 아니 SBS서비스가 메인인데 서비스가종료되면 다른걸 뭘 보라는거죠 SBS가종료되면 그닥볼게없는데  이럼 그냥 해제가 답이겟네요 아니면 다시 재계 해주시던지요	46
46	저번주까지는 sbs를 라이브로 보거나 재방을 봤었는데 갑자기 못 보내요	46
46	전에는 SBS 채널들이 다 방영되었었는데. 왜 재방이랑 라이브 다 안나오나요..???	46
46	정규방송 채널SBS방송채널이아나와요어떻게해야방송이되나요	46
46	정주행채널 '런닝맨'이 없어졌네요?\n지상파채널 SBS도 그렇고. 지상파채널에 SBS가 없는게 말이되나요? KBS는 1TV, 2TV 다 있으면서. \n그리구 정주행채널에 런닝맨은 왜 없어진건가요? 그것도 자주봐서 선호하는 채널에 등록해놨는데.. \n아주 본인들 멋대로 없애놓으시네요! 왜 없어진거냐고요! 멀쩡히 있는 채널을!	46
46	지금  멏일째  라디오랑 sbs  가  왜 안나와요??빨리 해결해주세요	46
46	지금까지계속시청했었는데언제부턴지sbs방송만안나오고있어요	46
46	지상파 SBS 때문에 저렴한 상품 말고 SBS가 포함된 값비싼 연간구독권 결재한건데 갑자기 서비스 종료하는 법이 어디있나요? SBS 서비스 예정에 없다면 남은 기간에 대하여, 더블광고형 상품으로 전환해주세요	46
46	지상파 가운데 SBS는 서비스가 안되고 있습니다.	46
46	지상파sbs가안나와요 무슨이유있나요	46
46	타방송은 시청이 가능한데 SBS만 LIVE로 밖에 시청이 안되네요 SBS를 VOD시청을 할수있는 방법이 없을까요	46
46	티빙 3팩을 이용하면 sbs 방송을 못본다고 해서 새로 아이디 등록을 하고 이용권을 구매했는데 SBS 방송이 안 보입니다	46
46	티빙+웨이브 결제시 SBS 안된다해서 \n돈 더주고 각각 결제해서 보는데 SBS가 안된다고 하면\n티빙+웨이브로 변경되는건가요	46
46	티빙ㄱ하더블이용권만 못본다고 하던데 저는 더블이용권도 아닌데 sbs하이브를  볼수가 없네요	46
46	티빙이랑 웨이브 따로 결제 하면서 보고있는데 sbs왜갑자기 없나요	46
46	티빙이랑 웨이브 통합요금제 나올때 안바꾸고 그냥 쓴이유가 SBS방송은 제외라서 일부로 안바꾸고 있었는대 갑자기 SBS 가 안나오는게 말이되나요? 그럼 요금이라도 할인을 해주던지 20년째 보고 있는사람으로써 할인을 딱히 해주는것도 아니고 이렇게 채널을 갑자기 통보도 없이 뭐하자는건대요\n통합 요금제로 바꿔주세요 티빙이랑 둘다보고 있는제가 바보였네요	46
46	프리미엄 사용자 인데요. 요즘 SBS 방영작들이 나오지 않는데? 무슨 이유인가요?	46
46	현재 SKT상품으로 웨이브 시청을 하고 있습니다. 갑자기 지상파방송중 SBS가 안보입니다.이유가 무엇인지 확인요청드리고, 제공받을 수 있는 방법이 있다면 알려주세요	46
46	현재 웨이브 이용권이 있어서 티빙에서 웨이브 계정 연결이 실패했습니다.\n그래서 자동결제 해지 신청은 했는데..\n그이후에나 연결이 가능할까요?\n\n사담이지만 웨이브는 지상파때문에 유지하는데\nSBS다시보기 및 라이브 금지는 너무 치명타네요.	46
46	홈에 sbs 채널이 없어졌던데 sbs채널이 안되는건가요? 아님 제꺼에서만 그런건가요?	46
47	이용권 기준 최상위화질가능한걸로아는데\n모바일기준도 uhd가능하죠?\n그런데 fhd만뜨네요	47
47	더블 프리미엄 이용중인데 왜 FHD까지만 볼수있져 ? 최고화질 UHD 아닌가요 ?	47
47	UHD 시청 가능한 기준은 뭔가요?	47
47	UHD로 제공되는 영상은 뭔가요?	47
47	제가 보는 프로그램들이  UHD 지원이 안돼는 건가요?	47
47	4K 콘텐츠 보려고 구독 최고등급으로 변경했는데  윈도우에서 2K 까지 밖에안된네요. 윈도우에서만 서비스 이용해서요. netflix는 윈도우도 4K 지원하은데요 구독 상품 안내에 4K 항목에 제한 사항 명시를 해주시는게 좋겠네요. 물론 향후 윈도우에서도 4K를 지원해 주시길 바라며... 시청 개인화가 많이되서 요새 거실에서 TV를 보나 모르겠네요. \n\n40인치나 48인치 21.5:9 영화 화면비율 울트라 와이드 모니터로 보는게... 블랙 화면 반사도 없고... 4:3 비율 옛 콘텐츠 4K로 개선할 때 양쪽 블랙바 대신 AI로 연관성이 있는 장면을 양쪽에 생성 채워넣어 21.5:9 시네마 화면 비율의 4K 콘텐츯 만들어 제공하면 좋겠네요. 4:3 4K는 아무래도 현장 몰입감이 떨어져서...	47
47	드라마 느낌 4k 나온걸로 아는데 어떤 요금제 쓰면 되나요?	47
47	모바일로 4K시청이 안됩니다. 화질보기에서 FHD까지 보여지던데 모비일에서는 안되나요?	47
47	베토벤 바이러스 4k 부탁드립니다.\n그리고 이전에  한국드라마 중 한글자막이 없었는데 한글자막이 새로 생긴 몇 편이 있는데 다른 드라마들도 한글자막 나올 수 있게 점차 개선 부탁드립니다..	47
47	쾌걸춘향 4k버전을 다운로드 하고싶은데 이용권구매만 나와잇어서요 이용권 구매하면 다운로드 가능한 프로그램인가요 ? 다운로드 지원안되는것도 잇다고해서요 이용권 구매하기가 좀 그렇네요 ...	37
47	호메틱스 4k hdr 하이브리드 구글 TV동글 과 연결해서 TV로 보고 싶은데 국내드라마 말고 애니메이션 보려고하면 자구 미리보기만 되는데 지금 이용건으로 TV 보는데 문제 없지 않나요?	47
47	혹시 4K 컨텐츠를 4K화질로 보려면 어떻게 해야 하나요?\n\n섬네일은4K라고 되어 있는데 4K로 나오지가 않네요.\n\n혹시 PC에서는 안되는건가요?	47
48	PC로 로그인하려고 하면 [일시적인 오류로 인해 로그인을 실패했습니다.]라고 뜨면서 \n로그인이 안됩니다. 로그인은 네이버로 연결해두었고 100번시도하면 한번 될까말까인데 그것조차\n홈페이지가 너무 느려요. vpn켜고 해외에서 사용중인데\n이것때문에 문제가 될것이 있나요?\n\n\n타 사이트 들은 잘만 됩니다.\n티빙, 넷플릭스, 쿠플은 로그인도 잘되고 영상재생 문제도 없어요\n근데 웨이브 어제 새로 결제 했는데\n로그인도 안되고 가끔 로그인이 어쩌다가 되어도 너무 느리고\n영상을 재생하면 계속 멈추고 싱크도 안맞아요.	48
48	SKT 통신사 계정연동으로 자동 로그인을 하고 있는데 이탈리아로 여행을 오면서 VPN 위회 접속시\n일시적인 오류로 인한 로그인 불가를 안내받고 있습니다.\n아이폰과 노트북 중 아이폰은 정상 로그인 및 시청이 가능하나, 브라우저에서만 이런 현상이 나타납니다.\n자동 로그인 설정을 해지하려고 해도 브라우저 창이 바로 넘어가서 불가하고,\n아이폰에서 모든 기기 로그아웃 후 재시도를 여러번 하였으나, 개선되지 않아\n해결 방법 문의드립니다.	48
48	vpn으로 돌려도 안되서 결제 해지 부탁드립니다.	18
48	기존 ott에서 해당 영화들을 더이상 지원하지 않아 구매했는데 영어자막이더라도 그냥 vpn으로 다운받아 보는게 나을것같아 환블바랍니디	48
48	기존에 카카오톡 계정을 연동하여 사용중이었는데, 언젠가부터 로그인이 정상적으로 진행이 되지 않았고, 이는 PC를 사용하던 안드로이드 폰을 사용하던 동일하게 로그인이 되지 않았습니다. 제가 해외(미국)에서 접속하는 사용자이지만, 이 문제는 유료VPN을 사용하여 한국 지역으로 접속해도 해결되지 않았습니다. 왜 로그인이 안되는지 이유를 알고 싶고 어떻게 해결할 수 있는지 알려주시면 감사하겠습니다.	48
48	노드vpn사용중 입니다\nvpn실행시 로그인과 화면실행이 안되요\n한국으로ip는 설정했고요\n원래 vpn사용하면 안되는건지요?\nvpn설정도 이것저것 다해보았는데 안되요\n쿠플은 되는데ㅡㅡ	48
48	며칠째 시도중인데 프로필에서 접속지연으로 연결이 되지 않습니다. \n유료사용자이고 해외에서 사용중이지만 VPN(Korea)를 통해 사용하는데 예전에는 사용이 가능했는데 \n지금은 로그인 화면에서 아예 접속이 안되네요..\n캡처화면을 붙여넣고 싶은데 어떻게 해야할지 모르겠네요\n화면상에는 서비스연결이 지연되고 있습니다. 잠시 후 이용해주세요. 증상 지속시 Wavve고객센터로 문의하세요라는 메세지가 뜹니다.	48
48	미국판 굿닥터 보려고 구매했는데 vpn사용시 창이 뜨질않습니다..ㅜㅜ	48
48	안녕하세요,\n\n현재 해외 거주하고 있어 vpn을 사용하여 접속하다는 것이 불가하다고 전달 받았습니다.\n다만, 해당 문의를 하기 전까지 전달 받은 사항이 없어, \n접속 불가로 인해 약 5~6달 정도는 시청을 하지 못한 채 월마다 자동 이체가 되었습니다.\n이에 대해 환불 가능할지 문의 드립니다. \n\n감사합니다.	48
48	안녕하세요. 제가 필리핀에 와서 Wavve 결제를 했는데요. VPN을 켠 상태로 웨이브 결제를 했고, 다시 로그인 하려고 하는데, 로그인이 잘 되지 않고 어쩌다 로그인이 되어도 제 정보가 잘 보이지 않고 결제한 내역도 없다고 나옵니다. 10월 26일 결제 하고 콘텐츠를 전혀 보지 못 하고 있어요. 어떻게 해결해야 할까요? 혹시 해외에서 콘텐츠를 볼 수 없다면 환불 할 수 있는지도 궁금합니다.	48
48	앞서 해외에서 vpn으로 사용하고 있는데 로그인이 안 된다고 문의드렸었습니다. 티빙은 정상적으로 되고 웨이브도 모바일웹으로 들어가면 작동하는데 어플에서만 로그인이 안 되는 걸 보면 vpn의 문제는 아닌 것 같습니다.ㅜㅠ 해결 방법이 없을까요?!! 제가 vpn을 껐다켰다하고 장소도 계속 바뀌어서 ip주소가 일정하지 않은데도 계속 안 되는 상황이어서요ㅜ	48
48	영화를 구매를 했는데, 지금 현재 태국에서 거주 중이라서 볼 수가 없네요ㅜㅜ vpn이용도 해 봤는데 네트워크를 확인하라고 계속 떠가지고.. 못 볼 것 같아요ㅠㅠ\n\n혹시 환불 받을 수 있을까요?	48
48	외국에서 vpn 키고 들어가려고 하니까 아무것도 안 뜨네요 어떻게 하면 고칠수 있나요	48
48	외국에서 접속하니 아예 로그인도 안돼어서 몇달째 취소도 못하는 중입니다. VPN깔아도 로그인이 안돼요. 외국에서 프로그램 못보게하는거야 이해 되는데 아예 계정을 접속이 안되게하면 돈만 나가고 취소는 어떻게 하라는겁니까? 몇달째 돈만 날리고있습니다 빨리 해결해주세요	48
48	일시적인 오류로 자동 로그인이 실패하였습니다\n\n이 메세지가 계속 뜹니다.\n네이버 연동 로그인이구요\n와이파이 대신 데이터 켜니까 접속이 되긴한데\n뭐가 문제인 건가요?\nvpn 이런거 전혀 안 쓰고 안드로이드 기기 2개만 쓰는데 둘 다 뜹니다.	48
48	티월드로 간편로그인 하고 있었는데 노드vpn 설치 이후 로그인이 안되고 있어요. 해결 방법 있을까요?	48
48	해외 vpn으로영상재생 막아놨다고하셔서요\n그럼11월3일자 구독취소해주세요\n보지도못했는데 돈만 나가는건 억울해서요	48
48	해외 이용자여서 vpn사용시 페이지 작동 안되는 오류로 환불 문의 하였는데 \nvpn을 끄고 사용하라는 답변만주시고 환불에 대한건 말씀이 없으셔서 다시 문의드립니다.\n환불 부탁드립니다.	48
48	해외에서 티빙 웨이브 더블권을 구입하고 웨이브에 연결했는데\n웨이브 홈페이지를 켜도 아무런 정보가 안 뜨고 로그인할 때에도 로그인 버튼을 누르면 아무런 미동도 없습니다. \n한국 접속 vpn사용 중이며, 티빙은 아무 문제없이 이용 가능합니다.	48
48	홍콩 해외 거주자여서 VPN으로 접속하고 있는데, 두 달정도 접속이 불가하거나 프로그램 재생이 안되고 있습니다. 확인 부탁드립니다	48
49	12개월(1년구독권)시청자입니다.해지하고싶습니다.  방법을 알려주세요.\n전화상담은 할수없습니까?	49
49	Ai말고 상담원 ㅇ전화연결	49
49	Sk텔레콤 이용권 등록할려고 하니까\n먼저 웨이브  이용귄을 해지하리고 합니다\n선불이용권 환불해주시고\nSk이용권등록할수 있게 조치바랍니다\n그리고 전화상담 요청하니\n전화주시기 바랍니다\n해지 및 환불 어렵게 해났다고\n방통위 고발 예정입니다	49
49	가입된 아이디가 몇개인지 티빙이랑 결합방법 알고 싶습니다 \n상담원 연결은 안되는건가요??\nㅠㅠ 무지 불편하네요	49
49	결제수단카드를 변경하고싶은데 안되네요 상담사 연결원합니다	49
49	결제하고 라이브 1회 시청했는데 카드 부분 결제나 부분환불 원합니다.고객센터 전화번호도 없고 불편 하네요.	49
49	고객센터 전화번호 부탁 드립니다	49
49	고객센터는 상담사 연결을 안합니까 짜증나네 18	49
49	금일 오전 해지 요청드렸으나 아무런 회신 전화 및 연락 없었음. 금일 910월10일) 오전 부로 서비스 이용 해지 요청에 따른 환불 금액 입금시켜주시기 바람.  \n\n고객센터 전화는 사람이 아닌 AI 로 응대하며, 기계적인 대답만 할 뿐 아무런 상담할 수 없었음. 상담원 연결해달라고 얘기했으나 상담원 연결해주지 못함. \n\n일부러 상담원 연결을 회피할려고 아무런 도움도 안되는 AI 자동응답 이용하게끔하여 불편을 초래하게 하는지 이해안됨. \n\n1:1 문의가 접수되었으며 접수가 되었다는 안내 문자나 카톡하나 없으며, 언제까지 기다려달라는 안내가 전혀 없음. \n\n이런식으로의 고객응대라면 다시는 웨이브 이용안할 것이며, 주변에게도 절대 이용하지 말라고 얘기할 것임. \n\n어찌됐든 금일부로 서비스 해지하고 나머지 환불금액 아래 계좌로 입금조치 해주시기 바람. (반드시 오늘 해지 신청함에 따라 오늘날짜로 해지한 금액 환불해서 입금해줄 것)	49
49	기존에 웨이브를 사용하여 시청하고 있습니다, 현재 제가 가입하고 시청료를 지불 하고 있는 상태인데 자동으로 연 사용료가 언제까지 지불 되어 있는지 ?\n티빙과 웨이브 같이 시청 가능한 요금제로 바꿀려고 하는데 현재 결재된 시청료는 어찌 되는건지 문의 하고 싶습니다\n상담원과 직접 통화하여 현재 사항을 알고 싶습니다\n연락 주시거나 상담원과 통화 가능한 전화 번호를 주시면 통화 하고 싶습니다	49
49	사용이 안되요 연락부탁드립니다	49
49	상담사 전화연결	49
49	상담사와 통화 요청	49
49	상담사와 통화하고싶습니다	49
49	상담요청드려요 전화부탁합니다	49
49	상담원 연결이 안됩니다. 바로 이쪽으로 넘어오는데, 이해가 안가네요.\n그리고 지난달에 해지를 다 했는데, 왜 결재가 나가는 모르겠어요.\n환불을 요청합니다.\n바로 연락을 부탁드립니다\n그리고 왜 문의하는 것 조차 개인정보를 수집하나요?왜 동의 해야 등록이 되나요?\n짜증나네요	49
49	상담원 전화연결 원함	49
49	상담원과통화 필요함	49
49	예전에는 웨이브에 전화를 걸어 웨이브 상담원과 전화 통화 상담을 할 수 있었는데 이제는 웨이브에 전화흫 걸어도 상담원과 전화 통화가 되지 않고 카카오톡 상담만 되는데 예전처럼 웨이브 상담원에게 전화를 걸어 음성으로 전화 통화 상담을 할 수 있는 방법을 알려주세요.	49
49	요금은 지불되는데  자꾸만 이용권 구매하라고 뜸니다 짜증나고  상담사 연결은 왜 안되나구요	49
49	요금제관련 문의입니다. 전화부탁드립니다	49
49	원래 티빙이랑 따로따로 결제해서 썼는데 같이 결제해서 쓰는건 어떻게 하는거죠????\n고객센타가 전화를 못하니 저같이 나이든 사람들은 복잡해서 못쓰겠네요\n방법 좀 쉽게 알려주시고 전화연결도 됐음 좋겠네요 디즈니+는 전화연결 다 돼고 친절하게 설명도 다 해주시는데 진짜 우리나라앱이 더 못됐네요	49
49	월결재하는데 왜자꾸 이용권구매라하는지\n오전에도 문의했는데 왜자꾸 1:1문의로가는지\n전화상담요망	49
49	웨이브+티빙 상품사용 해지 후 다른 컨텐츠 가입 하려는데 되지 않습니다.\n전화상담 요청합니다.	49
49	위에 문의내용 적었는데 제 사정상 통화가\n2시~4시 사이에 가능한데 그 시간에\n전화상담 신청합니다	49
49	이번달에 웨이브 사용을 안했는데, 요금이 자동결제 됬습니다.  해지 요청드립니다\n상담원 연결이 어려우니 불편하네요...	49
49	자동결제가 돼 된거죠??? \n웨이브 안본지가 언젠데-\n자동결제 전에 미리 고지를 해주시던지-\n추석이라 고객센터 전화도 안되고!!!!!\n회원탈퇴 해주시고 자동결제 된 것도 환불해주세요. \n빠른 답변 바랍니다!!!!!!	49
49	전화 통화 가능하면 통화하고 싶습니다	49
49	전화상담 불가한가요?  ai말고 전화상담 하고 싶어요  어떻게 해야되죠	49
49	전화연결이너무안됩니다	49
49	전화좀주세요	49
49	전화주세요 감사합니다	49
49	제가 웨이브+티빙 이용권 사용중인데요. 이중으로 결제가 되서  이거에 관해서 상담사 연결을 받고 싶은데요 대체 어떻게 해야 되는걸까요??? 제가 지금 여러번 헀는데 전부 연결이 안되서요. 확인해주세요 너무 화나서요...제발	49
49	중도해지하면  호불은 언제 되나요 더블가입을해 서 요\n탈퇴를해야하나요 \n유선 연락은 어디로할가요	49
49	직접통화를 원합니다.\n하라는대로 해바는데 잘안되네요\n오전 12시까지 전화주시면 됩니다	49
49	진짜 환불하기 어렵네요. \n전화상담요청했더니 무슨 ai상담사를 연결해주는지????\n지금 환불 과정에서 메일로 몇번이나 문의하게되는데 이게 맞나요? 소비자 입장에서 웨이브 다시는 쓰기 싫을정도로 짜증이나네요^^ \n\n미사용상태로 재문의하라는데 답변기다리는동안 사용했어요\n\n환불가능 금액 다시 알려주세요 \n\n금액변동없으면 바로 환불해주시고요.	49
49	카드변경이 안되어  인간 상담사와 통화 원합니다	49
49	코인 5000원 적립되어 있는 것도 같이 입금 부탁드립니다\n\n전화 연결이 안되어서요..	49
49	코인으로 부분환불된 이용권 금액을 전액 현금으로 돌려받고 싶습니다. 현재 연휴라 바로 상담원 연결이 안 돼서 곤란합니다.	49
49	티빙 결합 결제하였는데 웨이브는 해지를 해야하는 건가요?? \n상담원과 통화 하고 싶은데 어떻게 해야하나요?	49
49	티월드 우즈패스 사용중인데\n모바일에서는 이용권이 연동되는데\nPC는 안됨 얼마전에 폰을 바꾸고나서 부터안됨\n똑같이 티월드 로그인했는데\n모바일은되는데 Pc는 연동이안됨\nSK텔레콤 고객센터 전화하니\n웨이브고객센터 문의하라고해서 합니다.	49
49	프로필 변경에 대해 상담사 연결하고 싶습니다	49
50	1:1 문의 내용 확인했으며 동의하여 취소  진행부탁드립니다.	50
50	10/19일까지 사용했습니다\n입금동의하며 20일부터 나머지일자 바로 환불처리해주세요\n웨이브는 사용안하는데 티빙사용때문에 계속 환불지연되네요ㅠ 시청은하되 이용권 바꿔서 재결제할건데 이거라도 자동교체되게 설정을 해주시지 진짜 너무 불편하네요 재문의하라하시지말고 남은일자 정산되는당일로 바로 카드 승인 취소 바랍니다. 	50
50	11.7일에 해지문의 하고 환불 동의하면 재문의 남기라고 답변받아서 재문의 했으나 사용내역이 더 확인되서 환불금액 변동으로 안내받고 또 재문의 남겨달라해서 11.11일에 재문의 남겼습니다 근데 답변이 이전답변완료라고 하네요 환불 내역 확인 다시 하고 취소동의하면 재문의 남기라고 왜 하신걸까요?? 이전 제가 남긴 글이랑 답변 다시 확인해주시고 추가 이용안하고 있으니까 환불 금액 얼마든 동의 합니다 환불 해주세요	50
50	"11월 17일 등록한 1:1문의에 대한  취소동의를 위한 재문의""입니다.\n현재 이용하고 있는 ""방송(LIVE+VOD)+VOD 10회 다운로드 (모바일 + PC ? HD 시청 ? 3회선)"" 이용권 즉시 해지에 대한 1:1문의 답변 확인했고, 오늘자로 재설정된 수수료 등을 부분 취소 해주세요 "	50
50	12/15 1:1 문의 답변 주신 금액에 대해 환불 동의합니다.  부분 카드 취소 해주세요 	50
50	1차 질문에 대한 답변을 잘 받았습니다.\n환불 정책과 금액에 대해 확인했습니다 부분 취소 고맙습니다!	50
50	24일자 결제 취소에 동의합니다\n진행해주세요	50
50	결제 취소된 게 맞을까요?	19
50	구글에서 취소 된게 맞는 건가요?	50
50	그 전 문의글에서 환불금액 확인 후 입금동의 합니다.	52
50	그냥 부분취소 해주시면 되는데.. 일은 너무 번거롭게 하시네요... 재동의합니다	50
50	금액 확인 했습니다. 취소 위해 재문의 드립니다.	50
50	금액변동 생기더라도 취소 동의합니다.\n이메일 답변에 재문의란이 어디있는지 몰라 다시 문의 남깁니다.\n 이전 문의 참고 부탁드립니다.	50
50	네 그렇게 부탁드리겠습니다. 감사합니다!	43
50	네, 환불 비용 확인했습니다. 해지 및 환불 바로 해주세요.	50
50	다른 이용권을 구매하려 하오니 상기 제목을 확인하여 환불처리 진행바랍니다	50
50	다시 환불해달라고 하셔서 남깁니다	23
50	답변 감사드립니다.\n환불 금액 확인으로 재문의 글 남깁니다.	23
50	답변 내용을 보고 연락 드립니다. \n환불 내용에 대해 동의합니다.	50
50	답변 받은 내용 확인하였고취소 동의합니다.	50
50	답변 주셨는데 확인이 늦었습니다 취소 해주세요 	50
50	답변 확인했습니다 동의합니다 취소해주세요	50
50	답변주신 글 잘 읽었습니다!\n빠른 일처리 감사드립니다. 말씀하신대로 재문의 드립니다. 취소 해주세요 	50
50	답변확인했습니다! 취소 원합니다!	50
50	동의하니까 빠른 취소 처리 부탁합니다	50
50	동의합니다 정상해지취소 빨리 부탁드려요	50
50	동의합니다. 얼마든 동의하니까 그냥 취소 처리 해주세요	50
50	메일로 받은 환불금 취소동의합니다 진행해주세요	50
50	메일로 수신 받은 환불 금액 확인 했습니다.\n입금동의를 위해 재문의 드립니다. 취소 해주세요 	52
50	메일로 환불 금액 확인하였고 입금 을 동의하여 재문의합니다	50
50	문의 답변에 대한 재문의입니다. \n해지처리 및 취소 요청드립니다. \n미사용상태입니다.	50
50	문의글에 대한 답변 확인 후 재문의 글 남기하 하셔서\n다시 남깁니다. 부분 환불 진행부탁드립니다!	50
50	문의내용 메일 다확인했습니다\n제발좀 환불즘해주세요\n같은내용을 몇번이나 반복하는건가요. .	23
50	문의답변 확인했습니다. 안내해주신 사항에 대해 동의하니 환불 진행 부탁드립니다~!	50
50	문의드렸던 약정 건 해지해주세요\n환불진행 동의 합니다	50
50	문의드린 내용에대해 환불 동의합니다!	50
50	문의한내용 중복결제 환불안내 답변 받았습니다 환불 입금동의합니다	50
50	미사용 계정 로그인 되어 중복결재됨\n환불 원합니다	50
50	부분 취소  동의합니다	50
50	부분 취소  동의합니다. 카드 취소 해주세요	50
50	부분 취소 동의합니다	50
50	부분 환불 금액 동의합니다 취소 해주세요  	50
50	빨리 이용권 취소해주시고 빨리 입금해 주세요	50
50	안녕하세요\n\n이전 문의 때 환불금액에 동의합니다!	50
50	웨이브 환불금 입금동의에 관련해서 재문의 드렸습니다 부분 취소 동의	50
50	이용권 부분취소에 동의합니다.	50
50	이용권 즉시 취소 신청 재문의 입니다.\n\n메일 확인 했습니다. 계좌로 환불 부탁드립니다.\n\n\n■ 환불 정보 안내\n\n- 이용권명 : 스탠다드\n\n- 결제 금액 : 10,900원\n\n- 이용 수수료: 1,810원(2025-11-09~2025-11-13 / 5일)\n\n- 결제대행 수수료 : 900원\n\n- 환불 가능 금액 : 8,190원	50
50	이용권 취소 신청 계좌번호 남겼습니다 확인 후 답변주세요	50
50	이전 문의로 환불 동의하려면 재문의 달라하셨는데, 동의합니다.	50
50	이전 문의사항 답변이 오기 전 애플측으로 직접 환불 신청하여 처리되었고\n더블이용권 구매 후 연동까지 해서 다시 이용가능하게 되었습니다.\n\n그런데 지금 답변온 내용에 계정 삭제를 하고 다시 해야된다 라는 내용이 있어서\n재문의 드립니다. \n\n애플측에서 환불요청해서 처리되었고 티빙이랑 계정연동이 되었는데도 다시 탈퇴 해야되는건 아닌거죠??	50
50	이전 문의에 대한 환불금액 확인하였고, 부분 취소동의합니다!	50
50	이전 문의에 대해, 부분 취소에 동의합니다	50
50	재산정한 금액으로 부분 취소 해주세요~	50
50	저번 문의 부분 취소 동의	50
50	1년 결재 해서 사용중이 었으나 \n재결재는 희망하지 않는데 자동결재 되었습니다.\n결재 취소해 주세요.	50
50	20시 4분 36초 걸제건 취소 바랍니다.	50
50	사용안했는데 이용권 취소부탁드려요	50
51	10월 22일에 연간결제권 자동결제되었는데 혹시 부분환불 가능한가요	51
51	10월 26일에 이용권을 결제했는데요. 부분 환불이 가능할지 문의 드립니다.	51
51	12개월 결제했는데 해지하려고합니다. 3월까지 결제인데 부분 환불 되나요?	51
51	12개월 요금제 사용 중인데, 중도 해지하여 환불 시 환불금이 얼마인지 알고 싶습니다.	51
51	12개월 이용권을 구매해서 사용중입니다만\n티빙과 결합된 상품을 이용하고 싶어서요\n중도해지를 하고 새로운 결제를 해야하는건가요?\n중도해지를 하게된다면 환불 금액도 알고 싶습니다	51
51	12개월 일시불 결제했는데 티빙이랑 합쳐서 나온 요금제가 있더라구요? 그걸로 변경하고 싶습니다	14
51	12개월용 스탠다드를 구독했는데 최근 티빙 웨이브 디즈니 결합상품으로 디즈니에서 구독을 하게되어 만료기간까지 거의 10개월 이상 남은상태로 기한이 중복되어 남은기간 금액 환불 원합니다.	51
51	12월 2일에 연간 결제가 되었으나, 사용 의사가 없어 중도 해지 및 남은 금액 환불을 요청합니다.	51
51	12월까지 사용후 부분환불 원합니다	51
51	1년 결제를 지금 중도 해지하면 얼마를 환불 받을 수 있는지 궁금합니다. 당장 해지는 안해도 환불 금액을 알고 싶습니다.	51
51	1년 구독권으로 구글통해서 구매했는데 부분환불 원해요 다른이용권으로 갈아타려구요 도와주세용	51
51	1년 구독권으로 구매하여 12/26일까진데 혹시 빨리 해지하면 남은 만큼은 금액이 환불될까요?	51
51	1년 구독했는데 해지하고 싶습니다. \n해지할경우 환불금액 확인부탁드립니다.	51
51	1년 단위로 결제를 했었는데\n보는 프로그램들이 사라져서 1년치 등록한 건에 있어서 해지 및 일부 남은 기간은 환불을 받고 싶습니다	51
51	1년 이용권 해지 후 새로운 이용권 가입을 위하여\n해지를 부탁드리며\n내일 - 만료일자까지의 미사용기간의 환불을 부탁드립니다	51
51	1년 정기구독 신청하였고 \n구글플레이에서 정기구독은 해지하였습니다.\n부분 환불 절차를 진행하고 싶습니다.	51
51	1년 정기구독을 했었는데 이번에 티빙웨이브 같이 구독하려규 하니 해지가 안됐다고 알람이 떠서요 어떻게 해지를 해야할지 문의드립니다 \n해지하고 환불도 얼마가 가능한지 궁금해요	51
51	1년구독권 해지후 부분환불 원해요	51
51	1년구매로 구매했는데 미운오리새끼(sbs)못보는거면 해지하게 되면 부분환불가능한가요?	51
51	1년권 부분환불 원합니다	51
51	1년정기권 구매해서 보고 있는데 해지가 가능한가요? 해지후 남은기간에 대해 환불가능한지 문의합니다. 가능하면 해지 부탁드립니다	51
51	1년짜리 팩 해지하면서  남은 기간에대한 환불을 받고 싶습니다.	51
51	1월 12일까지 기간인데 남은 기간만큼 부분환불 가능할까요?	51
51	2024.10.26~2025.10.26 1년 동안 자동 결제가 됐는데 전혀 사용을 안 했습니다. 자동 결제가 되고 있는 걸 이제야 확인해서 환불 문의드립니다. 이용하지 않은 기간에 대해서 부분 환불이라도 받고 싶습니다ㅠㅠ.	23
51	2025/12/14 이용 결제하였으나, 당일 이용권 취소 및 환불 희망합니다. 일부라도 환불 가능한가요?	51
51	2026.4.29 만료예정입니다\n오늘 날짜로 이용권 해지하면 환불금액이 어떻게 되나요?	51
51	25.9 월에 정기결제가되고 26.9월까지 사용가능인데 이제쓸일이없어서 한달하고 일주일정도 사용한거같은데 남은부분 환불하고싶어요 정기결제는취소했습니다\n환불되는지와 금액알수있나요?	51
51	2인 이용권을 이용 중인데 같이 보는 사람에게 해지한다고 메세지를 보냈습니다 그런데 제 메세지를 못보고 영상 시청을 계속 했다고 합니다. 환불 금액이 어떻게 달라질까요?	51
51	4/3에 연간이용권 결제해서 이용중인데 만약 중도 해지하면 환불 금액이 어떻게 되나요? 당장 해지할 건 아니고 환불 금액 문의드립니다	51
51	7월부터 12개월 이용권 구매했는데 sbs 해지되면서 웨이브를 해지하고 싶습니다.\n부분환불하면 얼마나 되나요?	51
51	CJ 임직원 이용권혜택이 금일부터 가능으로\n공지받아 연간 구독권 취소 후 일부 사용 개월수 \n결제가능할지 문의 드립니다.	51
51	POOQ서비스 종료 안내에 따라 해지 처리 및 남은기간 (~25/11/16) 환불을 요청드립니다.	51
51	sbs 시청 불가로 환불 하고싶습니다\n환불예정금액 알려주세요	51
51	광고형 스탠다드로 결제해서 사용중인데 다른 이용권으로 바꾸고 싶은데 방법이 없나요?\n기존 사용한 이용권을 환불해서 새로 다른 이용권으로 구매해야한다면 환불가능한가요? 일자별로 제하고 환불금액이 입금되는건가요?	51
51	광고형 스텐다드요금제로 변경하고 싶은데  해지없이 이용권만 변경 할수 없나요?  만약 해지하고  바로 다른 이용권 결제하면 기존 이용권  남은 일수 환불 되나요?	51
51	광고형으로 잘못 결제해서 추가로 다른 요금제 구매하면 부분환불되며 자동으로 다른 요금제 쓸 수 있다고 했는데, 구글에서 환불이 불가하여 추가 결제 자체가 안되고 있습니다. 방법이 없나요?	51
51	구독 시간이 남았을 때 해지할 경우 남은 기간 환불이 되나요?	51
51	기존에 티빙과 웨이브를 별도로 이용중이었는데,\n이번에 티빙 요금제가 끝나면서 더블로 같이 구입했습니다.\n웨이브는 11월 6일까지 남아있는 상태인데 혹시 남은기간 포기하고 더블로 바꿀 수 있나요?	51
51	남은 기간이 몇개월이고 철회하면 얼마나 환불되는지 상세히 알고 싶습니다.	51
51	남은기간 환불좀해주세요	51
51	남은기간 환불해 주세요.	51
51	년결제로 했는데 자동결제는 해지했습니다 \n이번달까지 사용하는걸로 해지후 부분환불 원합니다	51
51	더블 이용권 이용중입니다.\n더블 이용권 해지를 하고 남은기간 환불 원합니다.	51
51	동물농장아 없어져서 해지하려 합니다. ㅜ.ㅜ.\n\n해지하면 남은 금액 환불되는가요?	51
51	디즈니,티빙,웨이브 결합으로 바꾸려고 합니다.\n현재 이용 중인 이용권 해지시 불이익이 있나요? \n환불금액은 얼마인가요? 위약금이 존재하는지 알고 싶습니다.	51
51	만료일이 된지 모르고 조금 드라마를 시청했는데 부분환불 어떻게 받나요?	51
51	바로 전 문의에도 본인 계좌로 신청했는데 본인 계좌로 신청하라 하시니 다시 본인계좌로 또 신청합니다.	51
51	바로해지를 원합니다, 잔여기간에 대한 환불을 받고 싶습니다	51
51	보고있었던 여러 프로그램이 다 없어졌어요.. 한개면 그냥 유지하려고 했는데 여러개가 안되네요\n남은 기간 환불 될까요?	51
51	보안코드 : XX78TE\n\n환불금액 확인하였습니다.\n환불 부탁드립니다.\n감사합니다.	51
51	보안코드 abc456\n구독취소했습니다 부분환불부탁드립니다	51
51	부분 환불 금액이 어떻게 되죠? 오늘 날짜로 해지하면요	51
51	부분환불 가능 한가요?	51
51	부분환불 가능한가요?	51
51	부분환불 금액 확인 완료하였습니다.\n그대로 환불 처리 부탁드립니다.	51
51	부분환불 빠르게 부탁드립니다!	51
51	부분환불 시 환불금액은 어떻게 되나요?	51
51	부분환불문의를했고 10800원 부분환불된다는 답변을받았습니다.재문의를하면 환불일정을 알려준대서 남깁니다.	51
51	부분환불원합니다\n해지하고 다른요금제사용하고싶어요	51
51	부분환불을 하고 싶습니다.	51
51	부분환불하고 티빙웨이브결합요금으로 바꾸싶어요\n광고형이 더 저렴해서요	51
51	사용하지 않은 일수만큼 환불 가능 여부 확인과 11월 23일 이후 추가 결제되지 않도록 해지 부탁드립니다	51
51	스탠다드 이용권 남은 일수 환불	51
51	스탠다드 장기이용권 부분환불을 받고싶어서요,\n제가 티빙이랑 웨이브랑 연결된 이용권을 결제해서 웨이브에서 결제한 스탠다드 장기이용권 부분환불을 받고싶습니다. 혹시나 바로 계좌로 받아야한다면 계좌는 신한 110456355175 강혜진입니다. 그 몇프로 떼고 환불받는거 알고있긴합니다! 혹시나 제가 동의해야할 내용이 있어서 통화를 해야한다면 월요일 3시이후 오후에 전화주시거나 아니면 문자 남겨주시면 감사드리겠습니다.	51
51	안녕하세요 \n1년 베이직 구독중인데 \n부분환불같은거 받고 \n스탠다드로 변경 혹시 가능할까요?	51
51	안녕하세요 부분환불 문의로 연락드립니다.\n\n티빙 3 pack으로 요금 변경하고자 해지하고자 합니다.\n\n혹시 부분환불 가능하면 해지 부탁드립니다.\n\n감사합니다.	51
51	안녕하세요 이용중이던 이용권을 해지하고 남은 기간에 대한 환불을 요청드립니다\n환불금액은 어떤 식으로 산정되는지, 얼마가 환불되는지도 문의드립니다	51
51	안녕하세요. \n이번에 나온 티빙 웨이브 디즈니 통합 이용권을 고려중이라 현재\n등록된 제 이용권이 사용한 기간을 제외한 부분환불이 혹시 가능할지 문의드립니다	51
51	안녕하세요. 1년권을 구매했는데 등록 전 아이폰으로 자동 결제가 되어서 현재 이용 중인 광고형스탠다드 이용권을 취소 밑 롼불 접수하고자 합니다. 부분환불 가능하다면 진행 요청드립니닼	51
51	안녕하세요. 손요한 입니다.\n\n웨이브 요금제를 잘 사용하고 있었습니다.\n\n이제 사용을 하지 않을 예정이라 이용권 부분 환불 및 해지 신청 드립니다.\n\n[요청 사항]\n - 일할 계산 환불 및 이용권 해지 요청\n\n→ 다른 회유책은 안주셔도 됩니다.\n   (와이프가 티빙 결제중이였는데, 거기서 웨이브랑 결합하려구요!)	51
51	안녕하세요. 웨이브 이용권 구독 취소에 따른 부분환불 진행 요청드립니다.\n신규 통합 이용권으로 변경 예정이라 기존 이용권은 바로 취소(잔여기간 미이용) 및 부분환불 진행 후 새로운 이용권으로 재신청하여 사용하고자 합니다.	51
51	안녕하세요. 티빙x웨이브 더블 프리미엄 이용권을 이용하고자 하는데\n\n현재 스탠다드 장기이용권_12개월(google)을 이용 중이라, 이용권 해지하도록 팝업을 확인하였습니다.\n\n이에 안내에 따라 구글 플레이스토어에서 정기결제를 해제했지만\n여전히 기존 이용권의 해지 및 신규 더블이용권의 가입이 제한되어\n\n관련 부분환불 또는 해지 절차 문의드립니다.	51
51	안녕하세요. 현재 스탠다드 정기이용권_12개월 사용중이었는데요 (기간 : 25.2.22-26.2.22) \n\n오늘 배우자 ID로 Tving+Wavve+디지니+ 구독을 하게되어, 기존에 제가 가입했던 연간 WAVVE 구독을 취소하고 남은 기간 금액을 환불해 주셨으면 합니다.\n\n감사합니다.	51
51	안녕하세요.\n\nTVING에서 웨이브+티빙 결합 상품 요금제를 구매 후 웨이브와 연동시키려고하니 현재 웨이브에서 구독중인 상품이 있기 때문에 연동이 안 된다고 합니다.\n\n그래서 현재 웨이브 구독 상품을 남은 기간 환불처리하고, 최근 구매한 티빙 결합 상품과 연동을 시키고 싶습니다.\n\n처리 부탁드립니다.	51
51	안녕하세요.\n현재이용중인 상품 해지시 부분환불 금액 확인부탁드립니다.	51
51	안녕하세요\n\n현재 프리미엄 12개월 이용권으로 25년 12월 28일까지 사용이 가능한 요금제를 쓰고 있습니다.\n11월 1일부터 티빙 더블 요금제를 사용하고 싶은데 혹시 방법이 있을까요?\n부분 환불이 가능한지 문의 드립니다.	51
51	안녕하세요\n현재 이용중인 1년 이용권을 티빙 웨이브 디즈니 통합구독권으로 바꾸고 싶어 환불 문의드립니다\n환불이 가능한지 가능하면 얼마인지 안내부탁드립니다	51
51	앞전에 문의 드린 날부터 환불되는줄알고, \n안보고있었는데,,, 바로 환불 기산하여 환불진행바랍니다.	23
51	연간 구독권 해지 부분 환불 원합니다.\n\n티빙에서 이용권 합치려고 하는데, 티빙은 알아서 남은 금액 취소하고 이용권 하게 해주는데\n\n웨이브 연동하려고 했더니, 이미 이용권이 있는 아이디는 연동이 안된다고 합니다\n\n배우자 아이디로 연동하고, 이 아이디는 취소하려고 하는데 연간 이용권은 고객센터 문의하라고하네요\n\n규정상 환불 가능한 액수만큼 받으려고 합니다	51
51	연간 이용권을 중도 해지하고 다른 이용권으로 넘어가려 합니다 부분 환불이 가능할까요	51
51	연간결제했는데 환불가능한지 문의합니다	51
51	연간구독권해지를 하면 환불금이 있나요\n해지는 어디서 하나요	51
51	연간이용권 자동결제 중입니다\n해지 신청했고 내년 10월까지라 바로 해지 후 부분환불 가능한가요?	51
51	오늘까지 본걸로 부분환불 문의두립니다	51
51	오늘부터 취소하고 부분환불  받고싶습니다	51
51	오랜기간 자동결제된줄 모르고 1년가까이 사용하지 않고 10만원이 넘는 금액을 지불했습니다 \n자동결제를 인지 못한 점이랑 오랜기간 전혀 접속해서 사용하지 않은 점을 고려하면 \n12월분 말고 남은 기간에 대해 환불을 해주는 사례가 많다고 한국 소비자원에서 답변을 해주셨습니다 \n지금 12월분만 환불이 됐는데 남은 기간에 대해서도 일부 환불을 요청합니다 \n환불이 안 될 시 소비자 피해구제와 소비자 분쟁조정 신청해야하는데, 복잡해지고 싶지 않아서 재문의 드립니다 \n이메일로만 결제내역이 통보되는 상황이라 전혀 인지하지 못했습니다 \n그러나 제가 인지를 못한 잘못도 있으므로 전액은 아니더라도 일부는 환불을 해주시면 좋겠습니다 \n전화가 안돼서 답답한 상황인데 가능하다면 유선으로 연락부탁드리겠습니다	51
51	웨이브 티빙 결합상품으로변경하고싶은데 남은기간이있는데 어떻게 바꿔야될까요	51
51	웨이브는 이미 구독중이라 계정연결이 되지 않습니다. 구글에서 자동결제는 해지했는데 남은 기간 부분환불이나 구독취소가 가능할까요?	51
51	이번달 결제된 금액 환불 또는 부분 환불 가능할까요	51
51	이용권 자동 결제가됐는데 환불금액이 어떻게되는지 궁금해요\n\n환불 금액 확인 후 결정하고싶어요	23
51	일년 이용권 구독을 했는데, wavve에서 sbs가 빠지면서 wavve 구독을 하지 않으려합니다.\n이런경우 남은 기간의 금액 환불되는건가요?	51
51	자동결제 해지만 된 더 같아요\n남은 기간 환불도 해주세요	51
51	작년 5월쯤 1년 이용권 결제했는데, 부분환불 가능한지 문의드립니다	51
51	잔여기간동안의 환불금액을 처리바랍니다.	51
51	장기 결제중인데 남은기간 환불 가능한가요???	51
51	장기 이용권 12개월 상품 구매하여 보고있으나, 더 이상 시청이 필요가 없어져서 부분환불 해지 부탁드립니다	51
51	중도 해지하고자 합니다. 부분환불 진행 부탁드립니다.	51
51	중복 서비스 가입으로 (다른 계정) 해당 계정으로 결제한 금액 환불 문의드립니다	51
51	지금 사용하고 있는 요금제 3달정도 이용기간 남았는데 해지 가능한지, \n해지 시 환불 금액은 어떻게 되는지 답변 바랍니다.	51
51	지금 이용중인 이용권을 해지하고 부분환불 가능할까요..?	51
51	지금해지하면 환불금액은얼마인가요?	51
51	취소하고 부분환불은 안되나요?	51
51	티빙 +웨이브+디즈니 결합상품으로 변경하고 싶은데 \n지금 해지하면 부분환불이 되나요?\n아니면 가입된 날짜까지 써야 하나요?\n웨이브에는 디즈니까지 결합된 상품이 없던데 티빙에서 해야 하는 거죠?\npc로 가입을 했는데 집에 pc가 없어서 해지는 내일 하려고 합니다	51
51	티빙 결합 불편해서 웨이브 단독 이용권으로 결제 하려고 하는데 이용중인 이용권이 있어서 결제가 안되네요.\n해지 신청 했으니 부분 환불 후 처리 부탁드립니다.	51
51	티빙 더블 이용권 구매하여 웨이브 계정 연결 중인데, 이용권 사용이라고 떠서 부분 환불을 요청드립니다	51
51	티빙 웨이브 더블이용권으로 바꾸면서 새로운 계정으로 옮겨갔으므로 이 계정에 대한\n웨이브 부분환불을 원합니다	51
51	티빙과 결합 위하여 부분환불을 하려고 합니다. 어떻게 해야하나요??	51
51	티빙에서 웨이브X티빙 더블프리미엄을 이용하게 됐는데 이 계정과 연동하려고 하니 이미 구독중인 계정이라 불가하다고 나옵니다. 며칠 안남긴 했는데 남은 잔여기간 부분환불및 완전 구독취소부탁드립니다.	51
51	티빙웨이브 결합상품인 더블 프리미엄 이용권을 어제(12월2일) 구매했습니다. \n티빙 등록 후 웨이브를 등록하려고 하니 기존 이용권이 있어 등록이 안된다고 안내가 나왔습니다.\n현제 웨이브는 스탠다드로 구독하고 있고 11월 23일에 구독료 납부한 상태입니다.\n웨이브 스탠다드 이용권 해지 후 남은 기간 환불 가능한가요?	51
51	티빙웨이브디즈니 상품 재결합하려고 하는데 부분환불은 어떻게 받으면 되나요?	51
51	티빙이랑 웨이브 더블이용권이란게 있는걸 알게되어서 지금 웨이브 결제한게 1년권인데 부분환불하고 더블이용권을 이용하고자 하는데 부분환불하면 얼마를 돌려받을수 있나요?	51
51	해지 후 부분환불 가능한가요?	51
51	해지에 따른 부분환불	51
51	해지하고 재결제요청하고싶습니다. 해지하게되면 부담금은 얼마나 내고, 얼마나 환불받는지 궁금합니다.	23
51	현재 11월에 갱신한  15900원 웨이브이용권을 이용하고 있습니다.\n웨이브 티빙 더블 프리미엄으로 변경 하려면 어떻게 해야 하나요?\n현재 이용중인 서비스 환불이 가능한가요?\n아니면 추가요금 결제해야 하나요?	51
51	현재 구독중인 이용권을 해지하고   티빙 결합상품으로 바꾸려고 환불하려고 하는데 환불 금액은 어떻게 될까요?	51
51	현재 이용중인 프리미엄 12개월 이용권의 정기결제는 해지 했으나 잔여기간에 대한 환불을 요청 드립니다.\n\n환불사유는 티빙서비스에서 더블이용권을 구매하여 이용하기 위함입니다. \n현재 티빙서비스에서 더블 이용권을 구매하였으나 기존 이용권이 있어 연동이 불가한 상태입니다.	51
51	환불한다면 얼마 돌려받죠?	51
52	10/9 일에 재문의 했는데 답변이 없어서 다시 합니다.\n환불 금액 확인했습니다. 입금 동의 합니다.	52
52	11월12일 1대1 문의를 통해 환불절차를 안내 받았습니다\n\n그리하여 안내받은바와 같이, 입금 동의를 위한 [재문의] 드립니다.\n\n이용권 환불 진행 부탁드리겠습니다. 감사합니다.	52
52	12/3 연간 이용권 부분환불 요청 드렸으며, 환불금액 확인 후 입금 동의를 위한 재문의 드립니다.\n\n확인 후 수수료 차감하여 환불 부탁드립니다.\n(환불 가능 금액 54.560원)	52
52	4. 환불 계좌 입력란 (※ 개인의 중요 정보를 본문에 기재하지 않도록 주의해 주세요.)\n\n   - [해지/취소/환불 접수] 클릭 → 글 하단의 [환불정보]에 입력 → 등록\n\n※ 환불은 웨이브 가입자 명의의 계좌로만 접수 가능합니다.\n\n\n■ 환불 정보 안내\n\n- 이용권명 : 스탠다드\n\n- 결제 금액 : 10,900원\n\n- 이용 수수료: 7,260원(2025-11-09~2025-11-28 / 20일)\n\n- 결제대행 수수료 : 360원\n\n- 환불 가능 금액 : 3,280원\n\n\n위 환불 금액 확인 후 **입금 동의를 위한 [재문의]**를 해주시기 바랍니다.\n\n답변 시 입금일을 안내드리겠습니다.	52
52	"- 이용권명 : Basic\n\n- 결제 금액 : 7,900원\n\n- 이용 수수료: 0원( 2025-07-26 / 0일)\n\n- 결제대행 수수료 : 790원\n\n- 환불 가능 금액 : 7,110원\n\n\n\n위 환불 금액 확인 후 **입금 동의를 위한 """"재문의""""**를 해주시기 바랍니다.\n\n입금 동의합니다. 환불 진행해주시기 바랍니다."	52
52	- 이용권명 : 더블 광고형 스탠다드\n\n- 결제 금액 : 7,000원\n\n- 이용 수수료: 460원(2025-11-09~2025-11-10 / 2일)\n\n- 결제대행 수수료 : 650원\n\n- 환불 가능 금액 : 5,890원\n\n에 대한 입금 동의합니다.	52
52	- 이용권명 : 스탠다드 (ONE store)\n\n- 결제 금액 : 10,900원 \n\n- 이용 수수료: 1,810원( 2025-10-22 ~ 2025-10-26 / 05일)\n\n- 결제대행 수수료 : 900원\n\n- 환불 가능 금액 : 8,190원\n\n위 환불에 대한 입금 동의를 위한 재문의 드립니다.	52
52	"- 이용권명 : 스탠다드 장기이용권_12개월\n\n- 결제 금액 : 109,000원\n\n- 이용 수수료: 6,540원(2025-09-23~2025-10-10 / 18일)\n\n- 결제대행 수수료 : 10,240원\n\n- 환불 가능 금액 : 92,220원\n\n\n위 환불 금액 확인 후 **입금 동의를 위한 [재문의]**를 해주시기 바랍니다.\n\n답변 시 입금일을 안내드리겠습니다.\n\n\n환불 금액 변동이 발생하지 않도록 미사용 상태로 [재문의] 바랍니다.\n\n\n앞으로 더욱 노력하는 Wavve(웨이브)가 되겠습니다. 감사합니다.\n\n\n콘텐츠는 가득, 요금은 이득 ""더블로 득 볼래?""\n\n-입금동의합니다."	52
52	"- 이용권명 : 스탠다드\n\n - 결제 금액 : 10,900 원\n\n - 이용 수수료: 3,990 원( 2025-11-22 ~2025-12-02 /11일)\n\n - 결제대행 수수료 : 690 원\n\n - 환불 가능 금액 : 6,220  원\n\n\n위 환불 금액 확인 후 **입금 동의를 위한 ""재문의""**를 해주시기 바랍니다.\n\n답변 시 입금일을 안내드리겠습니다.\n\n\n환불 금액 변동이 발생하지 않도록 미사용 상태로 ""재문의"" 바랍니다.\n\n\n앞으로도 더욱 노력하는 Wavve(웨이브)가 되겠습니다.\n\n감사합니다.\n\n\n이렇게 답변이 와서 환불 요청 드립니다~"	52
52	** 입금 동의를 위한 [ 재문의 ] **	52
52	"**입금 동의를 위한 """"""""재문의"""""""""	52
52	"**입금 동의를 위한 """"재문의""""**"	52
52	"**입금 동의를 위한 """"재문의""""** 해달라하셔서 문의드립니다\n환불금액 확인했습니다"	52
52	"**입금 동의를 위한 ""재문의""**"	52
52	**입금 동의를 위한 [재문의]**\n\n동의함\n제발 환불 한큐에 좀 끝내주세요\n빨리빨리 답장 오는 것도 아니고 환불하는데 한달 다 지나갈듯.. 한세월걸림.. 답답혀..	52
52	**입금 동의를 위한 재문의**	52
52	네 부분환불 입금 동의합니다\n네이버페이 카드결제건으로 부분취소 부탁드립니다	52
52	답변 확인 후 입금 동의를 위한 재문의 드립니다!\n환불처리 요청드립니다!	52
52	답변 확인 후 입금 동의합니다~	52
52	답변주신대로 처리 부탁드립니다!\n혹시라도 환불금이 달라져도 그냥 진행 부탁드립니다.\n빨리 id합치고 싶어요.\n입금 동의하고 환불해주세요~	52
52	답변확인했습니다!\n입금 동의를 위한 재문의드립니다	52
52	메일 확인하였고 입금 동의 합니다\n빠른 처리 부탁 드립니다	52
52	문의를 통해 환불 금액 확인했고\n 입금 동의합니다	52
52	문의사항에 남겨주신 환불 입금 동의합니다.	52
52	보내주신 환불 정보 확인했습니다\n입금 동의합니다	52
52	보안코드 : XX78TE\n환불 입금 동의합니다	52
52	보안코드: E13G9A 입니다.\n\n보내주신 답변 확인하였으며, 환불 가능 금액 62,560원 확인했습니다. 입금 동의하여 재문의 드립니다.	52
52	부분 환불 금액에 대한 입금 동의합니다	52
52	부분환불 입금 동의를 위한 [재문의]	52
52	아래 안내주신 환불 정보대로 입금 동의합니다.\n환불 진행 부탁드립니다.\n===============================\n■ 환불 정보 안내 \n- 이용권명 : 프리미엄 장기이용권_12개월\n- 결제 금액 : 139,000원 \n- 이용 수수료: 31,970 원( 2025-09-25 ~ 2025-12-02 / 69일)\n- 결제대행 수수료 : 10,700 원\n- 환불 가능 금액 : 96,330 원	52
52	"아래 연간정기권 해지 및 환불 금액에 동의합니다. 환불 및 연간정기권 취소 진행 부탁드립니다.\n\n■ 환불 정보 안내 \n\n- 이용권명 : 스탠다드 12개월 이용권 (첫해 할인)\n\n- 결제 금액 : 87,500원 \n\n- 이용 수수료: 40,330원( 2025-09-09~2025-12-28 /111일)\n\n- 결제대행 수수료 : 4,710원\n\n- 환불 가능 금액 : 42,460원\n\n\n\n기존 안내드린""환불 기준 및 주의 사항""에 따라  \n\n추가 이용 이력이 확인되어 환불 가능 금액은 재산정되었습니다.\n\n\n\n위 환불 금액 확인 후 **입금 동의를 위한 ""재문의""**를 해주시기 바랍니다.\n\n답변 시 입금일을 안내드리겠습니다.\n\n\n\n환불 금액 변동이 발생하지 않도록 미사용 상태로 ""재문의"" 바랍니다."	52
52	"아래 환불 정보 확인했습니다.\n\n■ 환불 정보 안내 \n\n- 이용권명 : Basic 장기이용권_12개월\n\n- 결제 금액 : 79,000원\n\n- 이용 수수료: 11,320원( 2025-09-15~2025-10-27 /43일)\n\n- 결제대행 수수료 : 6,760원\n\n- 환불 가능 금액 : 60,920원\n\n\n\n위 환불 금액 확인 후 **입금 동의를 위한 """"재문의""""**를 해주시기 바랍니다.\n\n답변 시 입금일을 안내드리겠습니다.\n\n\n\n환불 금액 변동이 발생하지 않도록 미사용 상태로 """"재문의"""" 바랍니다."	52
52	"아래와 같이 답변 받았으며, 환불 요청드립니다.\n\n■ 환불 정보 안내 \n- 이용권명 : 더블 광고형 스탠다드\n- 결제 금액 : 7,000원  \n- 이용 수수료 : 230원 ( 이용기간 : 2025-11-29 /1일 )\n- 결제대행 수수료 : 670원\n- 환불 가능 금액 : 6,100원 \n\n위 환불 금액 확인 후 **입금 동의를 위한 ""재문의""**를 해주시기 바랍니다.\n답변 시 입금일을 안내드리겠습니다.\n\n환불 금액 변동이 발생하지 않도록 미사용 상태로 ""재문의"" 바랍니다."	52
52	"안내받은 환불 금액 확인 후 **입금 동의를 위한 """"재문의""""** 남깁니다."	52
52	안내해주신 환불 정보 안내 잘 확인했습니다.\n환불 금액 확인 후 입금 동의를 위한 재문의 드립니다.\n환불 진행 부탁드립니다.\n감사합니다.	52
52	안녕하세요 \n아래와 같이 환불 정보에 대해 안내받아 입금 동의를 하고자 재문의 드립니다.\n\n ■ 환불 정보 안내\n\n\n - 이용권명 : 더블 프리미엄\n\n - 결제 금액 : 19,500 원\n\n - 이용 수수료: 2,600 원( 2025-10-18 ~2025-10-21 /4일)\n\n - 결제대행 수수료 : 1,690 원\n\n - 환불 가능 금액 : 15,210 원	52
52	"안녕하세요 \n이전 질의에 대한 아래와 같은 답변을 받아서 ""해당 금액"" 확인 완료하였습니다.\n환불완료를 위해 진행 부탁드립니다.\n\n+++++++++++++++++++++++++++\n■ 환불 정보 안내 \n- 이용권명 : Standard 장기이용권_12개월\n- 결제 금액 : 109,000원 \n- 이용 수수료: 69,030원(2025-03-24~2025-09-29 /190일)\n- 결제대행 수수료 : 3,990 원\n- 환불 가능 금액 : 35,980 원\n\n위 환불 금액 확인 후 **입금 동의를 위한 """"재문의""""**를 해주시기 바랍니다.\n답변 시 입금일을 안내드리겠습니다.\n환불 금액 변동이 발생하지 않도록 미사용 상태로 """"재문의"""" 바랍니다. \n\n++++++++++++++++++++++++++++++++++"	52
52	안녕하세요, 1:1 문의하기로 환불 요청드렸으며 입금 동의합니당!	52
52	안녕하세요, 보유한 이용권 해지에 따른 환불 접수로 지난주 문의드렸고 환불 금액에 대한 입금 동의가 별도 필요하다고 안내주셔서 재문의 글 남깁니다.\n전달주신 환불 금액, 추가 이용 내역 발생 시 추가 정산된다는 점 모두 확인하였고 이부분 동의의사 전달드립니다.\n신용카드 결제가 아니기 때문에 계좌로 환불받아야 하는 것 같은데 지난번 문의와 동일하게 계좌 정보 함께 남깁니다	52
52	안녕하세요, 이전 문의에서 답변 받았던 환불 정도에 대한 입금 동의 문의드립니다.\n\n■ 환불 정보 안내 \n- 이용권명 : Standard\n- 결제 금액 : 10,900원 \n- 이용 수수료: 7,630 원( 2025-09-24 ~2025-10-14 /21일)\n- 결제대행 수수료 : 320 원\n- 환불 가능 금액 : 2,950원\n\n확인 부탁드립니다.	52
52	안녕하세요, 전에 코인으로 들어온 환불 차액을 계좌로 환불받고싶어 문의 드렸었습니다. 답변 잘 받았습니다. 입금 동의합니다. 환불 부탁드립니다.	52
52	안녕하세요. 기간 산정에 따른 환불 요청드립니다.\n입금 동의합니다.	52
52	안녕하세요. 김민선 본인입니다.\n환불 금액 확인하였고 입금 동의를 위한 [재문의] 드립니다.\n또한 환불 금액 변동이 발생하지 않도록 미사용 상태임을 알려드립니다.\n감사합니다.	52
52	안녕하세요.\n회신주신 내용 확인했습니다.\n재문의를 남겼는데 제대로 등록이 안된거 같아 다시합니다.\n\n입금 동의합니다.\n감사합니다.	52
52	앞서 답변주신 내용 잘 받았습니다\n입금 동의를 위해 재문의 달라고 하셔서 다시한번 문의 남깁니다\n환불 정보는 아래 환불 정보란에 기입하겠습니다\n감사합니다	52
52	어제 문의 남긴 답변 확인 완료 했습니다.\n환불 금액 확인을 완료하였고, 입금 동의를 위한 재문의를 하라고 돼있어 문의 합니다	52
52	어제 입금 동의하는 재문의 하라고 해서 남겼는데 확인이 안 된 것 같아서 다시 남깁니다. \n어제 남긴 환불 금액 확인하였습니다. \n\n빠른 해지 바랍니다.	52
52	어제 환불처리 요청했는데요\n입금 동의 재문의 너으라는거보다 연락드립니다	52
52	"웨이브 티빙 더블 이용권 사용 예정입니다!\n해지 및 환불 해주세요\n\n\n\n■ 환불 정보 안내 \n\n- 이용권명 : 스탠다드 장기이용권_12개월\n\n- 결제 금액 : 109,000원\n\n- 이용 수수료: 8,350원( 2025-10-04 ~2025-10-26 / 23일)\n\n- 결제대행 수수료 : 10,060원\n\n- 환불 가능 금액 : 90,590원\n\n\n\n위 환불 금액 확인 후 **입금 동의를 위한 """"재문의""""**를 해주시기 바랍니다.\n\n답변 시 입금일을 안내드리겠습니다.\n\n\n\n환불 금액 변동이 발생하지 않도록 미사용 상태로 """"재문의"""" 바랍니다. \n\n\n\n앞으로도 더욱 노력하는 Wavve(웨이브)가 되겠습니다.\n\n감사합니다.\n\n\n\n콘텐츠는 가득, 요금은 이득 ""더블로 득 볼래?""\n\nhttps://www.wavve.com/voucher?voucher-type=tving_partner"	52
52	웨이브 해지/탈퇴 관련해서 한 번 문의 드렸었는데, 추가로 환불 관련해서 재문의해주시면 환불해주신다기에 재문의드립니다. 입금 동의합니다. 계좌번호 남기겠습니다.	52
52	위 환불 금액 확인 후 ** 입금 동의를 위한 [ 재문의 ] **	52
52	"위 환불 금액 확인 후 **입금 동의를 위한 ""재문의""**를 해주시기 바랍니다."	52
52	"이용권명 : Standard 장기이용권_12개월 (google)  \n\n- 결제 금액 : 90,000원\n\n- 이용 수수료: 29,580원( 2025-07-21 ~2025-09-29 /71일)\n\n- 결제대행 수수료 : 14,310원\n\n- 환불 가능 금액 : 81,110원\n\n\n\n위 환불 금액 확인 후 **입금 동의를 위한 ""재문의""**를 해주시기 바랍니다.\n\n답변 시 입금일을 안내드리겠습니다.\n\n재문의 해야한다길래 확인하고 문의드립니다\n미사용으로 바꾸는법을 몰라서 ㅠㅠ그냥 되는데로 확인부탁드립니다"	52
52	이용권이 아닌 Wavve 코인만 환불을 요청했습니다.\n이용권은 그대로 유지할 예정이고 Wavve 코인에 대해서만 환불을 요청했고\n입금 동의 역시 Wavve 코인에 대해서만 했습니다.\n\n이용권 환불은 요청 이후 삭제했습니다.\n\n그 이후 문의내역도 Wavve 코인에 대해서만 환불을 요청했습니다.\n\n시정 바랍니다.	52
52	이전 문의에 따른 재문의 드립니다\n아래 환불금액 확인 및 입금 동의하며 \n환불 처리 부탁드리겠습니다\n감사합니다\n\n? 환불 정보 안내\n- 이용권명 : 스탠다드 (iTunes)\n- 결제 금액 : 12,500원 * 12개월 = 150,000원\n- 결제대행 수수료 : 22,440원\n- 환불 가능 금액 : 127,560원	52
52	이전에 문의해서 입금 동의 후 재문의 해달라는 답변을 받았습니다 입금 동의하겠습니다	52
52	이전이 1:1 문의로 부분환불 요청하였고 금액 확인하여 입금 동의를 위한 재문의 드립니다.	52
52	이중결제 환불 관련 입금 동의 합니다.	52
52	이하 내용 확인했습니다.\n환불 부탁드립니다.\n\n\n■ 환불 정보 안내 \n\n- 이용권명 : Premium 장기이용권_12개월\n- 결제 금액 : 139,000원 \n- 이용 수수료: 11,580원( 2025-09-07 ~2025-10-01 / 25일)\n- 결제대행 수수료 : 12,740원\n- 환불 가능 금액 : 114,680원\n\n위 환불 금액 확인 후 ** 입금 동의를 위한 [ 재문의 ] **를 해주시기 바랍니다.\n\n답변 시 입금일을 안내드리겠습니다.	52
52	입금 동의 재문의 드립니다.	22
52	입금 동의 하여 재문의 드립니다. \n보안코드 S61H3B	52
52	입금 동의 환불 13050원	52
52	입금 동의로 재문의 해달라하여 남깁니다 입금날짜 답변주세용	52
52	"입금 동의를 위한 """"재문의"	52
52	"입금 동의를 위한 """"재문의"""""	52
52	"입금 동의를 위한 ""재문의"	52
52	"입금 동의를 위한 ""재문의"""	52
52	"입금 동의를 위한 ""재문의"" 드립니다.\n환불 금액 확인했으니 진행해주세요."	52
52	"입금 동의를 위한 ""재문의""\n\n환불금액 확인 했습니다"	52
52	입금 동의를 위한 [ 재문의 ]	52
52	입금 동의를 위한 [재문의]	52
52	입금 동의를 위한 [재문의] - 신용카드 부분 승인취소 요청\n■ 환불 정보 안내\n\n- 이용권명 : 스탠다드 장기이용권_12개월\n\n- 결제 금액 : 109,000원\n\n- 이용 수수료: 11,620원(2025-09-27~2025-10-28 / 32일)\n\n- 결제대행 수수료 : 9,730원\n\n- 환불 가능 금액 : 87,650원	52
52	입금 동의를 위한 [재문의] 금액확인했고 정기결재취소까지 완료했습니다 해지 및 환불 부탁드립니다	52
52	입금 동의를 위한 [재문의]\n\n환불 부탁드립니다.	52
52	입금 동의를 위한 [재문의\n110323527967 신한	52
52	입금 동의를 위한 [재문의\n해라고 답변이와서 문의합니다.	52
52	입금 동의를 위한 재문의 글입니다.	52
52	입금 동의를 위한 재문의 답변을 받았습니다	52
52	입금 동의를 위한 재문의 드립니다\n이용권 환불요청 합니다.	52
52	입금 동의를 위한 재문의 합니다.	52
52	입금 동의를 위한 재문의 해달라 해서 합니다\n환불 부탁드립니다	52
52	입금 동의를 위한 재문의입니다.	52
52	입금 동의를 위한 재문의입니다.\n이용권명 : 스탠다드\n환불가능 금액 : 451,260원	52
52	입금 동의를 위한 재문의합니다	52
52	입금 동의를 위해 재문의드리며 환불부탁드립니다.	52
52	입금 동의하면 해지 부탁드립니다. 감사합니다.	52
52	입금 동의합니다 환불 진행해주세요	52
52	입금 동의합니다. 11.4일 문의 내용에 대한 답변을 이제 보고 재문의합니다.\n입금 동의하고, 입금해주시기 바랍니다.	52
52	입금 동의합니다.\n\n■ 환불 정보 안내 \n- 이용권명 : 베이직\n- 결제 금액 : 7,900\n- 이용 수수료: 520 ( 이용기간 : 2025-10-22~2025-10-23/2일 )\n- 결제대행 수수료 : 730원\n- 환불 가능 금액 : 6,650원\n\n최영우\n케이뱅크 100210271989	52
52	"입금 동의합니다\n\n\n■ 환불 정보 안내 \n\n- 이용권명 : 스탠다드\n\n- 결제 금액 : 10,900\n\n- 이용 수수료: 7,630 원( 2025-11-02 ~2025-11-22 /21일)\n\n- 결제대행 수수료 : 320원\n\n- 환불 가능 금액 : 2,950 원\n\n\n\n위 환불 금액 확인 후 **입금 동의를 위한 """"재문의""""**를 해주시기 바랍니다.\n\n답변 시 입금일을 안내드리겠습니다.\n\n\n\n환불 금액 변동이 발생하지 않도록 미사용 상태로 """"재문의"""" 바랍니다. \n\n\n\n앞으로도 더욱 노력하는 Wavve(웨이브)가 되겠습니다.\n\n감사합니다."	52
52	입금 동의합니다\n빠른 처리 부탁드립니다	52
52	"입금동의 재문의 드립니다. 진행 부탁드립니다.\n\n■ 환불 정보 안내 \n- 이용권명 : 스탠다드 장기이용권_12개월\n\n- 결제 금액 : 109,000원\n\n- 이용 수수료: 87,560원( 2025-04-05 ~2025-12-01 / 241일)\n\n- 결제대행 수수료 : 2,140원\n\n- 환불 가능 금액 : 19,300원\n\n\n\n위 환불 금액 확인 후 **입금 동의를 위한 """"재문의""""**를 해주시기 바랍니다.\n\n답변 시 입금일을 안내드리겠습니다."	52
52	잔여 코인 입금 동의 문의입니다	52
52	전달주신 환불 금액 확인하였으며, 입금 동의를 위한 재문의 남깁니다.\n보안 코드 : CU87HP	52
52	"지난번 이용권 환불 답변 확인하였습니다.\n진행 부탁드립니다.\n\n\n------------------------------------------------------\n■ 환불 정보 안내 \n\n- 이용권명 : Standard 장기이용권_12개월 (google)\n\n- 결제 금액 : 125,000 원 \n\n- 이용 수수료: 60,410 원( 2025-05-10~2025-10-01 /145일)\n\n- 결제대행 수수료 : 9,680 원\n\n- 환불 가능 금액 : 54,910 원\n\n\n\n위 환불 금액 확인 후 **입금 동의를 위한 """"""""재문의""""""""**를 해주시기 바랍니다.\n\n답변 시 입금일을 안내드리겠습니다.\n\n\n\n환불 금액 변동이 발생하지 않도록 미사용 상태로 """"""""재문의"""""""" 바랍니다. \n\n\n\n앞으로도 더욱 노력하는 Wavve(웨이브)가 되겠습니다. 감사합니다."	52
52	"처음에 문의한 내용에 대한 답변 확인했고 입금 동의합니다. 환불 진행 부탁드립니다.\n\n■ 환불 정보 안내 \n\n- 이용권명 : 더블 광고형 스탠다드\n\n- 결제 금액 : 7,000원\n\n- 이용 수수료: 1,400원( 2025-12-03 ~2025-12-08 /06일)\n\n- 결제대행 수수료 : 560원\n\n- 환불 가능 금액 : 5,040원\n\n\n\n위 환불 금액 확인 후 **입금 동의를 위한 """"재문의""""**를 해주시기 바랍니다.\n\n답변 시 입금일을 안내드리겠습니다.\n\n\n\n환불 금액 변동이 발생하지 않도록 미사용 상태로 """"재문의"""" 바랍니다."	52
52	첫번째 문의에서 환불금액 확인하였고 입금 동의 합니다.\n\n■ 환불 정보 안내 \n- 이용권명 : 더블 스탠다드\n- 결제 금액 : 15,000원 \n- 이용 수수료: 8,500원( 2025-11-18~2025-12-04/17일)\n- 결제대행 수수료 : 650원\n- 환불 가능 금액 : 5,850원\n\n답변받은 내용입니다.	52
52	체크카드결제여서 입금 동의합니다	52
52	최종 환불 진행에 대한 입금 동의 합니다\n\n■ 환불 정보 안내	52
52	코인 환불 금액 확인 후 입금 동의합니다.	52
52	티빙 프리미엄 요금제 사용을 위해 환불을 진행해주세요 환불금 4270원에 대해 입금 동의합니다	52
52	하기 건으로 재문의합니다\n====================\n환불 정보 안내\n- 이용권명 : Premium 장기이용권_12개월\n- 결제 금액 : 139,000원\n- 이용 수수료: 2,780원( 2025-09-25~2025-09-30/ 06일)\n- 결제대행 수수료 : 13,620원\n- 환불 가능 금액 : 122,600원\n위 환불 금액 확인 후 ** 입금 동의를 위한 [재문의 ]**를 해주시기 바랍니다.\n답변 시 입금일을 안내드리겠습니다.\n* 환불 금액 변동이 발생하지 않도록 미사용 상태로 [재문의] 바랍니다.	52
52	"하기와 같은 내용 공유받고 재문의드립니다.\n빠르게 환불 부탁드립니다.\n\n■ 환불 정보 안내 \n\n- 이용권명 : 스탠다드 장기이용권_12개월\n\n- 결제 금액 : 109,000\n\n- 이용 수수료 : 45,410( 이용기간 : 2025-08-01 ~2025-12-03 /125일)\n\n- 결제대행 수수료 : 6,350원\n\n- 환불 가능 금액 : 57,240원 \n\n\n\n위 환불 금액 확인 후 **입금 동의를 위한 ""재문의""**를 해주시기 바랍니다.\n\n답변 시 입금일을 안내드리겠습니다."	52
52	"해지 진행할게요. \n\n-----------------------\n\n■ 환불 정보 안내 \n- 이용권명 : 베이직\n- 결제 금액 : 7,900원\n- 이용 수수료: 5,260원( 2025-10-15 ~2025-11-03 /20일)\n- 결제대행 수수료 : 260원\n- 환불 가능 금액 : 2,380원\n\n위 환불 금액 확인 후 **입금 동의를 위한 """"재문의""""**를 해주시기 바랍니다.\n답변 시 입금일을 안내드리겠습니다.\n\n\n---------------------"	52
52	해지 환불금액 확인 후 입금 동의를 위한 재문의합니다.\n환불 가능 금액에 동의합니다.	52
52	해지 후 환불 입금 동의 관련 메일 받았고 동의합니디 해지해 주세요	52
52	해지에 따른 환불 입금 동의 재문의	22
52	환불 가능 금액 : 4,460 원 입금 동의합니다	52
52	환불 금액 입금 동의	52
52	환불 금액 확인 후 **입금 동의를 위한 [재문의]** 글남깁니다^^ 처리부탁드릴께요	52
52	환불 금액 확인 후 입금 동의	52
52	환불 금액 확인 후 입금 동의를 위한 [ 재문의 ] \n남겨달라고 하셔서 확인하고 재문의드립니다	52
52	환불 금액 확인 후 입금 동의를 위한 재문의	52
52	환불 금액 확인 후, 입금 동의 및 부분 환불	52
52	환불 금액 확인하였으며 입금 동의 합니다. \n코인 금액 미사용 상태입니다.	52
52	환불 금액에 대한 입금 동의합니다	52
52	환불 내용 확인하였으며  입금 동의를 위한  재문의합니다.	52
52	환불 문의 답변을 받고 환불 금액 확인 후\n입금 동의를 위한 재문의입니다.	52
52	환불 문의 드린 뒤 답변 받았습니다.\n입금 동의합니다.	52
52	환불 및 위 금액 입금 동의 합니다	52
52	환불 요청 답변에 대한\n환불 금액 입금 동의를 위한 재문의드립니다.\n환불 요청 드리오니 환불 처리해주시기 바랍니다.	52
52	환불 요청을 드리고자 합니다.\n103,780원 확인하였으며 입금 동의를 의한 재문의 요청이 있어 재문의 드립니다	52
52	환불 입금 동의 재문의 _ 환불 관련 메일을 잘 받았습니다.\n환불 부탁 드립니다.	23
52	환불 입금 동의 합니다	52
52	환불 입금 동의합니다	52
52	환불 입금 동의합니다 환불 부탁드립니다	52
52	환불 재문의 입니다. 환불 금액 확인하였고 입금 동의 합니다	52
52	환불 접수 답변의 내용에 따라 환불 입금 동의를 위한 재문의를 접수합니다.\n\n답변 내용의 정산내용과 같이 환불처리 부탁드립니다.	52
52	환불관련 답변 입금 동의입니다.	52
52	"환불관련 문의했고 내용확인했습니다.\n*입금 동의를 위한 ""재문의""드립니다. 환불처리 부탁드립니다."	52
52	환불금 안내 이메일 확인\n입금 동의합니다	52
52	환불금액 입금 동의를 위한 재문의 입니다	52
52	환불금액 확인 후 입금 동의를 위해 재문의 드립니다	52
52	환불금액 확인\n\n**입금 동의를 위한 [재문의]**	52
52	환불금액 확인했습니다. 입금 동의를 위한 재문의 드립니다	52
52	환불금액 확인했습니다. 입금 동의합니다.	52
52	환불금액확인했습니다\n입금 동의를 위한 재문의 글 올립니다\n환불처리 해주세요\n감사합니다	52
52	환불요청 했더니 입금 동의를 위한 [재문의] 이걸로 재문의 하라고 해서 남깁니다.	52
52	환불입금 동의합니다.아마 재시청해서 가격이 변동되었을 것 같으나, 변동된 가격에도 동의합니다ㅣ~	52
52	환불정보 재문의 관련\n입금 동의 합니다	52
52	환불진행에대한 입금 동의	52
52	 \n이용권 변경으로 결재된금액 코인환불 신청합니다.	52
52	[잔여 코인을 계좌로 환불] 요청 합니다	52
52	1. pooq 이용권 전환을 하면 이벤트성으로 5000 코인을 지급한다고 했는데 지급받은 코인은 어디서 확인할 수 있나요?\n2. 며칠전에 기존에 자동결제되었던 이용권이 오늘 이용권 전환으로 코인 부분환불 되었다고 하던데, 결제된 이후 한번도 시청하지 않았는데 전액 환불 된 건가요? 7900원이 6000원대의 코인으로?\n3. 1이랑 2로 지급받은 코인은 다음 회차 자동결제 때 선차감하여 결제할 수는 없는건가요? 도대체 코인을 어디에 씁니까 그러면?	52
52	1. 현재 있는 코인\n2. 이용권 중도 해지\n\n위 사항에 대한 환불 요청 및 계좌 입금 요청 드립니다.\n\n몇초 봤는데 최고화질임에도 화질이 너무 안좋아요...	52
52	12개월 이용권을 1개월 이용권으로 바꿔서 생긴 코인을 계좌 이체로 다시 환불 받고 싶습니다.	52
52	1년 정기권이 자동결제되어서 해지하고 다른 이용권 1달짜리 구매했는데 차액이 모두 코인으로 넘어갔습니다. 이거 자동결제 된 카드로 부분환불(1년 정기권-1달 이용권) 해주세요. 코인 필요없어서요. 혹시 저랑 접촉 필요하시면 위 핸드폰 번호로 전화주세요. 해당 문의게시판 확인하기 힘들어서요,.	52
52	1년치  요금  결제\n티빙  웨이브  함께보는  요금제로  바꾸려는데\n부분  환불 부탁드려요	23
52	2024-05-08일자에 일자별 환불된 코인\n\n\n◆ 환불 가능한 금액 \n-보유 코인 : 3,400코인\n-결제대행 수수료 : 340원 \n-환불 가능 금액 : 3,060원\n\n해당내용, 금액 확인하였고 이에 대해 계좌환불 요청합니다.	52
52	8,510코인 계좌 환불해주세요\n카드번호	52
52	9,490 코인 계좌로 환불 요청합니다.	52
52	POOQ 이용권 환불로 인한 코인 적립을 현금으로 환불 부탁드립니다.	52
52	wavve 베이직 장기 이용권에서 스탠다드 장기 이용권으로 변경하여 발생한 코인, 전액 환불 요청합니다.	52
52	wavve 이용권 변경을 위해 환불 요청합니다.	23
52	계정 변경 및 구독서비스 변경으로 인해 환불 원합니다.	52
52	계좌 확인하여 코인 환불 바랍니다.	52
52	광고형 스탠다드로 구독을 변경했는데 \n기존에 지불한 금액을 코인으로 환불해주더라구요\n코인 계좌로 보내주세요	52
52	광고형 스탠다드로 이용권 변경하면서 코인으로 환불금 주셨는데\n계좌로 입금 바랍니다.	52
52	광고형 스탠다드를 결재했다가 그냥 바로 스탠다드형으로 이용권을 변경했습니다. 이전에 결재한걸 코인으로 받았는데, 계좌로 환불받고싶습니다.	52
52	광고형 이용권은 이용에 제한이 있어서 변경을 했는데 고객센터에 문의 하면 코인을 계좌이체 환불해준다고 해서 했습니다	52
52	광고형스탠다드 28일결제 7일이내 컨텐츠 미이용으로 철회요청합니다\n기존에 쓰고있던 더블슬림상품도 28일까지 이용가능하여 28일에 결제해지하려고 했으나 오전에 자동결제가 되어 해지하였더니 부분환불처리로 코인입금이 되었습니다\n이상품도 오늘 이용한적이 없어 전액환불 요청하며 남아있는 코인도 현금으로 환불처리 해주세요	52
52	광고형으로 볼수 없는 콘텐츠가 많아서 다시 바꾸니 환불이 아니고 코인형태로 받아서 코인환불을 받으려합니다	23
52	구독 요금제를 변경했는데 환불이 코인으로 되었는데 이건 전혀 쓸모가 없어요\n현금으로 환불 부탁합니다.	52
52	구독변경에 의한 코인환불요청	23
52	구독상품 변경했습니다. 결제차이에대한 보상으로 코인이 지급되었는데 현금화 가능하다는 문구를 확인했는데 코인현금화에대한 방법을 찾을수가없어 문의 드립니다.	52
52	기존 1년 정기권을 더블프리미엄 상품으로 변경하였습니다.\n\n기존 정기권이 해지됨에 따라, 환급된 120,940 코인을 계좌이체 요청합니다.	18
52	기존 사용 중이던 요금제에서 웨이브+티빙 통합 요금제로 변경하면서 일부 금액을 캐시로 처리 된다고 하였으며 고객센터 문의시 계좌이체도 가능하다고하여 절차 문의 드립니다.	52
52	기존 웨이브 1년 이용권→티빙 더블 이용권 1개월\n이용권 변경으로 기존 사용중이던 이용권의 잔여 금액이 코인으로 환불됐으나,\n코인을 계좌로 수취하는 방법을 몰라 문의 드립니다.	52
52	기존 이용권 해지후 더블 이용권 구매로 남은 일수만큼 지급받은 캐시를 현금으로 환불요청 합니다	52
52	기존 이용권을 더블이용권으로 변경하면서 기존이용권 잔액을 코인으로 환불 받았는데, 계좌로 환불받기를 원합니다	52
52	기존 이용권이 화질이 너무 안좋아서 시청에 불편하여 이용권 변경으로 10,130코인 계좌로 환불 부탁드립니다\n번거롭게 해드려 죄송합니다~	52
52	기존에 사용하던 이용권 해지로 인해 발생한 코인을 환불받고 싶습니다. 그리고, 10. 3.(금) 자동 결제 이후, 사용한 내역이 없다면 전액 환불이 아닌 부분 환불이 이뤄지는 건지도 궁금합니다.	52
52	기존에 사용하던 이용권을 다른 이용권으로 변경 후 차액이 발생하여 부분환불을 받게 되었는데 해당 금액이 코인으로 들어왔습니다. 이 금액은 고객센터에 문의하여 계좌이체 받으라고 적혀있어 문의드립니다. 부분환불액 전액(960코인) 계좌이체 가능하다면 부탁드립니다.	52
52	기존에 웨이브 스탠다드 이용하다가 더블 스탠다드로 교체 후 부분 환불을 코인으로 받았고, 이를 현금으로 환불받고 싶습니다.	52
52	기존에 이용하고 있는 ‘프리미엄 장기이용권_12개월 (iTunes)’ 의 이용권 변경을 위해 기존 이용권 해지 및 환불요청합니다.	52
52	기존이용권 잔여기간에 대한 코인을 계좌 환불 받고 싶습니다.	52
52	년간 결재하여 사용하다가 더블로 변경하여서 코인환불이 진행되었습니다.\n코인을 환불받고 싶은데 어떻게 진행해야되는지 답변부탁드립니다.	52
52	다음 이용권 결제 때, 이용권만 변경 할려고 했는데, 오늘 자로 이용권 변경되고, 코인으로 환불이 되었습니다.\n의도와 다른 착오(코인에 의미, 오늘 자로 변경)가 발생하였고, 취소해서 다시 원래 상태로 되돌리고 싶습니다.\n(원래상태: 기존 결제일, 카드로 취소하여 계좌로 입금, 이용권 변경없이 유지)\n\n* 프리미엄(기존) > 스탠다드 > 프리미엄(현재)\n  - 제가 일단 다시 원래 사용하는 이용권으로 변경함\n\n번거롭게 해드려 죄송하지만,\n날짜와 코인환불이 발생하였는데, 이 부분 원래 날짜와 코인 환불이 아닌 카드취소나 다른 방안으로 처리를 부탁드립니다.	52
52	더블 광고형 → 나라사랑 베이직으로 이용권 변경하게 되어 차액 지급된 코인에 대해 환불 요청합니다.	52
52	더블 베이직을 구매했다가 티비 연결이 안도ㅑ서 스탠다드로 바꿨는데 더블 베이직은 환불이 안되고 그냥 스탠다드까지 빠져나가서 총 28500원이 빠쟈나갔습니다. 더블베이직 건에 대해서는 환불 부탁드립니다.	52
52	더블 이용권 변경으로 인해 남은 코인 계좌 신청합니다.	52
52	더블 이용권 변경으로 추가 결제해서 기존 결제 건 환불 부탁드립니다.	52
52	더블 이용권으로 변경흐면서 받은 코인 계좌 환불 부탁드립니다	52
52	더블 프리미엄 쓰기 전에 1년 권 구독 했은데 해지하고 변경하면서 남은 금액은 어떻게 되는건가여 +?? 포인트로 환불 된다고 들었는데 확인되는게 없습니다	52
52	더블광고형 스탠다드로 변경을 하였는데... 1년 지불했던 금액을 전부 코인으로 줘서...\n코인은 거의 사용을 하지 않기 때문에 매월 결재를 카드로 하지 않고 코인으로 하고 싶습니다 어떻게 해야 하나요? 혹시 코인을 현금으로 돌려 받을수는 없나요?	52
52	더블이용권으로 변경하면서 생긴 코인을 환불받고싶습니다	23
52	더블이용권으로 변경해서 사용하려고 합니다\n부분환불 진행해주시고 보유한 포인트 전부 계좌이체로 환불해주세요	52
52	마지막 문의건에\n2025-10-05 / 4,550코인\n2025-10-06 / 11,340코인\n남은 포인트있다고 확인했구요\n이금액은 계좌로 환불받을게요~^^	52
52	미사용코인 전액현금으로 환불이 가능할까요?	52
52	베이직 상품에서 더블베이직으로 이용권 변경하며 충전된 잔액 코인을 계좌이체 환불 받고싶습니다	23
52	베이직 연간 이용권을 보유 중에 더블 이용권으로 변경하여 연간 이용권 남은 기간에 대한 차액을 환불 신청 했는데 웨이브 코인으로 환불 처리가 되었습니다. 계좌 환불을 원하면 재문의 하라고 하셔서 다시 문의 드립니다. 코인 말고 계좌로 입금을 부탁드립니다. 감사합니다.	52
52	보고싶은 콘텐츠가 구매한 이용권으로 볼 수 없다고 해서 환불 요청드립니다.\n이용권 변경으로 코인 환불 말고 현금으로 환불 후 이용권 재구매 원합니다.	52
52	보유코인으로 환불된 금액을 제통장으로 계좌환불 받고싶습니다.	52
52	보유하고 있는 코인 계좌로 환불 하고 싶습니다. 어떻게 하면 되나요?	52
52	부분 환불 부탁드립니다\n티빙, 웨이브 동시 이용 가능한 이용권 사용하려는데 이용권 변경이 가능한가요? 안되면 부분 환불 부탁드려요	52
52	부분환불 수수료를 제외한 차액 입금 바랍니다.	52
52	부분환불 코인을 계좌로 환불 부탁 드립니다.	52
52	부분환불된 코인을 계좌로 환불해주세요	52
52	부분환불이 코인으로 됐는데 현금으로 받고싶음	52
52	빠른 답변 감사합니다. \n저는 코인 사용을 원하지 않고, 계좌환불을 원합니다. \n\n그런데 [해지/취소/환불 접수] 란을 찾기가 힘드네요. \n현재 웨이브 홈페이지에서 문의하고 있는데요. \n컴퓨터 웹상에서 어디서 [해지/취소/환불 접수] 를 찾는지 알려주시면 \n계좌환불 요청하겠습니다.	52
52	상품 변경으로 인한 환불을 통해 가지고 있는 코인이 11,720원이 있습니다.\n\n오늘도 상품 변경을 했는데 잔여 금액이 코인으로 환불되었습니다. \n코인을 사용할 기회가 많지 않아 현금으로 받거나, 다음 달 결재 시 코인 사용 후 \n잔여 금액을 현재 결재 수단으로 결재하고 싶습니다.\n\n선택에 의해 코인으로 환불받은 것이 아니라 다소 정책에 불만이 생기기는 합니다.\n\n사용자 우선의 정책이 되었으면 합니다.	52
52	서비스 변경으로 코인으로 환불된것을 현금 환불 부탁 드립니다.	52
52	스탠다드 13,900원 정기결제가 12월 25일 오늘 카드 승인되었습니다\n그리고 몇시간 후인 12월 25일 오늘 19,500원짜리 더블스탠다드로 변경했고\n차액이 코인환불 되었습니다\n\n\n당일에 승인되고 당일에 차액을 환불을 받았는데 왜 12,100코인만 환불되는거죠?\n당일에 변경했으니 13,900원 전액으로 환불하세요\n\n13,900원 계좌입금요망	52
52	스탠다드 상품 자동결제 중 티빙 결합 상품으로 재결제 진행했습니다. 환불이 따로 안 되어 코인 적립되었다고 했는데, 계좌이체 환불 부탁합니다!	52
52	스탠다드에서 베이직으로 전환함\n\n코인 현금으로 환불 요청	52
52	안녕하세요 :)\n현재 티빙+웨이브 요금제를 사용하고 있습니다.\n\n8월에 요금제 변경하면서 차액 환불이 아닌 코인으로 회수된 건을 방금 확인하였습니다.\n해당 건 현금으로 돌려받고 싶은데 방법 확인 후 안내 부탁 드립니다.\n\n감사합니다.	52
52	안녕하세요 요금제 변경하면서 발생한 환불금이 코인으로 들어왔는데 계좌로 환불 부탁드립니다 코인은 쓸 일이 없어서요	52
52	안녕하세요 웨이브 스탠다드에서 웨이브+티빙 광고형 스탠다드로 요금제를 변경했는데 차액 코인에 대한 환불 부탁드립니다. 감사합니다.	52
52	안녕하세요 이용권 변경으로 인한 코인 환불 부탁드립니다 감사합니다	52
52	안녕하세요 이용권 변경을 해서 웨이브 코인이 생겨서요. 설명읽어보니까 계좌이체 환불 가능하다고 되어있어서 \n\n 웨이브 코인 계좌이체 환불 신청합니다.\n\n입금까지 몇일정도 걸리나요?	52
52	안녕하세요 이용권 취소로인하여 발생된 부분 환불 내역(3,930원)에 대하여 계좌로 현금화 문의 드립니다.	52
52	안녕하세요 제가 가지고 있는 코인을\n계좌로 환불받고 싶어서 문의남깁니다	52
52	안녕하세요! \n\n기존 웨이브 프리미엄1년 결제 했다가 더블 프리미엄으로 변경했습니다. 코인으로 환불 받았는데 다음달 결제 때 코인으로 빠져나가는건가요? 아니면 코인을 계좌로 환불 받아야 하나요!?	52
52	안녕하세요!\n이용권변경으로 환불받은 코인을 계좌로 전액 입금받고 싶습니다.\n가능할까요? 확인 부탁드립니다!\n\n감사합니다!	52
52	안녕하세요, 더블 슬림 이용권에서 더블 광고형 스탠다드로 이용권을 변경하여 남은 환불 차액이 코인으로 들어온 상황입니다. 이 코인을 고객센터에 문의하면 계좌로 환불해주신다 하여 문의 남깁니다. 가능한가요?	52
52	안녕하세요, 위키드 One wonderful night 보려고 광고형 요금제로 결제햇는데,\n해당 요금제로 시청이 불가해서 바로 베이직 요금제로 변경했습니다.\n\n5500원 요금제에서 7900원 요금제로 바꿧는데, 왜 코인은 부분적으로 4,790밖에 지급되지 않은건지요. \n\n전액 환불 부탁드립니다. 5500원 요금제에서 플레이했던 영상은 test용으로 아무거나 틀어봤던 5초 가량이 전부입니다.\n\n그리고 코인은 필요 없으니, 계좌로 환불 입금해주시거나 가능하면 되도록 기존 결제내역 취소 부탁드립니다.	52
52	안녕하세요, 코인 환불 문의 드립니다.\n\n계좌번호 남기면 환불 가능한가요?	52
52	안녕하세요, 티빙에서 티빙, 웨이브 통합 이용권으로 변경한 상태입니다.\n\n현재 이용권이 이용하고 있어서 연동을 못 하고 있으니 사용하지 않은 기간에 대해서 환불처리 해 주시고, 연동할 수 있도록 도와 주시면 감사하겠습니다.	52
52	안녕하세요. 이용권 변경을 하고 차액을 코인으로 받았는데요,\n\n코인을 계좌로 입금 받고 싶습니다.	52
52	안녕하세요. '프리미엄 이용권 -> 더블 프리미엄 이용권' 변경에 따라 5430코인을 환불 받았습니다. 그러나 현금으로 환불받기를 희망하기에 이와 같이 문의드립니다. 감사합니다.	52
52	안녕하세요.\n\n2025.11.13 웨이브 기존 이용권을 웨이브와 티빙이 결합된 이용권으로 변경하면서 발생된 차액을 코인으로 지급 받았고, 해당 지급 받은 코인은 고객센터 문의를 통해 환불 받을 수 있다고 안내 받아 문의 남깁니다. \n\n감사합니다.	52
52	안녕하세요.\n\n이용권 변경과 관련해 환불 문의드립니다.\n이전에 안내받은 보유 코인은 2,500코인으로 확인되었습니다만,\n10월 29일 이용권 변경으로 추가로 적립된 코인(7,530코인)이 있어 함께 문의드립니다.\n\n해당 10월 29일 적립 코인은 웨이브 사이트를 통해 자동결제 중이던 이용권 변경 과정에서 부분 환불된 내역입니다.\n----------------\n2024년 2월 12일 (구글 플레이): 2,500코인\n2025년 10월 29일 (웨이브 사이트): 7,530코인\n총 환불 요청 코인: 10,030코인\n----------------\n\n두 건 모두 환불 진행 부탁드립니다.\n감사합니다.	52
52	안녕하세요.\n\n이용권 변경하면서 환불된 코인 계좌로 환불주세요.\n\n감사합니다.	52
52	안녕하세요.\n\n이전 문의에 대한 답변 확인하였습니다.\n수수료를 2건을 제한 82,410원 환불 처리해주시면 감사하겠습니다.	52
52	안녕하세요.\n계정 변경 및 이용권 변경 위해 이용권 부분 환불 부탁드립니다.\n감사합니다.	52
52	안녕하세요.\n기존 이용권을 다른 이용권으로 변경하면서\n기존 이용권 가격만큼의 금액을 코인으로 받았는데요\n해당 코인은 계좌로 환불 가능하다고 기재되어 있어서\n보유중인 코인 전액을 계좌 환불 신청합니다.	52
52	안녕하세요.\n웨이브 이용권을 변경하면서 차액이 포인트로 환불됐습니다.\n이 포인트를 다음 자동 결제 시 사용을 할 수 있나요?\n그렇지 않다면 돈으로 환불해주시면 좋겠습니다.\n확인 부탁드립니다.\n\n감사합니다.	52
52	안녕하세요.\n이번에 웨이브 티빙 합쳐서 이용권을 구매하여 일부 금액을 코인으로 받았습니다.\n코인을 현금으로 환불 받고 싶습니다.	52
52	안녕하세요.\n이번에 이용권을 변경하면서 코인으로 환불받았는데요.\n코인 사용할 수가 없어서, 현금으로 환불 요청드립니다.	52
52	안녕하세요.\n이용권 변경으로 부분환불된 코인을 계좌로 환불받고 싶습니다.\n가능한지 궁금합니다.	52
52	안녕하세요.\n이용권 변경으로 인하여 코인 6880원이 충전이 되었는데\n해당 금액에 대해서 환불 요청 드립니다.	52
52	안녕하세요.\n이용권 변경으로 인한 코인 환불 요청드립니다.\n감사합니다.	52
52	안녕하세요.\n이용권 변경으로 인해 현재 사용중인 연간 이용권 환불 금액이 코인으로 들어왔습니다.\n웨이브 코인을 계좌로 환불 부탁드립니다.	52
52	안녕하세요.\n잔여 코인 계좌이체 방법 문의드립니다.\n확인 부탁드립니다.	52
52	안녕하세요.\n코인을 계좌로 환불받고 싶은데 어떻게 진행하면 되나요?	52
52	안녕하세요:)\n이용권 변경으로 인한 이전 더블이용권 해지로 잔여기간에 대한 보상처리된 코인 4,210원을 환불요청드립니다.	52
52	안녕하세요?\n전에 이용권 변경하면서 부분환불금액을 코인으로 적립받았는데, 코인을 계좌로 환불받을 수 있는지 문의합니다. \n몇달전에 문의했었는데 가능하다고 재요청하라는 답변을 받았어요. 그런데 그때 신청을 못하고 시간이 지나서 지금도 가능한지 다시 문의합니다.	52
52	안녕하세요?\n제목 그대로 업그레이드 하여 차액 코인으로 들어왔는데 환불 요청 드립니다.	52
52	안녕하세요\n\n11번가 통해서 이용권을 구매하여 사용하고 있습니다\n\n티빙도 같이 이용하고자 이용권 변경을 위해서 현재 사용하고 있는 이용권 해지 및 환불 요청드립니다\n\n감사합니다	52
52	안녕하세요\n\n현재 더블권을 사용하다보니 결제도 코인으로 하지 못한다고 하고..\n현금으로 돌려받고 싶어서 문의 드립니다.	52
52	안녕하세요\nwavw 업그레이드 하면서 사용중이던 이용권 환불이 코인으로 받았습니다\n코인 환불(계좌로 받기) 버튼이 없는데 어떻게 계좌로 받을 수 있나요?	52
52	안녕하세요\n기존 웨이브 베이직에서 티빙웨이브 더블이용권으로 변경하였습니다.\n\n이용권변경으로 인한 960코인의 계좌환불요청드립니다.	52
52	안녕하세요\n보유 코인 전액 입금 부탁드려요\n감사합니다~	52
52	안녕하세요\n이용권 결제를 하였는데 모륵고 핸드폰으로만 시청 가능한걸 했어요 티비로도 시청하고싶은데\n바꾸어 주실수 있을까요? 광고형이나 아니면 \n추가금액 지불하고 하겟습니다 환불해주시면 다시 결제하던가 할게요	52
52	안녕하세요\n이용권 변경으로 인해 코인을 지급받았습니다.\n이용권 변경할 때 이 코인을 계좌로 지급받을 수 있다고 확인했는데, 지급받으려면 어떻게 해야하나요?	52
52	앞서 문의드렸듯이 제가 베이직 12개월권을 정기결제 해두었다가 웨이브와 티빙을 함께 관리할 수 있는 구독권으로 결제를 변경하게 되면서 기존에 결제된 금액을 코인으로 환불해주셨습니다. 하지만 저는 앞으로도 계속 등록된 신용카드로 정기결제를 할 예정이기에 코인을 사용할 일이 없을 것 같으니 제게 있는 10만원이 넘는 전체 금액을 현금으로 환불해주시기를 부탁드립니다.	52
52	어제 이용권 구매 후 바로 이용권 변경을 위해 이용권교환을 했습니다. 이용권 구매에 대한 차액이 코인으로 적립 되었는데 환불 부탁드립니다.	52
52	연간 이용권에서 더블 이용권으로 변경하면서 발생한 코인이 이용권 구매하는데 사용이 안되는데 환불 가능한지 문의드립니다.	23
52	연간 회원권 사용 중이었으나 더블이용권으로 변경하여 사용하고자 하니 이용권 즉시 해지 및 차액 환불 요청드립니다.\n가입자와 예금주가 상이하나 모녀관계로 계정을 함께 쓰고 있으며 회원권 결제 또한 예금주 이름으로 납부 된 걸로 알고 있습니다. 참고부탁드립니다.	52
52	연간권을  해지하면서 코인으로 환불이 되었는데 VOD 외에 이용권에 사용할 수 없어 무용지물입니다.\n6만원 가까이 되는 돈이라 그냥 버리기엔 큰 금액인지라 환불 요청합니다.\n수수료 떼도 괜찮으니 현금화로 환불 부탁드립니다.	52
52	연간이용권을 더블이용권으로 변경하기 위해 취소해서 코인이 들어왔는데\n결제변경으로 인한 잔여 코인 모두 환불 부탁드립니다.	52
52	연간회원에서 한달 회원으로 바꿨는데 왜 환불을 코인으로 해주나요???? 제가 결제한 결제 금액으로 환불을 해줘야져...황당하네요 이거 쓸일도 없는데 돈으로 환불 해주세요.	52
52	연결제 후 1-2개월정도 이용중에 광고형 으로 변경하여 나머지 금액이 코인으로 들어왔는데 월결제도 안되고 어디에 사용해야하나요?\n환불은 안되나요?	52
52	요금정보를 변경하여 환불 요청합니다.\n\n현재 가지고 있는 코인을 계좌로 환불 부탁드립니다.	52
52	요금제 광고형->스탠다드 로 변경하여 일부 코인 환불된 금액에 대해 계좌 환불 원합니다.	52
52	요금제 변경 위해 환불 요청드립니다.	52
52	요금제 변경으로 기존 요금제 환불이 코인으로 되어서 현금 횐불로 전환해주세요~	52
52	요금제 변경으로 인한 금액을 캐시로 주셨는데 캐시로 입금된 전액 환불해주세요	52
52	요금제 변경으로 인한 즉시 환불부탁드립니다\n남은 요금제는 부분환불 부탁드립니다	52
52	요금제 변경으로 인해 코인 금액 환불요청	52
52	요금제 변경으로 일부 금액을 코인으로 지급 받았습니다.\n현재 보유하고 있는 코인 잔액 전부를\n계좌입금으로 환불 신청합니다.	52
52	요금제 변경으로 차액 코인으로 받은거 환불 요청	52
52	요금제 변경으로 코인 환불이 되었습니다. 계좌로 환불 부탁드립니다.	52
52	요금제 변경으로 해지환불요청드립니다	52
52	요금제 변경을 위해 장기 이용권 부분 환불 요청드립니다	52
52	요금제 변경을 위해 환불요청	23
52	요금제 변경하고 코인으로 환불해준 금액은 어떻게 현금환불 받나요?\n가능하면 보유코인 전액 교환 부탁드려요.	52
52	요금제 변경하고\n잔액 코인으로 준다고했는데\n코인 환불받을려면 고객센터 문의하라고 해서 남깁니다\n환불 부탁드립니다 :)	52
52	요금제 변경하려고 하는데 오늘 자동결제가 되었습니다\n환불 요청 드립니다.....	52
52	요금제 변경하면서 코인으로 입금된거 출금해주세요.	52
52	요금제를 변경해서 잔액 3600코인이 들어왔습니다.\n\n3600코인 환불 요청드립니다.	52
52	요금제변경에 따른 차액이 코인으로 적립되었는데, 이걸 계좌로 환급받고 싶습니다.	52
52	요금제변경으로 인한 코인 환불	23
52	요슴제를 변경하였습니다. 차액환불을 요청합니다.	52
52	원래 제가 가지고 있던 이용권이 10/19 23:59분 까진데 19일 오전 10시에 자동결제가 됐거든요 근데 제가 어차피 더블 이용권으로 바꿀꺼여서 이용권 변경을 했는데 오늘 날짜가 사용된걸로 쳐진건지 환불금이 109000원이 아니라 97000원?? 이 환불 됐거든요 전액 다 환불해주셔야 하는거아닌가요? 어차피 제가 가지고 있던 이용권이 오늘까진데.. 자동결제도 내일 날짜로 되는것도 아니고.. 왜 오늘 날짜 사용으로 포함되서 환불된건지 확인해주세요\n코인으로 있는 금액도 그냥 계좌로 환불 부탁드릴께요	52
52	웨이브 + 티빙으로 변경하면서 충전 코인으로 받았습니다.\n이게 웨이브+티빙 결제로 차감이 되지않고\n따로 결제가 되고 있는데\n충전 코인을 계좌로 받을 수 있나요?	52
52	웨이브 베이직 이용권으로 구매했다가  더블 광고형 스탠다드 이용권으로 변경을 해서 코인 6650코인이 지급되었는데 계좌이체로 환불이 가능한가요	52
52	웨이브 연간 회원권을 해지하고 티빙 웨이브 광고형 스탠다드 이용권으로 변경으로 환불하려고 어떻게 해야 되나요? 환불요청시 환불은 어떤식으로 진행되나요?	23
52	웨이브 이용권을 웨이브x티빙 더블 이용권으로 변경 후 차액 코인으로 지급	52
52	웨이브 이용권이 25년 12월 31일 까지로 기간이 남아 있었는데 오늘(11월 22일) 더블 스탠다드(웨이브+티빙)로 결재 했는데 기존 이용권 남은기간 코인으로 환불된다던데 코인이 입금되지 않네요. 이유가 뭐지요?	52
52	웨이브 코인으로 부분 환불 받은 것을 계좌 이체로 받고 싶습니다.	52
52	웨이브 티빙 통합요금제 변경을 위해 현재 이용중인 이용권 남은 잔여기간 환불 요청	52
52	웨이브,티빙 결합 요금제로 변경하여\n 7,530은 코인으로 적립된다고 합니다\n계좌로 환불 받고자 문의합니다	52
52	웨이브+티빙 이용권변경을 하기위해 기존 이용권 해지 및 환불 요청합니다.	52
52	웨이브+티빙+디즈니플러스 3팩으로 전환하기 위해서\n구독 해지 및 환불 요청드립니다.	52
52	웨이브+티빙으로 이용권을 변경하여 환불을 잔여코인으로 받았는데\n현금으로 환불 받을수 있나요	52
52	웨이브x티빙 더블 이용권 구매 했다가 웨이브 이용권 변경으로 인한 환불 요청합니다	52
52	웨이브X티빙 이용권으로 바꾸고 환불받은 코인(7200)을 계좌로 받으려고 합니다.	52
52	웨이브x티빙 이용권으로 변경후 전에 결제했던 웨이브남은 기간을 코인으로 받았는데 혹시 그 코인을\n환불 가능할까요?	52
52	웨이브에서 더블이용권(티빙+웨이브)를 구매하다가 실수로 1년치를 결제를 햇엇고 바로 취소하고 정기결제권으로 변경하였습니다\n그런데 급하게 변경하다보니 웨이브 코인으로 부분환불된것을 확인했습니다\n이 코인으로 환불된 금액을 현금으로 환불 받을수 있을까요\n만약에 그게 불가하다면, 현재 카카오페이로 정기결제 해놓은것을 코인으로 결제하게 전상상으로 변경부탁드립니다\n직접하기에는 UI가 너무 복잡하고 불편해서 직접하기가 어려울것 같습니다	52
52	웨이브티빙 더블이용권을 이용하기 위해 기존 요금제 환불신청 과정에서 시청 기록이 있어 재산정 필요할 것 같아 문의 및 바로 처리 메세지 드립니다. 요금에 상관없이 재산정 후 확인으로 인한 재문의글 작성않고 바로 차액 환불 진행 희망합니다.	52
52	이용건 변경으로 인해 부분환불 처리 된 8200캐시를 계좌로 환불 원합니다.	52
52	이용건 변경으로 코인을 받았는데 코인 계좌환불은 어떻게\n해야되나요?	52
52	이용권 13,500원짜리를 구매했다가 \n바로 10,900원짜리로 변경을 했거든요\n근데 결제는 두번 다 되어서 청구 되었습니다\n그리고 모두 해지 환불을 원한다고 요청했는데\n13,500원은 입금 됐는데 두번째 결제건은 아직 입금 되지 않았습니다 \n10,900원도 코인 말고 계좌 환불을 원합니다\n확인 부탁드립니다	52
52	이용권 결제를 연간으로 잘못해서 댜시 월 결제로 변경했는데 기존 결제금액이 코인으로 반환되었습니다. 코인잔액을 계좌로 환불 요청드립니다.	52
52	이용권 구매하고 코인으로 받았습니다.\n기존 정보로 코인 금액만큼 이체해주시는 거죠?	52
52	이용권 바꾸면서 코인으로 환불됐는데 계좌로 환불 부탁드립니다~	52
52	이용권 베이직에서 스탠다드로 변경 시 전환된 코인에 대해 환불요청하고싶습니다.\n추가로 베이직 결제 후 바로 스탠다드로 변경하였으나 코인은 차감되어 적립됬으며 해당 코인은 환불받고자합니다. 확인부탁드립니다.\n\n시청이력이 없으나 베이직금액에 대해 코인전환시일부금액이 차감된 이유도 궁금합니다.	52
52	이용권 변경 결제하여 코인 입금 요청드립니다.	52
52	이용권 변경 과정 중 코인으로 환불 된 금액을 계좌 환불 받고 싶어 문의 남깁니다.	52
52	이용권 변경 대기중이나 아이디 중복으로 이용 불가 상태입니다. 빠른 해지, 환불요청 바랍니다.\n요청일 11/17	52
52	이용권 변경 때문에 환불 요청 드립니다.	52
52	이용권 변경 예정으로 기존 이용권 해지 및 환불 요청드립니다.	52
52	이용권 변경 예정으로 미사용건 (11월 12일 결제) 해지 및 환불요청드립니다	52
52	이용권 변경 위해 연간회원권 해지합니다. 환불요청드려요.	52
52	이용권 변경 중도 재결제로 인한 기존 잔여\n자동 코인 적립금 2,560 코인 계좌 환불 요청합니다	52
52	이용권 변경 했는데 이전건 환불해주세요	23
52	이용권 변경 후 남은 코인 전액 환불 부탁드립니다	52
52	이용권 변경 후 남은 코인을 계좌로 환불 요청합니다.	52
52	이용권 변경 후 받은 코인을 전부 계좌로 환불 받고 싶습니다.	52
52	이용권 변경 후 코인 9410원을 환불 요청 드립니다	52
52	이용권 변경 후 코인 환불요청	52
52	이용권 변경 후 코인으로 적립된 금액을 환불 요청합니다.	52
52	이용권 변경 후 코인으로 환불되었습니다. \n코인으로 지급된 금액은 현금으로 환불이 안되는건가요?	52
52	이용권 변경 후 코인으로 환불된 차액 계좌입금 요청 건	52
52	이용권 변경 후 티빙 통합 상품으로 재결제를 했는데, 부득이하게 티빙 계정이랑 연결이 어려울 것 같아서 해지/환불 요청 드립니다.	52
52	이용권 변경때문에 코인으로 받았는데..\n코인 통장으로 계좌이체 받을 수 있나요?\n이용권 변경때문이면 계좌이체 받을 수 있다고 게시글 본 것 같아서요	52
52	이용권 변경시 발생된 잔여코인 환불요청	52
52	이용권 변경에 따라 기존 이용권 잔여분이 코인으로 들어왔습니다. 그거 환불요청해요	52
52	이용권 변경에 따라 지급된 코인에 대해 환불요청합니다.	52
52	이용권 변경에 따른 부분환불요청합니다.	52
52	이용권 변경에 따른 코인 계좌 환불 요청	52
52	이용권 변경에 따른 코인 환불	23
52	이용권 변경에 따른 코인 환불 부탁드립니다.	52
52	이용권 변경에 따른 환불 요청	23
52	이용권 변경에 따른 환불 요청드립니다. \n해지일 및 환불일 회신 부탁드립니다.	52
52	이용권 변경에 의한 코인 환불 요청	23
52	이용권 변경에 의한 환불이 충전코인으로 들어왔는데 해당 금액을 제 계좌로 환불 받고 싶습니다.\n코인을 현금으로 환급받는 방법이 없어 문의드립니다.	52
52	이용권 변경예정으로 이번에 결제된 금액 환불요청드립니다.(25일에 재결제되었고 시청기록없습니다)	52
52	이용권 변경예정으로\n연간 이용권 해지 및 환불요청합니다.	52
52	이용권 변경예정이니 해지 처리후 빠른 환불 부탁드립니다	52
52	이용권 변경으로 광고형 요금제 환불요청합니다.	52
52	이용권 변경으로 기존 결재금 중 일부를 코인으로 받았습니다. 이를 계좌로 환불받고 싶습니다. 방법 알려주세요.	52
52	이용권 변경으로 기존 결제 되었던 이용권 금액 일부가 코인으로 충전되었고, 코인 환불 요청드려요!	52
52	이용권 변경으로 기존 이용권 사용기한에 따른 차액 코인 지급을 현금으로 변경 하려고 합니다.	52
52	이용권 변경으로 기존 이용권 하지 후 부분환불 요청드립니다	52
52	이용권 변경으로 기존 이용권 환불이 코인으로 되었는데 계좌로 환불 받고 싶어요.	52
52	이용권 변경으로 남은 기간 환불을 코인으로 지급 받았습니다\n지급 해주신 코인 금액을 환불 요청 드립니다	52
52	이용권 변경으로 남은 일수 금액이 코인으로 들어와서 환불 부탁 드립니다	52
52	이용권 변경으로 받은 코인 환불 요청	52
52	이용권 변경으로 받은 코인 환불 원합니다	52
52	이용권 변경으로 받은 코인 환불요청드립니다.	52
52	이용권 변경으로 받은 코인을 환불 받고 싶습니다.	52
52	이용권 변경으로 발생된 차액을 캐시(?)로 받았는데\n환불 부탁드립니다.	52
52	이용권 변경으로 발생된 코인 환불요청	52
52	이용권 변경으로 부분 환불 부탁드립니다.	52
52	이용권 변경으로 부분 환불된 코인을 환불 요청드립니다.	52
52	이용권 변경으로 부분환불 받은 코인에 대해 계좌이체 요청드립니다.	52
52	이용권 변경으로 부분환불 발생했는데 코인충전말고 현금 환불 가능한가요?	52
52	이용권 변경으로 부분환불을 코인으로 받았는데 코인 환불 어떻게 받아요? 환불 받는 곳이 안 보여서 문의 남깁니다	52
52	이용권 변경으로 생긴 코인 5130 계좌로 환불요청 합니다	52
52	이용권 변경으로 생긴 코인 환불 요청	23
52	이용권 변경으로 생긴 코인 환불 요청드립니다.\n필요하신 내용 알려주시면 회신하겠습니다.	52
52	이용권 변경으로 인한 보유코인 환불 요청합니다.	52
52	이용권 변경으로 인한 부분환불 코인 계좌 지급요청	52
52	이용권 변경으로 인한 부분환불 코인에 대한 환불 요청 드립니다.	52
52	이용권 변경으로 인한 부분환불 코인을 계좌입금 요청드립니다.	52
52	이용권 변경으로 인한 연간 이용권 부분환불 요청드립니다.	52
52	이용권 변경으로 인한 이전 이용권 금액 환불요청 드립니다\n6,650코인 밑에 계좌로 환불 부탁드려요	52
52	이용권 변경으로 인한 일부 환불이 코인으로 지급된듯 합니다.\n해당 코인 환불 부탁드립니다.	52
52	이용권 변경으로 인한 정기결제의 남은 기간 부분 환불 요청드립니다.	23
52	이용권 변경으로 인한 차액 코인 환불	23
52	이용권 변경으로 인한 차액환불 코인이 아닌 계좌로 환불 요청드립니다	52
52	이용권 변경으로 인한 코인 부분 환불금 계좌환불 요청드립니다.	52
52	이용권 변경으로 인한 코인 환불 문의	23
52	이용권 변경으로 인한 코인 환불 바랍니다.	23
52	이용권 변경으로 인한 코인 환불 신청합니다.	23
52	이용권 변경으로 인한 코인 환불 요청	23
52	이용권 변경으로 인한 코인 환불입니다.	23
52	이용권 변경으로 인한 해지 환불 요청	23
52	이용권 변경으로 인한 환불 요청드립니다.	23
52	이용권 변경으로 인한 환불 코인 전액 계좌이체 요청	52
52	이용권 변경으로 인해 받은 코인 환불요청합니다.\n신한은행 최다은 110594813830	23
52	이용권 변경으로 인해 발생된 코인 환불요청합니다	52
52	이용권 변경으로 인해 발생한 코인을 계좌로 환불받으려고 합니다.\n어떻게 하면 될까요?	52
52	이용권 변경으로 인해 부분환불을 코인으로 받았는데, 코인 쓸 일이 전혀 없어요.....굳이 싶어요... 이용권을 해지 한 것도 아니니 현금 환불 가능하면 부탁드립니다.	52
52	이용권 변경으로 인해 생긴 차액이 코인으로 들어왔는데 계좌로 환불받고자 합니다.	52
52	이용권 변경으로 인해 생긴 코인을 현금으로 환불받고 싶습니다.  (37000 코인)	52
52	이용권 변경으로 인해 적립된 코인 계좌로 환불 요청드립니다.	52
52	이용권 변경으로 인해 차액 코인으로 입금되어서 환불 진행 부탁드립니다.	52
52	이용권 변경으로 인해 코인으로 부분환불 되어서요 \n코인 환불 부탁드려요	52
52	이용권 변경으로 인해 코인이 들어왔는대 코인으로 다시 이용권을 사려하니 사용이불가하여 코인을 다시 현금으로 바꿔주시길바랍니다	52
52	이용권 변경으로 인해 코인이 많이 들어왔는데요. \n전액 환불을 요청드리고자 하오니 환불해주시면 감사하겠습니다.	52
52	이용권 변경으로 인해 코인이 생겼는데 쓸 일이 없어서 계좌로 환불 받고 싶어요	52
52	이용권 변경으로 인해 코인이 지급이 되었는데 코인을 환불하고 싶습니다.	52
52	이용권 변경으로 인해 환불 요청합니다	52
52	이용권 변경으로 인해서 잔여 금액 코인으로 환불되었습니다.\n해당 코인 환불을 계좌로 환불받고싶습니다.	52
52	이용권 변경으로 적립된 코인 환불처리 받고 싶습니다\n근데 베이직 결제하고 사용하지않고 이용권 변경처리\n하였는데 일부 제하고 코인이 적립되는게 맞는건가요??	52
52	이용권 변경으로 전에 결제된 금액 코인으로 들어온거 현금으로 넣어주세요	52
52	이용권 변경으로 즉시해지와 부분환불 요청합니다	52
52	이용권 변경으로 지급 된 코인 환불 요청 드립니다.	52
52	이용권 변경으로 지급된 코인 환불 요청	52
52	이용권 변경으로 지급받은 보유 웨이브코인 환불받을수있나요?	52
52	이용권 변경으로 차액 코인으로 받았었는데 환불부탁드립니다.	52
52	이용권 변경으로 차액이 코인으로 입금되었는데,\n자동 결제 시, 코인으로 먼저 결제 되나요?	52
52	이용권 변경으로 차액이 코인으로 충전되었습니다.\n코인을 현금으로 계좌 입금 받고 싶습니다.	52
52	이용권 변경으로 코인 계좌 환불 문의드립니다.	52
52	이용권 변경으로 코인 환불 부탁드립니다	52
52	이용권 변경으로 코인 환불 요청 .	52
52	이용권 변경으로 코인 환불 요청드려요	52
52	이용권 변경으로 코인 환불을 받았는데 코인을 쓸 일이 없을 것 같아서 환불 부탁 드립니다.	52
52	이용권 변경으로 코인으로 받았는데\n환불해 주세요.	52
52	이용권 변경으로 코인으로 적립되었는데 현금 환불이 가능한가요 ?	52
52	이용권 변경으로 코인이 생겼는데. 사용의사가 없어 환불 요청합니다.	52
52	이용권 변경으로 코인이 적립되었는데 계좌로 환불 가능한가요? 부탁드립니다.	52
52	이용권 변경으로 코인환불 요청	52
52	이용권 변경으로 해지 금액이 코인으로 들어와서 코인을 환불받으려고 합니다\n( 전화문으로 url온곳으로 문의등록을 했는데 로그인안하고 등록한거라 다시 등록합니다 )	23
52	이용권 변경으로 환불 받은 코인 전부다 계좌로 환불 받고싶어용	52
52	이용권 변경으로 환불 받은 코인 전액 계좌이체 원합니다	52
52	이용권 변경으로 환불 요청	52
52	이용권 변경으로 환불 요청합니다	52
52	이용권 변경으로 환불된 코인 계좌로 환불 부탁드립니다	52
52	이용권 변경으로 환불된 코인 본인 계좌로 환불요청합니다.	52
52	이용권 변경으로 환불된 코인을 계좌 환불 접수 위해 문의드립니다. 환불 금액 59,430 원 확인하였으며 입금 동의 위해 재문의 드립니다.	52
52	이용권 변경으로 환불요청합니다	52
52	이용권 변경으로 환불코인이 생겼는데 어떻게 현금으로 환불 받을수있나요?	52
52	이용권 변경으로차액이 코인으로 바뀌었는데 현금으로 환불 가능한가요??	52
52	이용권 변경을 원하여 환불요청합니다	52
52	이용권 변경을 위하여 환불 요청 드립니다.	23
52	이용권 변경을 위한 부분환불요청	52
52	이용권 변경을 위한 환불 부탁드립니다	23
52	이용권 변경을 위한 환불요청	23
52	이용권 변경을 위한 환불요청드립니다	23
52	이용권 변경을 위해 사용중인 이용권 환불 요청합니다	52
52	이용권 변경을 위해 환불 요청 드립니다	23
52	이용권 변경을 위해 환불 요청합니다.	23
52	이용권 변경을 위해 환불요청드립니다.	23
52	이용권 변경을 통해 부분 환불을 진행하였으나,\n\n안내창에서는 코인의 계좌이체가 가능하다고 하여 진행함\n\n변경 이후, 계좌이체 화면을 찾지 못해\n\n문의를 통해 계좌이체 요청드립니다.	52
52	이용권 변경을 하고 들어온 코인을 계좌환불 하고싶어요	52
52	이용권 변경을 하려고 하는데 오늘 자동결제 된 건에 관해 환불 요청 드립니다.	52
52	이용권 변경을 하며 받은 코인을 환불 받고 싶어요	52
52	이용권 변경하고 싶어요 환불해주세요	23
52	이용권 변경하고 차액이 코인으로 환불이 됐는데 계좌로 환불 받고 싶습니다\n웹으로는 방법이 없는 것 같아 문의 드립니다	52
52	이용권 변경하려고 합니다! 환불해주세요!	23
52	이용권 변경하면서 기존에 결제됐던 이용권의 차액을 코인으로 환불 받게 됐는데 코인이 아닌 돈으로 환불받고 싶어서 문의 드립니다	52
52	이용권 변경하면서 남은 사용기간의 요금을 코인으로 환불받은 금액 계좌로 환불 요청	52
52	이용권 변경하면서 차액분을 코인으로 받았는데 현재 이용권은 코인으로 결제가 안되는것으로 보입니다 그래서 현금으로 환불 받으려고 합니다	52
52	이용권 변경하면서 코인으로 적립된다고 하는데 계좌 환불 요청합니다	52
52	이용권 변경하면서 코인화된 잔액 계좌로 환불	52
52	이용권 변경하면서받은 코인 환불 받고 싶어요	52
52	이용권 변경할거에요 남은 기간 환불해주세요	23
52	이용권 변경해서 환불 부탁드립니다~	52
52	이용권 변경해요.\n받은 코인은 계좌로 환불해주세요	52
52	이용권 변경했는데 기존 요금제 5일 사용 금액 제외 환불 금액이 왜 69680원인지 궁금합니다 5일 사용분이 왜 한달 이용 금액보다 큰지요?\n코인으로 환급된 부분 계좌로 입금 요청합니다	52
52	이용권 변경했는데 이전에 결제한 건 환불해주세요 9000원짜리로 보려구요	23
52	이용권 변경후 남은 코인이 2950인데\n 환불해주세요	52
52	이용권 변경후 부분환불로 4760코인 들어왔습니다.\n4760 코인 계좌로 환불신청합니다.	52
52	이용권 변경후 잔여일자에 따라 코인이 지급되었던데 코인의 현금 환불을 희망합니다.	52
52	이용권 변경후 적립 코인?을 계좌이체 된다고 봤는데 어떻게 하는거죠?	52
52	이용권 변경후 차액을 코인으로 지급 한 것 같은데 \n\n10,900원 통장으로 입금 받고 싶습니다. \n\n방법을 알려 세요	52
52	이용권 변경후 환불이 코인으로 환불이 되어서  출금이 불가해졌습니다 빨리 통신사 환불 요청 해주세요	52
52	이용권 업그레이드 했는데 차액 추가 결제가 아닌 적립금으로 전 결제 금액 들어왔습니다. 환불 부탁드립니다.	52
52	이용권 잘못결제해서 뱐경 변경후 환불이 아닌 코인으로 받았ㄴ데 해당 코인을 환불받고싶습니다. 처리부탁드립니다.	52
52	이용권 중도 해지 신청합니다.\n다른 상품으로 변경하여 이용하려고 합니다.\n환불 접수합니다.	52
52	이용권 해지 및 환불 부탁드립니다. 이용권 바꾸고 싶어요.	23
52	이용권변경 직접했는데. 코인말고 계좌로 환불부탁드립니다	52
52	이용권변경 했어요.차액이 4천 얼마인데 정확한 금액을 모르겠어요. 환불 요청입니다.	52
52	이용권변경 환불요청	52
52	이용권변경 후 이용기간 제외한 환불금액이 코인으로 환불되어서\n계좌로 환불 요청드립니다.\n\n이용권 변경 할때 코인으로 환불 후 코인 인출가능하다는 내용을 봤는데\n다시 내용을 보려니까 페이지가 넘어가서 확인이 안되어서\n\n문의로 남깁니다.\n\n변경된 이용권은 계속 사용할 예정이라 코인으로 환불된 내역에 한해서만 환불진행하거나 추후 내용 안내부탁드립니다.	52
52	이용권변경등으로 인하여 코인으로 충전된 금액을 계좌로 환불받고자 함	52
52	이용권변경으로 남은 금액 코인으로 들어왔는데 전액 계좌이체로 환불 부탁드려요	52
52	이용권변경으로 받은 코인 전액 환불요청드립니다	52
52	이용권변경으로 발생한 코인 환불요청	52
52	이용권변경으로 부분 환불 금액을 코인으로 받았는데, 코인을 사용할 일이 없는데 계좌 환불 가능할까요??	52
52	이용권변경으로 빠른 취소 환불부탁드립니다	52
52	이용권변경으로 생긴 두건의 환불코인 다 환불 부탁드립니다.	52
52	이용권변경으로 인하여 현재 구독되어있는 연간회원권 해지및 환불 부탁드립니다	52
52	이용권변경으로 인한 기존 사용했던 연간이용권 잔여일 환불요청	52
52	이용권변경으로 인한 기존이용권 잔액 코인으로 변경 잔액코인환불요청	52
52	이용권변경으로 인해 코인으로 전환된 금액을 입금 요청합니다	52
52	이용권변경으로 인해, 기존이용권 남은금액을 코인으로 받게되었는데요.\n그 코인을 계좌입금환불 받고싶습니다.\n(그전에 더블이용권으로 변경시 계좌환불받았던걸로 기억합니다.)	52
52	이용권변경으로 지급된 환불코인을 계좌이체로 받고싶습니다.	52
52	이용권변경으로 차액을 코인으로 받았는데 계좌로 환불 신청드립니다.	52
52	지난 문의 이어서 질문드립니다.\n\n1. 잔여일에 따라 환불 되는 코인이 없을 수도 있다고 하셨는데 지금 제 이용권은 환불시 코인 지급이 되는지 궁금합니다. \n\n2. 된다면, 신규 이용권을 구매 한 후에 1:1 문의로 코인환불->계좌환불로 요청하는게 순서일까요? 아니면 코인을 받고 문의글을 남기나요?	52
52	코인 ->계좌로 송금부탁드립니다.	52
52	코인 계좌 환불 문의드립니다. \n\n임진경\n신한 110397809477	52
52	코인 계좌 환불요청 4860원	52
52	코인 계좌 환불은 어떻게 진행되나요?	52
52	코인 계좌로 환불 부탁드립니다. 감사합니다.	52
52	코인 계좌로 환불신청합니다	52
52	코인 계좌로 환불해주세요	52
52	코인 계좌환불 요청합니다	52
52	코인 계좌환불 원해요	52
52	코인 계좌환불 접수드립니다!	52
52	코인 금액 계좌로 환불 요청 할게요	52
52	코인 금액 은행 계좌로 받는 방법이 궁금합니다.	52
52	코인 모두 계좌로 환불 요청	52
52	코인 부분환불 요청드립니다.	52
52	코인 불필요해서 계좌로 환불문의	52
52	코인 사용법이 헷갈려서요\n계좌환불이 가능하다면 계좌로 환불받고 싶습니다\n방법 알려주세요	52
52	코인 잔액을 제계좌로 현금으로 환불하려고 하는데 가능한가요?	52
52	코인 적립된 금액 1900 \n계좌로 환불해주세요.	52
52	코인 전액 계좌로 환불 부탁드립니다.	52
52	코인 환불 가능한가요? 기존 자동결제로 나가고 있어서 보유 중인 코인 제 계좌로 이체하고 싶습니다.	52
52	코인 환불 신청 하고싶은데요, 이용권 차액금이 코인으로 적립이 되서요\n강현진 대구은행 09313082507 로 환불처리 바랍니다	52
52	코인 환불 요청드립니다.\n입금 계좌 신한은행 110413996270 윤별님	52
52	코인 환불(이용권변경으로 인한 코인발생 계좌로 입금 요망)	52
52	코인 환불계좌 등록	52
52	코인 환불부탁드립니다 (이용권변경으로인한)	52
52	코인 환불에 대한 입금동의 재문의 메일입니다.	23
52	코인금액 계좌로 환불 부탁드립니다.	52
52	코인말고 계좌로 환불 부탁드려요	52
52	코인으로 들어온 금액을 계좌로 받고싶어요	52
52	코인으로 받은거 계좌 환불 된다고 봤던거 같은데 어떻게 하나요?	52
52	코인으로 차액만큼 들어왔다는데 환불해주세요 코인으로 들어와있는 돈만큼 현금으로 다 환불 해주세요	52
52	코인으로 환불된 금액 전부 현금으로 환불 지급 부탁드립니다.	52
52	코인으로 환불된 금액은 고객센터에 요청하면 계좌이체로 환불받을 수 있다고 해서 문의 남깁니다.\n코인으로 환불된 금액 계좌이체로 환불 바랍니다.	52
52	코인으로 환불받은 금액 전부 계좌로 보내주세요.	52
52	코인을  계좌로 환불 해주세요	52
52	코인을 계좌로 돌려받을 수 있는 방법 안내 부탁드립니다	52
52	코인을 계좌로 받고 싶습니다.	52
52	코인을 계좌로 보내려고 하는데 어떻게 해야하나오	52
52	코인을 계좌로 환불  바랍니다	52
52	코인을 계좌로 환불 부탁드리겠습니다.	52
52	코인을 계좌이체를 통해 환불 받고 싶습니다.	52
52	코인을 현금으로 교환해 주세요.	52
52	코인을 현금으로 받고싶어요	52
52	코인을 현금으로 환불받을 수 있을까요?	52
52	코인을 현금으로 환불해주세요.	52
52	코인을 현금을 환불받고 싶어서 재문의 합니다.	52
52	코인환불 처리하려고 합니다. 빠르게 처리해 주시기 바랍니다. 부분환불 코인: 69680원 있습니다.	52
52	코인환불건 계좌로 환불 요청 드립니다	52
52	코인환불동의요.\n코인잔액을입금해주시는건가요?\n하나 201  910126  96607 유미영	52
52	코인회수 후, 7,900원 환불가능하다고 해서, \n계좌번호 남깁니다. \n감사합니다.	52
